{"type": "FeatureCollection", "features": [{"type": "Feature", "properties": {"zone": "Bunia", "province": "Ituri", "confirmed_cases": 1790, "confirmed_deaths": 594}, "geometry": {"type": "Polygon", "coordinates": [[[30.27006, 1.67114], [30.27097, 1.67046], [30.2794, 1.66969], [30.29092, 1.67136], [30.30321, 1.67221], [30.31314, 1.66662], [30.31847, 1.66181], [30.31954, 1.65685], [30.32142, 1.64813], [30.32978, 1.6385], [30.33228, 1.63045], [30.33278, 1.62882], [30.33726, 1.61436], [30.31717, 1.59656], [30.29867, 1.586], [30.2963, 1.57794], [30.29777, 1.56989], [30.29846, 1.56023], [30.29609, 1.55135], [30.27906, 1.53275], [30.2759, 1.52146], [30.27765, 1.51154], [30.27765, 1.51154], [30.27765, 1.51154], [30.26584, 1.49914], [30.25011, 1.49914], [30.23306, 1.49914], [30.20815, 1.50177], [30.18848, 1.50573], [30.16619, 1.50837], [30.13886, 1.5268], [30.12249, 1.54247], [30.11375, 1.55983], [30.10588, 1.56643], [30.10457, 1.57303], [30.10588, 1.57963], [30.11506, 1.5915], [30.12817, 1.60338], [30.13384, 1.60827], [30.14096, 1.60764], [30.14538, 1.60942], [30.14892, 1.61254], [30.1529, 1.61699], [30.15689, 1.62233], [30.16087, 1.62501], [30.1653, 1.62902], [30.17061, 1.63302], [30.1768, 1.63881], [30.18211, 1.6446], [30.18654, 1.65351], [30.18787, 1.65752], [30.18787, 1.66286], [30.183, 1.66821], [30.17503, 1.674], [30.17282, 1.678], [30.1737, 1.68201], [30.16905, 1.68613], [30.17829, 1.6902], [30.18756, 1.69749], [30.20248, 1.70689], [30.20277, 1.70115], [30.20508, 1.69933], [30.20964, 1.70076], [30.21372, 1.70403], [30.22364, 1.70087], [30.23668, 1.70012], [30.24665, 1.69936], [30.25753, 1.69327], [30.25768, 1.69319], [30.25797, 1.69303], [30.26099, 1.67995], [30.26115, 1.67925], [30.26115, 1.67925], [30.26157, 1.67743], [30.27006, 1.67114]]]}}, {"type": "Feature", "properties": {"zone": "Rwampara", "province": "Ituri", "confirmed_cases": 1118, "confirmed_deaths": 385}, "geometry": {"type": "Polygon", "coordinates": [[[29.99088, 1.66442], [30.00076, 1.65318], [30.01536, 1.65566], [30.03688, 1.66059], [30.05913, 1.66069], [30.06905, 1.65428], [30.08089, 1.63977], [30.09083, 1.65023], [30.0964, 1.66385], [30.11049, 1.67983], [30.11157, 1.68105], [30.12282, 1.69381], [30.12372, 1.69563], [30.12405, 1.69629], [30.12729, 1.70282], [30.13344, 1.69888], [30.13844, 1.69567], [30.14453, 1.69005], [30.15984, 1.68529], [30.16905, 1.68613], [30.1737, 1.68201], [30.17282, 1.678], [30.17503, 1.674], [30.183, 1.66821], [30.18787, 1.66286], [30.18787, 1.65752], [30.18654, 1.65351], [30.18211, 1.6446], [30.1768, 1.63881], [30.17061, 1.63302], [30.1653, 1.62902], [30.16087, 1.62501], [30.15689, 1.62233], [30.1529, 1.61699], [30.14892, 1.61254], [30.14538, 1.60942], [30.14096, 1.60764], [30.13384, 1.60827], [30.12817, 1.60338], [30.11506, 1.5915], [30.10588, 1.57963], [30.10457, 1.57303], [30.10588, 1.56643], [30.11375, 1.55983], [30.12249, 1.54247], [30.13886, 1.5268], [30.16619, 1.50837], [30.18848, 1.50573], [30.20815, 1.50177], [30.23306, 1.49914], [30.25011, 1.49914], [30.26584, 1.49914], [30.27765, 1.51154], [30.28169, 1.4887], [30.28912, 1.47889], [30.2958, 1.45411], [30.289, 1.43371], [30.29193, 1.4168], [30.29592, 1.41313], [30.29509, 1.4], [30.27296, 1.39857], [30.2544, 1.41071], [30.22941, 1.42356], [30.21514, 1.42713], [30.20157, 1.43783], [30.16588, 1.45425], [30.15398, 1.4614], [30.14804, 1.46496], [30.13162, 1.48209], [30.10806, 1.49851], [30.08879, 1.51633], [30.08596, 1.51895], [30.08524, 1.51962], [30.07951, 1.52492], [30.06309, 1.53991], [30.02454, 1.55633], [30.0017, 1.56276], [29.98385, 1.57989], [29.96958, 1.59631], [29.94673, 1.622], [29.93603, 1.64699], [29.93603, 1.65285], [29.93603, 1.65293], [29.93605, 1.65293], [29.94279, 1.65329], [29.94805, 1.65696], [29.96574, 1.67924], [29.9854, 1.70403], [29.99205, 1.71482], [29.99265, 1.71746], [29.99265, 1.71746], [29.9929, 1.71856], [29.99367, 1.72195], [29.9966, 1.72253], [29.99766, 1.72274], [29.99938, 1.72309], [30.0, 1.7238], [29.99734, 1.72884], [29.99782, 1.74126], [30.0, 1.74509], [30.02067, 1.74268], [30.02981, 1.73547], [30.03821, 1.72987], [30.03814, 1.72181], [30.03356, 1.71775], [30.01856, 1.70446], [30.01856, 1.70446], [29.99796, 1.6862], [29.99088, 1.66442]]]}}, {"type": "Feature", "properties": {"zone": "Mongbwalu", "province": "Ituri", "confirmed_cases": 710, "confirmed_deaths": 337}, "geometry": {"type": "Polygon", "coordinates": [[[29.89729, 2.0903], [29.90663, 2.09144], [29.92246, 2.07145], [29.93745, 2.08727], [29.93969, 2.08581], [29.9591, 2.07311], [29.9693, 2.07491], [29.97174, 2.07534], [29.98742, 2.07811], [30.00157, 2.08228], [30.00764, 2.08228], [30.01478, 2.08228], [30.0149, 2.08228], [30.03405, 2.0906], [30.04488, 2.0906], [30.04806, 2.08901], [30.04837, 2.08886], [30.04982, 2.08814], [30.05487, 2.08561], [30.06487, 2.07811], [30.07236, 2.06312], [30.09318, 2.0448], [30.10817, 2.04063], [30.12316, 2.03814], [30.13732, 2.03814], [30.14565, 2.03647], [30.15564, 2.02731], [30.16147, 2.00649], [30.16208, 1.99618], [30.16326, 1.99394], [30.16231, 1.99233], [30.16289, 1.98296], [30.16302, 1.98099], [30.16308, 1.98003], [30.16314, 1.97901], [30.16147, 1.96651], [30.16397, 1.94569], [30.16147, 1.93487], [30.15898, 1.92321], [30.15731, 1.90655], [30.15564, 1.89323], [30.15231, 1.8824], [30.14868, 1.87877], [30.14315, 1.87324], [30.12983, 1.86325], [30.11567, 1.85825], [30.10318, 1.85242], [30.08652, 1.84909], [30.06487, 1.84742], [30.05571, 1.84742], [30.04683, 1.8452], [30.04571, 1.84339], [30.04625, 1.83958], [30.04542, 1.83875], [30.04208, 1.83875], [30.04042, 1.83708], [30.04042, 1.83458], [30.03792, 1.83208], [30.03208, 1.83208], [30.03042, 1.83208], [30.02458, 1.82625], [30.02208, 1.82625], [30.02125, 1.82375], [30.02208, 1.82292], [30.02208, 1.82042], [30.02042, 1.81875], [30.01792, 1.81875], [30.01542, 1.81625], [30.01625, 1.81458], [30.01542, 1.81375], [30.01292, 1.81458], [30.01125, 1.81292], [30.01375, 1.80875], [30.01375, 1.80625], [30.01292, 1.80542], [30.01375, 1.80458], [30.01458, 1.80208], [30.01292, 1.79958], [30.01375, 1.79625], [30.01208, 1.79375], [30.01208, 1.79125], [30.01125, 1.79042], [30.00958, 1.79125], [30.00792, 1.79042], [30.00375, 1.79042], [29.99958, 1.79208], [29.99708, 1.79125], [29.99625, 1.78542], [29.99292, 1.78208], [29.99251, 1.78004], [29.99166, 1.77967], [29.98922, 1.779], [29.9785, 1.78428], [29.97552, 1.78574], [29.97552, 1.78575], [29.97432, 1.78634], [29.96808, 1.78942], [29.96215, 1.79234], [29.95522, 1.79575], [29.95148, 1.79751], [29.95144, 1.79753], [29.946, 1.8001], [29.94031, 1.80336], [29.94025, 1.80341], [29.94013, 1.80347], [29.93907, 1.80418], [29.89947, 1.83072], [29.8869, 1.83746], [29.86068, 1.85655], [29.8387, 1.87229], [29.81215, 1.89383], [29.78527, 1.91564], [29.72845, 1.96174], [29.72815, 1.96321], [29.72508, 1.97809], [29.71669, 1.98569], [29.7083, 1.997], [29.71793, 1.99823], [29.72198, 2.00959], [29.71651, 2.01627], [29.7147, 2.02502], [29.70899, 2.0294], [29.70671, 2.03309], [29.6906, 2.07643], [29.68222, 2.08123], [29.67176, 2.07676], [29.66966, 2.08099], [29.67007, 2.08936], [29.66461, 2.10109], [29.65203, 2.11341], [29.65034, 2.12554], [29.62391, 2.15579], [29.62311, 2.18417], [29.62284, 2.18722], [29.62302, 2.18718], [29.65599, 2.1894], [29.66332, 2.19422], [29.67063, 2.19305], [29.67452, 2.19489], [29.67595, 2.19424], [29.67605, 2.1942], [29.68069, 2.19212], [29.68688, 2.19671], [29.69031, 2.19762], [29.69556, 2.19485], [29.70265, 2.19507], [29.71705, 2.18952], [29.72209, 2.18482], [29.72218, 2.18474], [29.7264, 2.18081], [29.73463, 2.17315], [29.74126, 2.17152], [29.74503, 2.16934], [29.74765, 2.16783], [29.75175, 2.16423], [29.75471, 2.16164], [29.75537, 2.16107], [29.75802, 2.15874], [29.765, 2.15261], [29.77162, 2.14455], [29.77473, 2.13381], [29.77548, 2.1312], [29.7837, 2.1252], [29.78643, 2.11461], [29.79486, 2.10263], [29.80126, 2.09916], [29.80879, 2.09156], [29.82044, 2.08578], [29.8337, 2.083], [29.83986, 2.07815], [29.84809, 2.0786], [29.85266, 2.07675], [29.86868, 2.08039], [29.87529, 2.07463], [29.87872, 2.07347], [29.88214, 2.0684], [29.88603, 2.06724], [29.89515, 2.05572], [29.89721, 2.05618], [29.89768, 2.06607], [29.90181, 2.07296], [29.89682, 2.08885], [29.89729, 2.0903]]]}}, {"type": "Feature", "properties": {"zone": "Nizi", "province": "Ituri", "confirmed_cases": 792, "confirmed_deaths": 286}, "geometry": {"type": "Polygon", "coordinates": [[[30.34389, 1.83714], [30.35532, 1.81858], [30.3596, 1.80002], [30.36138, 1.79671], [30.36171, 1.79513], [30.36292, 1.79513], [30.36292, 1.79542], [30.36458, 1.79542], [30.36542, 1.79458], [30.36542, 1.78958], [30.36708, 1.78792], [30.37208, 1.78792], [30.37292, 1.78708], [30.37292, 1.78458], [30.37208, 1.78375], [30.37458, 1.78125], [30.37875, 1.78208], [30.38042, 1.78042], [30.38042, 1.77875], [30.38875, 1.77125], [30.38809, 1.77062], [30.39425, 1.76416], [30.39886, 1.75933], [30.402, 1.75116], [30.40442, 1.74878], [30.40334, 1.74769], [30.406, 1.74077], [30.41028, 1.73006], [30.41885, 1.72292], [30.40314, 1.7065], [30.38601, 1.69722], [30.37388, 1.69151], [30.36245, 1.68509], [30.35246, 1.67867], [30.34461, 1.67367], [30.3389, 1.66724], [30.32748, 1.66082], [30.32093, 1.65755], [30.31954, 1.65685], [30.31847, 1.66181], [30.31314, 1.66662], [30.30321, 1.67221], [30.29092, 1.67136], [30.2794, 1.66969], [30.27097, 1.67046], [30.27006, 1.67114], [30.27322, 1.67938], [30.27679, 1.68723], [30.27465, 1.69232], [30.27448, 1.69282], [30.27383, 1.69466], [30.2736, 1.69481], [30.27108, 1.70079], [30.26894, 1.70151], [30.26894, 1.70793], [30.26777, 1.71617], [30.26745, 1.7183], [30.26466, 1.73434], [30.26466, 1.74648], [30.25895, 1.75647], [30.25895, 1.76718], [30.25324, 1.78574], [30.25252, 1.79002], [30.2543, 1.7958], [30.25432, 1.79587], [30.25538, 1.7993], [30.25966, 1.80716], [30.25895, 1.81501], [30.25473, 1.81993], [30.25292, 1.82125], [30.26395, 1.82286], [30.27322, 1.82786], [30.2825, 1.83571], [30.30035, 1.83428], [30.3082, 1.82286], [30.31463, 1.83143], [30.32462, 1.83785], [30.34389, 1.83714]]]}}, {"type": "Feature", "properties": {"zone": "Katwa", "province": "Nord-Kivu", "confirmed_cases": 608, "confirmed_deaths": 373}, "geometry": {"type": "Polygon", "coordinates": [[[29.31869, 0.22463], [29.31977, 0.22359], [29.32029, 0.22309], [29.32056, 0.22282], [29.32184, 0.22084], [29.32197, 0.22063], [29.3221, 0.22043], [29.32234, 0.22006], [29.32253, 0.21968], [29.32443, 0.21595], [29.33063, 0.20564], [29.33181, 0.20381], [29.33271, 0.19941], [29.33322, 0.19702], [29.33358, 0.19557], [29.33371, 0.19335], [29.33371, 0.18978], [29.33395, 0.18716], [29.33327, 0.1853], [29.33308, 0.18393], [29.33125, 0.18208], [29.33375, 0.18125], [29.33458, 0.17958], [29.33458, 0.17542], [29.33458, 0.17375], [29.33606, 0.17178], [29.33708, 0.17042], [29.33708, 0.16625], [29.33958, 0.16375], [29.34037, 0.15591], [29.34048, 0.15558], [29.34049, 0.15555], [29.34051, 0.15548], [29.34075, 0.15479], [29.341, 0.15464], [29.34148, 0.15435], [29.34179, 0.15404], [29.34301, 0.15266], [29.34542, 0.14625], [29.34625, 0.13875], [29.34542, 0.13792], [29.34542, 0.13458], [29.34651, 0.13169], [29.34792, 0.12958], [29.35292, 0.12542], [29.35292, 0.12292], [29.35458, 0.12042], [29.35458, 0.11375], [29.35875, 0.11042], [29.36042, 0.10708], [29.36292, 0.10542], [29.36458, 0.10625], [29.37125, 0.10125], [29.37292, 0.09875], [29.37208, 0.09583], [29.37131, 0.09484], [29.37305, 0.09239], [29.37369, 0.0915], [29.37345, 0.09055], [29.37105, 0.08902], [29.36878, 0.08735], [29.36641, 0.08534], [29.36542, 0.08439], [29.36346, 0.08199], [29.3625, 0.07645], [29.36227, 0.07509], [29.36227, 0.07128], [29.36036, 0.0708], [29.35727, 0.0708], [29.35346, 0.07128], [29.35108, 0.07128], [29.34989, 0.07009], [29.34799, 0.06795], [29.34751, 0.06509], [29.34639, 0.06263], [29.34576, 0.06036], [29.34528, 0.0589], [29.34473, 0.05908], [29.34131, 0.06049], [29.34057, 0.05972], [29.33551, 0.06049], [29.33368, 0.05713], [29.3313, 0.05713], [29.32635, 0.05381], [29.32208, 0.05542], [29.32125, 0.05792], [29.31848, 0.06055], [29.31708, 0.06125], [29.31625, 0.06042], [29.31458, 0.06208], [29.31125, 0.06208], [29.30875, 0.05958], [29.30218, 0.06123], [29.30125, 0.06208], [29.30125, 0.06458], [29.29708, 0.06875], [29.29208, 0.07042], [29.28803, 0.07379], [29.28708, 0.07458], [29.28622, 0.07631], [29.28458, 0.07958], [29.28458, 0.08375], [29.28792, 0.08708], [29.28292, 0.09292], [29.28292, 0.09625], [29.28321, 0.09637], [29.28343, 0.09633], [29.28357, 0.09648], [29.28388, 0.09664], [29.28424, 0.09669], [29.28432, 0.0967], [29.28454, 0.0967], [29.28483, 0.0967], [29.28543, 0.09667], [29.28571, 0.09632], [29.2861, 0.09552], [29.28618, 0.09534], [29.28634, 0.09481], [29.28659, 0.09446], [29.28697, 0.09427], [29.28751, 0.09415], [29.28831, 0.09422], [29.28918, 0.09433], [29.29017, 0.09372], [29.29091, 0.09336], [29.29145, 0.09339], [29.29195, 0.09367], [29.29243, 0.09392], [29.29277, 0.09433], [29.29296, 0.09503], [29.29296, 0.09553], [29.29261, 0.09594], [29.29208, 0.09629], [29.29113, 0.09714], [29.29022, 0.09806], [29.29006, 0.09821], [29.28993, 0.0984], [29.28993, 0.09881], [29.29009, 0.09916], [29.29047, 0.09932], [29.29151, 0.09982], [29.29249, 0.1003], [29.29391, 0.10113], [29.29502, 0.1018], [29.29537, 0.10201], [29.29486, 0.10349], [29.29413, 0.10511], [29.29413, 0.1057], [29.2943, 0.10622], [29.29472, 0.10656], [29.29592, 0.10683], [29.29628, 0.10694], [29.29648, 0.10707], [29.29653, 0.1073], [29.29645, 0.10749], [29.29597, 0.10797], [29.29554, 0.10852], [29.29536, 0.10918], [29.29468, 0.10988], [29.2943, 0.11036], [29.2941, 0.11095], [29.29417, 0.11146], [29.29441, 0.11228], [29.29464, 0.11283], [29.29511, 0.11388], [29.29525, 0.1142], [29.29527, 0.11426], [29.29528, 0.11447], [29.2953, 0.11478], [29.2952, 0.1154], [29.29492, 0.11628], [29.29467, 0.11697], [29.29461, 0.11712], [29.29423, 0.11759], [29.29395, 0.11795], [29.29382, 0.11812], [29.2938, 0.11817], [29.29361, 0.11859], [29.29354, 0.11875], [29.29356, 0.11895], [29.29357, 0.11924], [29.29358, 0.11937], [29.29354, 0.11965], [29.29351, 0.11988], [29.2935, 0.1199], [29.29316, 0.12037], [29.29275, 0.12064], [29.29244, 0.12101], [29.29241, 0.12106], [29.29234, 0.12154], [29.29256, 0.12172], [29.29275, 0.12188], [29.29304, 0.12215], [29.2932, 0.1223], [29.29358, 0.12282], [29.29367, 0.12329], [29.29379, 0.12385], [29.29362, 0.12443], [29.29351, 0.12482], [29.29323, 0.1252], [29.29299, 0.12561], [29.29293, 0.12601], [29.29292, 0.12606], [29.29295, 0.12671], [29.29296, 0.12699], [29.29295, 0.12708], [29.29286, 0.12811], [29.29279, 0.12883], [29.2927, 0.12982], [29.29264, 0.13052], [29.29256, 0.13138], [29.29247, 0.13237], [29.29237, 0.13334], [29.29237, 0.13347], [29.29234, 0.13396], [29.29227, 0.13548], [29.29227, 0.13711], [29.29228, 0.1375], [29.29233, 0.13886], [29.29257, 0.14029], [29.29275, 0.14119], [29.29285, 0.1417], [29.29297, 0.14203], [29.29349, 0.1436], [29.29357, 0.14379], [29.29375, 0.14415], [29.29405, 0.14481], [29.2943, 0.14563], [29.2943, 0.14615], [29.2943, 0.14701], [29.29427, 0.14727], [29.29418, 0.14785], [29.29378, 0.14964], [29.29367, 0.15019], [29.29358, 0.15074], [29.29336, 0.15218], [29.29324, 0.15309], [29.29323, 0.15321], [29.29323, 0.15333], [29.29325, 0.15459], [29.29307, 0.15686], [29.29346, 0.15804], [29.29367, 0.1586], [29.29385, 0.15896], [29.29426, 0.15979], [29.29429, 0.16033], [29.29423, 0.16075], [29.2941, 0.16102], [29.29405, 0.16111], [29.29397, 0.16119], [29.29385, 0.16132], [29.29379, 0.16173], [29.29384, 0.16218], [29.29398, 0.16271], [29.29429, 0.16296], [29.29448, 0.16305], [29.29496, 0.16328], [29.29524, 0.16362], [29.29553, 0.16409], [29.29579, 0.16445], [29.29636, 0.16489], [29.29656, 0.16525], [29.29717, 0.16605], [29.29746, 0.16643], [29.29791, 0.16691], [29.2984, 0.16732], [29.29959, 0.16802], [29.30026, 0.16832], [29.30089, 0.16874], [29.30159, 0.16955], [29.30228, 0.17012], [29.3026, 0.17045], [29.30262, 0.17076], [29.3027, 0.17103], [29.30528, 0.17361], [29.30678, 0.17512], [29.30708, 0.17542], [29.30708, 0.17593], [29.30708, 0.17708], [29.31208, 0.18292], [29.3112, 0.18375], [29.31054, 0.18436], [29.30542, 0.18875], [29.30542, 0.19375], [29.30613, 0.19446], [29.30708, 0.19542], [29.30792, 0.19458], [29.31042, 0.19625], [29.31105, 0.20135], [29.31119, 0.20296], [29.31286, 0.20463], [29.31286, 0.2063], [29.31534, 0.20805], [29.31606, 0.20855], [29.31835, 0.21046], [29.31885, 0.21088], [29.32036, 0.21213], [29.32077, 0.21358], [29.3209, 0.21405], [29.32103, 0.21448], [29.32138, 0.21571], [29.32197, 0.21779], [29.32201, 0.21791], [29.32202, 0.21796], [29.32188, 0.21811], [29.31952, 0.22046], [29.31934, 0.22139], [29.31873, 0.22441], [29.31869, 0.22463]]]}}, {"type": "Feature", "properties": {"zone": "Lita", "province": "Ituri", "confirmed_cases": 295, "confirmed_deaths": 148}, "geometry": {"type": "Polygon", "coordinates": [[[30.48864, 1.59367], [30.48804, 1.59372], [30.47952, 1.59443], [30.46882, 1.58658], [30.46239, 1.57944], [30.46096, 1.56873], [30.45097, 1.56088], [30.44455, 1.55874], [30.44098, 1.55017], [30.43384, 1.54375], [30.42813, 1.53733], [30.42313, 1.52233], [30.41599, 1.50592], [30.40386, 1.49664], [30.38673, 1.4895], [30.38103, 1.48782], [30.37459, 1.48593], [30.3596, 1.4638], [30.35175, 1.45024], [30.3515, 1.44851], [30.35126, 1.44848], [30.34122, 1.44038], [30.34154, 1.43191], [30.34185, 1.42346], [30.34101, 1.41379], [30.33415, 1.41051], [30.33253, 1.40973], [30.32218, 1.41041], [30.32051, 1.41052], [30.3131, 1.41101], [30.31021, 1.4112], [30.29802, 1.41119], [30.29592, 1.41313], [30.29193, 1.4168], [30.289, 1.43371], [30.2958, 1.45411], [30.28912, 1.47889], [30.28169, 1.4887], [30.27765, 1.51154], [30.27765, 1.51154], [30.27765, 1.51154], [30.2759, 1.52146], [30.27906, 1.53275], [30.29609, 1.55135], [30.29846, 1.56023], [30.29777, 1.56989], [30.2963, 1.57794], [30.29867, 1.586], [30.31717, 1.59656], [30.33726, 1.61436], [30.33278, 1.62882], [30.33228, 1.63045], [30.32978, 1.6385], [30.32142, 1.64813], [30.31954, 1.65685], [30.32093, 1.65755], [30.32748, 1.66082], [30.3389, 1.66724], [30.34461, 1.67367], [30.35246, 1.67867], [30.36245, 1.68509], [30.37388, 1.69151], [30.38601, 1.69722], [30.40314, 1.7065], [30.41885, 1.72292], [30.41028, 1.73006], [30.406, 1.74077], [30.40334, 1.74769], [30.40442, 1.74878], [30.40553, 1.74768], [30.41167, 1.74517], [30.41739, 1.7416], [30.42452, 1.73874], [30.42809, 1.72518], [30.43095, 1.72161], [30.43238, 1.71376], [30.43951, 1.70091], [30.45308, 1.69734], [30.45736, 1.69377], [30.46593, 1.68592], [30.47111, 1.68649], [30.46715, 1.68217], [30.46418, 1.67325], [30.46231, 1.66953], [30.46056, 1.66603], [30.45823, 1.66135], [30.45644, 1.65124], [30.46001, 1.63994], [30.47013, 1.62745], [30.47964, 1.61793], [30.49214, 1.60544], [30.48874, 1.59573], [30.48864, 1.59367]]]}}, {"type": "Feature", "properties": {"zone": "Nyankunde", "province": "Ituri", "confirmed_cases": 130, "confirmed_deaths": 37}, "geometry": {"type": "Polygon", "coordinates": [[[29.94673, 1.622], [29.96958, 1.59631], [29.98385, 1.57989], [30.0017, 1.56276], [30.02454, 1.55633], [30.06309, 1.53991], [30.07951, 1.52492], [30.08524, 1.51962], [30.08596, 1.51895], [30.08879, 1.51633], [30.10806, 1.49851], [30.13162, 1.48209], [30.14804, 1.46496], [30.15398, 1.4614], [30.15378, 1.45868], [30.11594, 1.4287], [30.11371, 1.42524], [30.11048, 1.42024], [30.10167, 1.40657], [30.09453, 1.37945], [30.09024, 1.3459], [30.07525, 1.34733], [30.06526, 1.33805], [30.0517, 1.34304], [30.03028, 1.35732], [30.00744, 1.36017], [29.98674, 1.35875], [29.98674, 1.34661], [29.98531, 1.32877], [29.97103, 1.31877], [29.97058, 1.31897], [29.95105, 1.32734], [29.94537, 1.33165], [29.94469, 1.33217], [29.94441, 1.33238], [29.9332, 1.3409], [29.90964, 1.37802], [29.89251, 1.39587], [29.85611, 1.42228], [29.83469, 1.43941], [29.83293, 1.4379], [29.82875, 1.43458], [29.82375, 1.42875], [29.82042, 1.42958], [29.81625, 1.43458], [29.81625, 1.43958], [29.81208, 1.44542], [29.81208, 1.44958], [29.81042, 1.45125], [29.80792, 1.45125], [29.80542, 1.44958], [29.80542, 1.44792], [29.80042, 1.44292], [29.79875, 1.44625], [29.79875, 1.44875], [29.79708, 1.45042], [29.79542, 1.45042], [29.79125, 1.45458], [29.78958, 1.45792], [29.78792, 1.45875], [29.78708, 1.45958], [29.78625, 1.46042], [29.77292, 1.46042], [29.76958, 1.45625], [29.76958, 1.45292], [29.76375, 1.44875], [29.75958, 1.44625], [29.75542, 1.44625], [29.75375, 1.44708], [29.75125, 1.44625], [29.74875, 1.44375], [29.74708, 1.44375], [29.73958, 1.43542], [29.73958, 1.44208], [29.73792, 1.44208], [29.73375, 1.43875], [29.73208, 1.43875], [29.72958, 1.43625], [29.72894, 1.43609], [29.72659, 1.4355], [29.72625, 1.43542], [29.72484, 1.43662], [29.72459, 1.43763], [29.7244, 1.4384], [29.7242, 1.4392], [29.72416, 1.43938], [29.72417, 1.44375], [29.72611, 1.44994], [29.72646, 1.45104], [29.7268, 1.45215], [29.72785, 1.45547], [29.73541, 1.47017], [29.73765, 1.47818], [29.74369, 1.49983], [29.74689, 1.50166], [29.74713, 1.50649], [29.7533, 1.50901], [29.75468, 1.51107], [29.75378, 1.51797], [29.75767, 1.52464], [29.75654, 1.52901], [29.76089, 1.53475], [29.76893, 1.55819], [29.76881, 1.56173], [29.76878, 1.56271], [29.76872, 1.56463], [29.77808, 1.56255], [29.77984, 1.56306], [29.78084, 1.56336], [29.78197, 1.56369], [29.78998, 1.57471], [29.78999, 1.57471], [29.78999, 1.57471], [29.80336, 1.58407], [29.80359, 1.58423], [29.8044, 1.5848], [29.81767, 1.59122], [29.8208, 1.59045], [29.82354, 1.58977], [29.83658, 1.58656], [29.85082, 1.5863], [29.86772, 1.58239], [29.89053, 1.5775], [29.89754, 1.5803], [29.90197, 1.58207], [29.90405, 1.59219], [29.91123, 1.60709], [29.91123, 1.60709], [29.91125, 1.60708], [29.91125, 1.60713], [29.912, 1.6087], [29.91289, 1.61053], [29.91353, 1.61186], [29.91625, 1.61751], [29.91643, 1.6179], [29.91667, 1.61838], [29.91736, 1.62321], [29.91924, 1.62577], [29.92015, 1.627], [29.92057, 1.62757], [29.92101, 1.62958], [29.92132, 1.631], [29.92219, 1.63493], [29.93067, 1.64963], [29.93433, 1.65284], [29.93603, 1.65293], [29.93603, 1.65285], [29.93603, 1.64699], [29.94673, 1.622]]]}}, {"type": "Feature", "properties": {"zone": "Nia-Nia", "province": "Ituri", "confirmed_cases": 314, "confirmed_deaths": 175}, "geometry": {"type": "Polygon", "coordinates": [[[27.80376, 1.82847], [27.81333, 1.8283], [27.81524, 1.82831], [27.82148, 1.82861], [27.82879, 1.82895], [27.83267, 1.82869], [27.84083, 1.82813], [27.84579, 1.82779], [27.84721, 1.8277], [27.8486, 1.82523], [27.85041, 1.82203], [27.85302, 1.81739], [27.85696, 1.81042], [27.86314, 1.79945], [27.86736, 1.79197], [27.87827, 1.77874], [27.8858, 1.77861], [27.89171, 1.7859], [27.89249, 1.78687], [27.90086, 1.79416], [27.91009, 1.77631], [27.92016, 1.76124], [27.92112, 1.7591], [27.92114, 1.75906], [27.92468, 1.75115], [27.93465, 1.73073], [27.93823, 1.72113], [27.94246, 1.72046], [27.94611, 1.72621], [27.93994, 1.73242], [27.94131, 1.7384], [27.93992, 1.74318], [27.9397, 1.74392], [27.9413, 1.74853], [27.94606, 1.74929], [27.95661, 1.75381], [27.96267, 1.75583], [27.98173, 1.75572], [28.00686, 1.75132], [28.0211, 1.74688], [28.07651, 1.72697], [28.08155, 1.72516], [28.11243, 1.71407], [28.15391, 1.70169], [28.16388, 1.69729], [28.16572, 1.69648], [28.1803, 1.69005], [28.19873, 1.686], [28.20921, 1.68302], [28.22846, 1.68406], [28.22969, 1.68386], [28.229, 1.67921], [28.22131, 1.62714], [28.19453, 1.58741], [28.19086, 1.58196], [28.1867, 1.5758], [28.18334, 1.5708], [28.171, 1.55249], [28.21165, 1.48502], [28.24036, 1.4561], [28.27145, 1.41031], [28.31207, 1.29467], [28.35272, 1.22239], [28.38461, 1.1827], [28.39125, 1.17292], [28.40125, 1.17042], [28.41458, 1.16792], [28.41458, 1.15458], [28.42125, 1.14625], [28.43165, 1.13625], [28.43164, 1.10673], [28.43026, 1.10434], [28.40529, 1.06098], [28.36938, 1.01764], [28.34785, 1.03451], [28.24254, 0.99119], [28.16592, 0.86355], [28.16829, 0.81296], [28.17985, 0.68459], [28.17985, 0.68459], [28.17985, 0.68457], [28.17985, 0.68457], [28.17006, 0.68488], [28.1591, 0.68522], [28.15491, 0.68467], [28.14071, 0.68281], [28.13183, 0.6811], [28.12974, 0.6807], [28.12866, 0.68049], [28.12696, 0.68016], [28.12673, 0.68012], [28.12671, 0.68012], [28.12628, 0.68003], [28.12535, 0.67977], [28.12389, 0.67935], [28.12383, 0.67933], [28.12345, 0.67922], [28.1234, 0.67921], [28.12336, 0.6792], [28.11654, 0.67725], [28.10627, 0.67502], [28.10601, 0.67496], [28.1054, 0.67483], [28.10536, 0.67482], [28.10534, 0.67481], [28.09599, 0.67344], [28.08821, 0.67527], [28.08792, 0.67533], [28.08787, 0.67535], [28.08786, 0.67535], [28.08759, 0.67541], [28.08736, 0.67547], [28.08673, 0.67562], [28.08582, 0.67586], [28.08582, 0.67586], [28.08566, 0.6759], [28.07385, 0.67894], [28.06952, 0.67641], [28.06815, 0.66423], [28.06176, 0.66331], [28.05035, 0.6532], [28.0451, 0.6509], [28.04373, 0.64653], [28.04442, 0.6424], [28.04282, 0.63964], [28.03908, 0.63801], [28.02753, 0.63297], [28.02274, 0.63343], [28.01794, 0.63619], [28.01088, 0.64981], [27.98536, 0.68233], [27.98158, 0.68714], [27.97557, 0.69481], [27.97029, 0.70154], [27.9693, 0.70279], [27.96744, 0.70517], [27.96683, 0.70595], [27.96239, 0.71185], [27.94799, 0.73109], [27.93836, 0.74393], [27.93453, 0.74895], [27.94373, 0.75716], [27.94624, 0.76177], [27.9387, 0.76563], [27.93615, 0.78989], [27.94084, 0.80434], [27.94182, 0.80733], [27.94284, 0.81047], [27.94285, 0.8105], [27.94352, 0.81258], [27.94391, 0.81377], [27.94937, 0.83057], [27.95249, 0.84019], [27.9545, 0.84637], [27.96049, 0.85825], [27.97056, 0.87822], [27.97572, 0.88845], [27.97966, 0.89628], [27.98707, 0.91097], [27.99501, 0.92293], [28.00074, 0.93313], [27.99297, 0.93037], [27.98795, 0.93083], [27.98498, 0.93865], [27.98201, 0.94072], [27.97425, 0.94025], [27.96535, 0.93152], [27.95758, 0.92715], [27.95074, 0.92117], [27.94571, 0.92025], [27.92927, 0.92254], [27.92471, 0.92645], [27.92265, 0.93104], [27.91968, 0.93265], [27.91671, 0.93173], [27.91238, 0.92552], [27.90713, 0.92506], [27.89251, 0.93402], [27.88612, 0.93149], [27.87773, 0.94644], [27.89755, 0.97208], [27.89931, 0.97435], [27.91107, 0.98956], [27.92246, 1.0043], [27.92872, 1.01676], [27.93608, 1.03702], [27.93334, 1.04277], [27.92671, 1.04645], [27.91712, 1.04713], [27.91027, 1.04598], [27.90479, 1.04322], [27.89543, 1.04897], [27.8751, 1.0508], [27.86346, 1.04573], [27.86095, 1.04297], [27.86072, 1.03953], [27.85296, 1.03883], [27.84748, 1.04182], [27.84428, 1.04596], [27.83537, 1.04986], [27.83126, 1.05354], [27.82805, 1.06158], [27.8244, 1.06342], [27.82157, 1.06321], [27.80841, 1.06226], [27.80294, 1.05996], [27.79563, 1.06088], [27.78695, 1.06501], [27.78284, 1.06524], [27.77302, 1.05834], [27.76936, 1.06569], [27.75703, 1.0735], [27.75315, 1.07373], [27.74675, 1.06729], [27.74082, 1.06844], [27.73897, 1.09303], [27.7408, 1.09878], [27.73782, 1.10913], [27.73941, 1.12154], [27.77091, 1.14961], [27.75929, 1.18581], [27.75637, 1.19488], [27.75551, 1.21165], [27.77853, 1.22102], [27.78355, 1.22884], [27.76803, 1.24448], [27.76508, 1.25664], [27.77719, 1.28249], [27.78261, 1.30148], [27.77379, 1.30872], [27.77037, 1.30734], [27.76511, 1.3078], [27.75551, 1.31331], [27.75071, 1.32043], [27.73998, 1.32203], [27.73335, 1.32503], [27.72672, 1.33146], [27.71507, 1.33352], [27.71141, 1.33559], [27.70021, 1.34869], [27.68239, 1.35098], [27.67668, 1.35052], [27.66389, 1.34384], [27.65064, 1.34476], [27.64562, 1.34107], [27.63923, 1.34106], [27.63351, 1.34106], [27.628, 1.34315], [27.62687, 1.34454], [27.6266, 1.34486], [27.62345, 1.34864], [27.6207, 1.35853], [27.61636, 1.36175], [27.61271, 1.36243], [27.60767, 1.35783], [27.60607, 1.35464], [27.59946, 1.34145], [27.59925, 1.34104], [27.59582, 1.33943], [27.58877, 1.34011], [27.58165, 1.34079], [27.57594, 1.33918], [27.5723, 1.33987], [27.5707, 1.34332], [27.57114, 1.35319], [27.56885, 1.35964], [27.56269, 1.36704], [27.55718, 1.37366], [27.54393, 1.381], [27.53387, 1.38951], [27.52129, 1.4102], [27.51625, 1.41525], [27.5062, 1.41616], [27.50026, 1.41892], [27.49431, 1.42604], [27.49202, 1.43639], [27.48898, 1.4404], [27.48836, 1.44121], [27.48401, 1.44627], [27.48262, 1.45288], [27.48112, 1.46082], [27.48028, 1.46548], [27.47827, 1.47662], [27.48032, 1.48766], [27.47826, 1.49295], [27.46248, 1.50903], [27.45607, 1.52444], [27.45146, 1.53168], [27.4492, 1.53524], [27.44965, 1.54697], [27.44699, 1.5546], [27.47364, 1.56067], [27.4887, 1.56785], [27.50469, 1.57025], [27.51247, 1.56519], [27.52458, 1.56451], [27.53166, 1.56245], [27.54241, 1.55579], [27.55155, 1.55465], [27.56003, 1.5487], [27.56434, 1.54569], [27.57418, 1.53879], [27.58082, 1.52983], [27.58718, 1.51257], [27.58637, 1.49816], [27.58095, 1.47498], [27.5839, 1.46189], [27.60778, 1.45355], [27.61825, 1.45337], [27.62369, 1.46118], [27.63581, 1.4754], [27.65046, 1.47793], [27.66345, 1.47444], [27.67393, 1.46401], [27.69153, 1.45811], [27.71582, 1.45349], [27.72824, 1.45211], [27.75058, 1.44961], [27.77349, 1.44325], [27.77349, 1.4467], [27.76799, 1.4598], [27.75063, 1.46439], [27.74948, 1.46899], [27.75085, 1.47359], [27.75656, 1.47796], [27.77529, 1.48326], [27.79129, 1.48419], [27.79677, 1.48994], [27.79905, 1.49477], [27.79973, 1.50213], [27.80361, 1.50444], [27.8112, 1.52487], [27.80656, 1.54451], [27.7923, 1.56291], [27.79182, 1.56358], [27.773, 1.58979], [27.76125, 1.60768], [27.75622, 1.61196], [27.74911, 1.6079], [27.7399, 1.60481], [27.7265, 1.60691], [27.71561, 1.60896], [27.70725, 1.59422], [27.70139, 1.59153], [27.69385, 1.59445], [27.67711, 1.59103], [27.6658, 1.59076], [27.65618, 1.58489], [27.64573, 1.57297], [27.64154, 1.57165], [27.63692, 1.58337], [27.6431, 1.65447], [27.61995, 1.67966], [27.59613, 1.70557], [27.56873, 1.74494], [27.5674, 1.74686], [27.56005, 1.75741], [27.55333, 1.77336], [27.5558, 1.79937], [27.56665, 1.82804], [27.57835, 1.84458], [27.58505, 1.84726], [27.60601, 1.83199], [27.6278, 1.82136], [27.63067, 1.82047], [27.64354, 1.81648], [27.65103, 1.81416], [27.6541, 1.81358], [27.65572, 1.81327], [27.66631, 1.81129], [27.68225, 1.80829], [27.69397, 1.81553], [27.70095, 1.82454], [27.70546, 1.83035], [27.70832, 1.83403], [27.7132, 1.84032], [27.71654, 1.84585], [27.73913, 1.85754], [27.75002, 1.85642], [27.76343, 1.85246], [27.7693, 1.84584], [27.77517, 1.83736], [27.77575, 1.8367], [27.78117, 1.8306], [27.78179, 1.8299], [27.78272, 1.82884], [27.79156, 1.82869], [27.80376, 1.82847]]]}}, {"type": "Feature", "properties": {"zone": "Mangala", "province": "Ituri", "confirmed_cases": 366, "confirmed_deaths": 157}, "geometry": {"type": "Polygon", "coordinates": [[[30.49779, 2.14862], [30.50162, 2.14099], [30.50399, 2.13861], [30.51875, 2.12386], [30.52303, 2.11672], [30.52303, 2.10815], [30.52446, 2.09744], [30.52303, 2.08388], [30.52732, 2.0746], [30.53374, 2.06532], [30.5366, 2.06104], [30.53675, 2.06081], [30.53684, 2.06067], [30.53945, 2.05676], [30.54445, 2.04462], [30.54607, 2.03617], [30.54802, 2.02606], [30.54873, 2.01107], [30.54792, 2.00292], [30.54292, 1.99875], [30.53958, 1.99875], [30.53625, 1.99542], [30.53375, 1.99292], [30.53375, 1.98958], [30.53208, 1.98792], [30.52958, 1.98792], [30.52625, 1.98542], [30.52458, 1.98375], [30.52292, 1.98208], [30.52292, 1.97958], [30.52042, 1.97375], [30.52042, 1.97208], [30.52208, 1.97042], [30.52208, 1.96458], [30.51958, 1.96208], [30.51542, 1.96208], [30.50792, 1.95375], [30.50625, 1.94958], [30.50375, 1.94792], [30.50542, 1.94625], [30.50542, 1.94458], [30.50292, 1.94208], [30.50125, 1.94042], [30.49875, 1.94042], [30.49625, 1.93792], [30.49208, 1.93792], [30.48875, 1.93542], [30.48042, 1.93542], [30.47625, 1.93208], [30.47375, 1.93292], [30.47125, 1.93208], [30.46958, 1.92958], [30.46958, 1.92625], [30.46708, 1.92375], [30.46708, 1.92125], [30.46125, 1.91708], [30.46125, 1.91625], [30.45792, 1.91375], [30.45292, 1.90792], [30.45625, 1.90208], [30.44958, 1.89458], [30.44458, 1.89125], [30.44542, 1.89042], [30.44542, 1.88792], [30.44708, 1.88625], [30.44708, 1.88292], [30.44792, 1.88208], [30.44708, 1.88042], [30.44458, 1.87458], [30.44375, 1.87125], [30.44292, 1.87042], [30.43958, 1.87042], [30.43375, 1.86625], [30.43208, 1.86458], [30.43208, 1.86208], [30.43042, 1.86042], [30.42792, 1.86042], [30.42458, 1.85792], [30.42208, 1.85458], [30.41875, 1.85292], [30.41708, 1.85042], [30.41542, 1.85042], [30.41292, 1.84875], [30.41292, 1.84625], [30.41208, 1.84542], [30.41292, 1.84458], [30.41292, 1.83958], [30.40958, 1.83625], [30.41042, 1.83542], [30.40875, 1.83208], [30.40542, 1.82875], [30.40375, 1.82875], [30.39625, 1.82125], [30.39458, 1.82125], [30.39208, 1.82292], [30.39125, 1.82208], [30.39208, 1.81958], [30.38958, 1.81792], [30.38875, 1.81542], [30.38375, 1.81375], [30.38458, 1.81292], [30.38375, 1.81208], [30.38458, 1.81042], [30.38208, 1.80625], [30.37875, 1.80375], [30.37792, 1.79708], [30.37708, 1.79625], [30.37208, 1.79292], [30.36875, 1.79625], [30.36458, 1.79542], [30.36292, 1.79542], [30.36292, 1.79513], [30.36171, 1.79513], [30.36138, 1.79671], [30.3596, 1.80002], [30.35532, 1.81858], [30.34389, 1.83714], [30.32462, 1.83785], [30.31463, 1.83143], [30.3082, 1.82286], [30.30035, 1.83428], [30.2825, 1.83571], [30.27322, 1.82786], [30.26395, 1.82286], [30.25292, 1.82125], [30.25292, 1.82792], [30.25458, 1.82958], [30.25458, 1.83125], [30.25208, 1.83375], [30.25125, 1.83958], [30.24875, 1.84208], [30.25042, 1.84458], [30.25708, 1.85125], [30.25732, 1.85624], [30.25734, 1.85657], [30.25792, 1.86875], [30.25875, 1.87042], [30.25708, 1.87208], [30.25625, 1.87875], [30.2507, 1.88523], [30.24984, 1.88623], [30.24625, 1.89042], [30.24375, 1.89125], [30.24458, 1.89625], [30.24208, 1.89958], [30.24292, 1.90792], [30.24208, 1.90958], [30.24542, 1.91125], [30.24625, 1.91292], [30.24958, 1.91708], [30.25125, 1.91792], [30.26042, 1.91125], [30.26375, 1.91125], [30.26625, 1.90875], [30.26542, 1.90542], [30.26625, 1.90375], [30.26792, 1.90208], [30.27042, 1.90208], [30.27208, 1.89958], [30.27875, 1.89875], [30.27958, 1.89958], [30.28125, 1.89875], [30.28458, 1.90042], [30.28875, 1.90542], [30.29458, 1.90458], [30.29708, 1.90458], [30.29875, 1.90625], [30.29792, 1.91792], [30.29792, 1.92292], [30.29542, 1.92625], [30.29958, 1.93208], [30.30208, 1.93292], [30.30292, 1.93708], [30.30208, 1.93958], [30.29875, 1.94208], [30.29958, 1.95042], [30.30375, 1.95542], [30.30708, 1.95958], [30.30542, 1.96458], [30.30708, 1.96542], [30.30958, 1.96458], [30.31042, 1.96708], [30.31458, 1.96875], [30.31292, 1.97125], [30.31375, 1.97292], [30.31292, 1.97458], [30.31375, 1.97542], [30.31625, 1.97875], [30.32042, 1.97792], [30.32208, 1.97958], [30.32208, 1.98125], [30.32375, 1.98375], [30.32875, 1.98375], [30.33042, 1.98292], [30.33208, 1.98542], [30.33458, 1.98375], [30.33792, 1.98708], [30.33958, 1.99042], [30.34292, 1.98958], [30.34458, 1.99125], [30.34958, 1.99042], [30.35208, 1.99292], [30.35458, 1.99125], [30.35625, 1.99292], [30.35625, 2.00542], [30.35625, 2.00792], [30.35958, 2.01292], [30.35958, 2.01625], [30.36208, 2.01708], [30.36458, 2.02042], [30.36208, 2.02375], [30.36208, 2.02542], [30.36542, 2.02792], [30.36542, 2.03125], [30.36375, 2.03375], [30.36542, 2.03542], [30.36542, 2.03708], [30.36708, 2.03792], [30.36792, 2.03875], [30.36792, 2.04375], [30.37292, 2.04542], [30.37542, 2.04792], [30.37625, 2.05125], [30.37792, 2.05292], [30.38125, 2.05208], [30.38375, 2.04875], [30.38958, 2.04958], [30.39292, 2.05208], [30.39542, 2.05042], [30.39708, 2.05125], [30.40542, 2.05875], [30.41042, 2.06042], [30.41875, 2.06958], [30.41875, 2.07208], [30.42042, 2.07375], [30.42042, 2.07792], [30.41875, 2.07958], [30.42042, 2.08208], [30.42042, 2.08708], [30.42542, 2.09292], [30.42542, 2.09625], [30.42708, 2.09875], [30.42708, 2.10375], [30.43125, 2.10875], [30.43042, 2.11042], [30.43042, 2.11458], [30.43542, 2.12042], [30.43708, 2.12208], [30.44042, 2.12292], [30.44458, 2.12708], [30.45292, 2.13708], [30.45292, 2.14458], [30.45458, 2.14708], [30.45458, 2.14875], [30.45708, 2.15042], [30.46125, 2.14958], [30.46338, 2.15313], [30.46549, 2.15264], [30.46982, 2.15406], [30.47157, 2.15392], [30.47186, 2.1539], [30.47293, 2.15381], [30.4737, 2.15375], [30.47375, 2.15375], [30.47375, 2.15375], [30.47486, 2.15366], [30.48291, 2.14961], [30.48625, 2.14892], [30.48708, 2.14875], [30.49061, 2.14802], [30.49139, 2.14786], [30.49502, 2.14829], [30.49779, 2.14862]]]}}, {"type": "Feature", "properties": {"zone": "Butembo", "province": "Nord-Kivu", "confirmed_cases": 286, "confirmed_deaths": 180}, "geometry": {"type": "Polygon", "coordinates": [[[29.29241, 0.1211], [29.29255, 0.12093], [29.29275, 0.12069], [29.29288, 0.1206], [29.29316, 0.12041], [29.2935, 0.11995], [29.29355, 0.11965], [29.29358, 0.11941], [29.29357, 0.11928], [29.29354, 0.11879], [29.29382, 0.11817], [29.29427, 0.11758], [29.29461, 0.11717], [29.29467, 0.11702], [29.29499, 0.11614], [29.2952, 0.11544], [29.2953, 0.11482], [29.29527, 0.11431], [29.29511, 0.11393], [29.2949, 0.11344], [29.29461, 0.11282], [29.2943, 0.11206], [29.29417, 0.11151], [29.2941, 0.11099], [29.2943, 0.11041], [29.29445, 0.11021], [29.29475, 0.10985], [29.29486, 0.10974], [29.29496, 0.10964], [29.29515, 0.10945], [29.29536, 0.10923], [29.2954, 0.10911], [29.29554, 0.10857], [29.29564, 0.10843], [29.29581, 0.10822], [29.29597, 0.10801], [29.29609, 0.10789], [29.29622, 0.10777], [29.29645, 0.10754], [29.29649, 0.10745], [29.29653, 0.10734], [29.29648, 0.10712], [29.29628, 0.10698], [29.29601, 0.1069], [29.29555, 0.10678], [29.29526, 0.10673], [29.29472, 0.10661], [29.29455, 0.10647], [29.2943, 0.10626], [29.29413, 0.10575], [29.29413, 0.10516], [29.29448, 0.10444], [29.29497, 0.10321], [29.29537, 0.10205], [29.2929, 0.10059], [29.29209, 0.10015], [29.29151, 0.09987], [29.29026, 0.09927], [29.29009, 0.09921], [29.28993, 0.09886], [29.28993, 0.09845], [29.29006, 0.09826], [29.29048, 0.09784], [29.29062, 0.0977], [29.29075, 0.09757], [29.29088, 0.09744], [29.29102, 0.09731], [29.2912, 0.09713], [29.29154, 0.09682], [29.29163, 0.09674], [29.29184, 0.09655], [29.29208, 0.09634], [29.29228, 0.09621], [29.29242, 0.09612], [29.29261, 0.09599], [29.29296, 0.09558], [29.29296, 0.09533], [29.29296, 0.09508], [29.29277, 0.09438], [29.29243, 0.09397], [29.29145, 0.09344], [29.29116, 0.09342], [29.29091, 0.0934], [29.29071, 0.0935], [29.29037, 0.09367], [29.29017, 0.09376], [29.28998, 0.09388], [29.28984, 0.09397], [29.28965, 0.09409], [29.28918, 0.09438], [29.28881, 0.09433], [29.28837, 0.09428], [29.28795, 0.09422], [29.28782, 0.09422], [29.28751, 0.09419], [29.28746, 0.0942], [29.28721, 0.09426], [29.28697, 0.09432], [29.28659, 0.09451], [29.28651, 0.09462], [29.28634, 0.09485], [29.28626, 0.09512], [29.28621, 0.0953], [29.28618, 0.09539], [29.2861, 0.09556], [29.2859, 0.09596], [29.28571, 0.09637], [29.28558, 0.09652], [29.28543, 0.09672], [29.28513, 0.09672], [29.28486, 0.09674], [29.28472, 0.09674], [29.28435, 0.09675], [29.28406, 0.09671], [29.28388, 0.09668], [29.28363, 0.09656], [29.28357, 0.09653], [29.28343, 0.09638], [29.28321, 0.09642], [29.28313, 0.09638], [29.28292, 0.0963], [29.28273, 0.09648], [29.28228, 0.09693], [29.28084, 0.09838], [29.28042, 0.0988], [29.28042, 0.10046], [29.27875, 0.10296], [29.27875, 0.10546], [29.27958, 0.1063], [29.27875, 0.1088], [29.27458, 0.11213], [29.27292, 0.11463], [29.26875, 0.1113], [29.26875, 0.10713], [29.26625, 0.10463], [29.26542, 0.09963], [29.25958, 0.09463], [29.25909, 0.09513], [29.25875, 0.09546], [29.25845, 0.09546], [29.25458, 0.09546], [29.25368, 0.09456], [29.25225, 0.09315], [29.25208, 0.09296], [29.25179, 0.09296], [29.24942, 0.09254], [29.24625, 0.09213], [29.24292, 0.0963], [29.24386, 0.09864], [29.23845, 0.10046], [29.23429, 0.09796], [29.23167, 0.09739], [29.22948, 0.09676], [29.22897, 0.09643], [29.22885, 0.09635], [29.22879, 0.09633], [29.22859, 0.09626], [29.22625, 0.09553], [29.22582, 0.09538], [29.22487, 0.09499], [29.22404, 0.09717], [29.22373, 0.09864], [29.22349, 0.09981], [29.22312, 0.1006], [29.22238, 0.10222], [29.22211, 0.10282], [29.22192, 0.10306], [29.22184, 0.10317], [29.22174, 0.1033], [29.22154, 0.10357], [29.22146, 0.10367], [29.22137, 0.10378], [29.22126, 0.10394], [29.22115, 0.10408], [29.2209, 0.10441], [29.2207, 0.10467], [29.22063, 0.10477], [29.2207, 0.10541], [29.22073, 0.10568], [29.22077, 0.10596], [29.22077, 0.10622], [29.22076, 0.10657], [29.22075, 0.10719], [29.22074, 0.10784], [29.22073, 0.10827], [29.22072, 0.10863], [29.22075, 0.10901], [29.22078, 0.10933], [29.2209, 0.10938], [29.22114, 0.10948], [29.2215, 0.10963], [29.22172, 0.10972], [29.22188, 0.10979], [29.22201, 0.10984], [29.22213, 0.10989], [29.22244, 0.11002], [29.22246, 0.11005], [29.22252, 0.11013], [29.22268, 0.11037], [29.22291, 0.1107], [29.22322, 0.11114], [29.2235, 0.11154], [29.22355, 0.11171], [29.22365, 0.11196], [29.22372, 0.11216], [29.22389, 0.11263], [29.22405, 0.11293], [29.22417, 0.11316], [29.22385, 0.11419], [29.22374, 0.11453], [29.22362, 0.11492], [29.22355, 0.11513], [29.22366, 0.11549], [29.2239, 0.11632], [29.22348, 0.11747], [29.22307, 0.11759], [29.22234, 0.11791], [29.22138, 0.11847], [29.22138, 0.11852], [29.22133, 0.12004], [29.22195, 0.12053], [29.22209, 0.12064], [29.22229, 0.12194], [29.22232, 0.12215], [29.22254, 0.12366], [29.22497, 0.12645], [29.22455, 0.12678], [29.22315, 0.12725], [29.22164, 0.12728], [29.21921, 0.12827], [29.21792, 0.12788], [29.21659, 0.12808], [29.21609, 0.12815], [29.21564, 0.12857], [29.21465, 0.12892], [29.212, 0.12994], [29.21083, 0.13135], [29.20928, 0.13301], [29.20786, 0.13443], [29.20702, 0.1363], [29.20628, 0.13795], [29.20609, 0.13838], [29.20599, 0.13879], [29.20542, 0.14125], [29.20728, 0.14373], [29.20857, 0.14563], [29.21012, 0.14796], [29.21024, 0.14796], [29.21135, 0.14835], [29.21288, 0.14913], [29.21542, 0.15042], [29.21875, 0.15042], [29.21975, 0.15142], [29.22084, 0.1513], [29.22193, 0.1513], [29.22622, 0.1513], [29.22929, 0.1513], [29.22958, 0.15125], [29.23042, 0.15208], [29.23042, 0.15458], [29.22875, 0.15625], [29.22875, 0.15792], [29.23262, 0.16296], [29.23429, 0.16713], [29.23429, 0.16796], [29.23172, 0.16989], [29.23095, 0.17046], [29.23262, 0.17213], [29.23179, 0.17463], [29.23496, 0.17635], [29.23795, 0.17796], [29.23851, 0.17715], [29.24132, 0.17765], [29.24496, 0.17587], [29.24512, 0.17655], [29.24548, 0.17808], [29.24592, 0.1785], [29.24609, 0.17867], [29.24625, 0.17716], [29.24638, 0.17594], [29.24669, 0.17489], [29.2469, 0.17417], [29.24697, 0.17393], [29.24856, 0.17251], [29.25032, 0.17192], [29.25202, 0.17163], [29.25388, 0.17251], [29.25508, 0.17316], [29.25559, 0.17336], [29.25719, 0.17399], [29.25848, 0.17519], [29.25983, 0.17598], [29.26093, 0.1765], [29.26361, 0.1768], [29.26834, 0.17724], [29.27774, 0.17857], [29.28092, 0.17932], [29.28303, 0.18005], [29.28583, 0.18202], [29.28612, 0.18202], [29.28871, 0.18729], [29.28895, 0.18782], [29.29061, 0.19045], [29.2925, 0.19338], [29.29542, 0.1963], [29.29708, 0.1963], [29.29958, 0.1938], [29.30125, 0.1938], [29.30216, 0.1944], [29.30375, 0.19546], [29.30542, 0.19463], [29.30542, 0.1938], [29.30542, 0.1888], [29.31014, 0.18475], [29.31134, 0.18371], [29.31208, 0.18296], [29.30708, 0.17713], [29.30708, 0.17546], [29.3027, 0.17108], [29.30262, 0.17081], [29.3026, 0.1705], [29.30217, 0.17007], [29.30159, 0.16959], [29.30124, 0.1692], [29.30105, 0.16898], [29.30068, 0.1686], [29.30054, 0.16849], [29.30026, 0.16836], [29.29959, 0.16807], [29.29936, 0.16793], [29.29866, 0.16752], [29.29848, 0.16741], [29.2984, 0.16737], [29.29833, 0.16731], [29.29814, 0.16715], [29.29797, 0.167], [29.29788, 0.16692], [29.29764, 0.16669], [29.29746, 0.16648], [29.29691, 0.16576], [29.29655, 0.16527], [29.29636, 0.16494], [29.29628, 0.16488], [29.29607, 0.16471], [29.29579, 0.1645], [29.29574, 0.16442], [29.29553, 0.16413], [29.29538, 0.16389], [29.29533, 0.1638], [29.29524, 0.16367], [29.29496, 0.16333], [29.29429, 0.16301], [29.29398, 0.16276], [29.29384, 0.16223], [29.29379, 0.16178], [29.29385, 0.16136], [29.2941, 0.16107], [29.29423, 0.16079], [29.29429, 0.16038], [29.29426, 0.15984], [29.29367, 0.15865], [29.29307, 0.15691], [29.29325, 0.15463], [29.29323, 0.15338], [29.2933, 0.15265], [29.29358, 0.15079], [29.29418, 0.1479], [29.2943, 0.14706], [29.2943, 0.14568], [29.29301, 0.1422], [29.29257, 0.14033], [29.29234, 0.13902], [29.29228, 0.13754], [29.29234, 0.13413], [29.2928, 0.12883], [29.29295, 0.12712], [29.29293, 0.12605], [29.29299, 0.12566], [29.29351, 0.12487], [29.29362, 0.12448], [29.29379, 0.1239], [29.29358, 0.12287], [29.29327, 0.12244], [29.29304, 0.1222], [29.29296, 0.12213], [29.29256, 0.12177], [29.29234, 0.12159], [29.29241, 0.1211]]]}}, {"type": "Feature", "properties": {"zone": "Bambu", "province": "Ituri", "confirmed_cases": 210, "confirmed_deaths": 47}, "geometry": {"type": "Polygon", "coordinates": [[[30.24749, 2.0282], [30.25392, 2.02749], [30.27248, 2.03106], [30.28461, 2.02392], [30.29675, 2.01464], [30.30888, 2.00179], [30.31602, 1.99037], [30.32229, 1.98849], [30.32375, 1.98375], [30.32208, 1.98125], [30.32208, 1.97958], [30.32042, 1.97792], [30.31625, 1.97875], [30.31375, 1.97542], [30.31292, 1.97458], [30.31375, 1.97292], [30.31292, 1.97125], [30.31458, 1.96875], [30.31042, 1.96708], [30.30958, 1.96458], [30.30708, 1.96542], [30.30542, 1.96458], [30.30708, 1.95958], [30.30375, 1.95542], [30.29958, 1.95042], [30.29875, 1.94208], [30.30208, 1.93958], [30.30292, 1.93708], [30.30208, 1.93292], [30.29958, 1.93208], [30.29542, 1.92625], [30.29792, 1.92292], [30.29792, 1.91792], [30.29875, 1.90625], [30.29708, 1.90458], [30.29458, 1.90458], [30.28875, 1.90542], [30.28458, 1.90042], [30.28125, 1.89875], [30.27958, 1.89958], [30.27875, 1.89875], [30.27208, 1.89958], [30.27042, 1.90208], [30.26792, 1.90208], [30.26625, 1.90375], [30.26542, 1.90542], [30.26625, 1.90875], [30.26375, 1.91125], [30.26042, 1.91125], [30.25125, 1.91792], [30.24958, 1.91708], [30.24625, 1.91292], [30.24542, 1.91125], [30.24208, 1.90958], [30.24292, 1.90792], [30.24208, 1.89958], [30.24458, 1.89625], [30.24375, 1.89125], [30.24625, 1.89042], [30.24984, 1.88623], [30.2507, 1.88523], [30.25625, 1.87875], [30.25708, 1.87208], [30.25875, 1.87042], [30.25792, 1.86875], [30.25734, 1.85657], [30.25732, 1.85624], [30.25708, 1.85125], [30.25042, 1.84458], [30.24875, 1.84208], [30.25125, 1.83958], [30.25208, 1.83375], [30.25458, 1.83125], [30.25458, 1.82958], [30.25292, 1.82792], [30.25292, 1.82125], [30.25473, 1.81993], [30.25895, 1.81501], [30.25966, 1.80716], [30.25538, 1.7993], [30.25432, 1.79587], [30.2543, 1.7958], [30.25252, 1.79002], [30.25324, 1.78574], [30.25895, 1.76718], [30.25895, 1.75647], [30.26466, 1.74648], [30.26466, 1.73434], [30.26745, 1.7183], [30.26777, 1.71617], [30.26894, 1.70793], [30.26894, 1.70151], [30.27108, 1.70079], [30.2736, 1.69481], [30.27383, 1.69466], [30.27448, 1.69282], [30.27465, 1.69232], [30.27679, 1.68723], [30.27322, 1.67938], [30.27006, 1.67114], [30.26157, 1.67743], [30.26115, 1.67925], [30.26115, 1.67925], [30.26099, 1.67995], [30.25797, 1.69303], [30.25768, 1.69319], [30.25753, 1.69327], [30.24665, 1.69936], [30.23668, 1.70012], [30.22364, 1.70087], [30.21372, 1.70403], [30.20964, 1.70076], [30.20508, 1.69933], [30.20277, 1.70115], [30.20248, 1.70689], [30.18756, 1.69749], [30.17829, 1.6902], [30.16905, 1.68613], [30.15984, 1.68529], [30.14453, 1.69005], [30.13844, 1.69567], [30.13344, 1.69888], [30.12729, 1.70282], [30.12959, 1.72], [30.1403, 1.72179], [30.14922, 1.7206], [30.15219, 1.72417], [30.15874, 1.73547], [30.16409, 1.7432], [30.16707, 1.75094], [30.16826, 1.76045], [30.16826, 1.77235], [30.17182, 1.77711], [30.17658, 1.78365], [30.17956, 1.79733], [30.17747, 1.80282], [30.1748, 1.80983], [30.16826, 1.83065], [30.16635, 1.83794], [30.16628, 1.83824], [30.16469, 1.84433], [30.16231, 1.85623], [30.15636, 1.87229], [30.14868, 1.87877], [30.15231, 1.8824], [30.15564, 1.89323], [30.15731, 1.90655], [30.15898, 1.92321], [30.16147, 1.93487], [30.16397, 1.94569], [30.16147, 1.96651], [30.16314, 1.97901], [30.16308, 1.98003], [30.16302, 1.98099], [30.16289, 1.98296], [30.16231, 1.99233], [30.16326, 1.99394], [30.16467, 1.99488], [30.16532, 1.99531], [30.17182, 1.99965], [30.17539, 2.00893], [30.17968, 2.01964], [30.18646, 2.02277], [30.18684, 2.02294], [30.18896, 2.02392], [30.19324, 2.02963], [30.20323, 2.03106], [30.20966, 2.03748], [30.22608, 2.0382], [30.23464, 2.03391], [30.24749, 2.0282]]]}}, {"type": "Feature", "properties": {"zone": "Beni", "province": "Nord-Kivu", "confirmed_cases": 409, "confirmed_deaths": 268}, "geometry": {"type": "Polygon", "coordinates": [[[29.47538, 0.47566], [29.46922, 0.47489], [29.46273, 0.47599], [29.45843, 0.47665], [29.4526, 0.48007], [29.44632, 0.48326], [29.44467, 0.48821], [29.44137, 0.4936], [29.44093, 0.50065], [29.44126, 0.50604], [29.44632, 0.51188], [29.4504, 0.51331], [29.45733, 0.5176], [29.46482, 0.52046], [29.46878, 0.52134], [29.47351, 0.52233], [29.47814, 0.52475], [29.4788, 0.52729], [29.48166, 0.52784], [29.48573, 0.52497], [29.48936, 0.52145], [29.49123, 0.51419], [29.49399, 0.50945], [29.49531, 0.50406], [29.49553, 0.49845], [29.49509, 0.49228], [29.49343, 0.48953], [29.49332, 0.48557], [29.4898, 0.4837], [29.48584, 0.48183], [29.48199, 0.48007], [29.47946, 0.47764], [29.47538, 0.47566]]]}}, {"type": "Feature", "properties": {"zone": "Musienene", "province": "Nord-Kivu", "confirmed_cases": 140, "confirmed_deaths": 69}, "geometry": {"type": "Polygon", "coordinates": [[[28.06593, 0.30406], [28.06682, 0.30352], [28.06771, 0.30441], [28.06914, 0.30601], [28.0711, 0.30672], [28.07342, 0.3069], [28.07539, 0.30654], [28.07771, 0.30601], [28.07824, 0.30404], [28.07824, 0.30114], [28.07824, 0.30083], [28.07887, 0.29874], [28.07931, 0.29726], [28.07949, 0.29494], [28.0802, 0.29369], [28.08217, 0.29298], [28.08467, 0.2903], [28.08716, 0.28763], [28.088, 0.28578], [28.08806, 0.28566], [28.08752, 0.2837], [28.08556, 0.28263], [28.08489, 0.28163], [28.08484, 0.28156], [28.0852, 0.2796], [28.0852, 0.27799], [28.08681, 0.27585], [28.08948, 0.27496], [28.09216, 0.27585], [28.09323, 0.27603], [28.09519, 0.27531], [28.09642, 0.27356], [28.09644, 0.27353], [28.09627, 0.27085], [28.09577, 0.26856], [28.09573, 0.26835], [28.09644, 0.26657], [28.09769, 0.26478], [28.09805, 0.26371], [28.09966, 0.26264], [28.10126, 0.2605], [28.10198, 0.25782], [28.10269, 0.25622], [28.10483, 0.25479], [28.10858, 0.2539], [28.11072, 0.25479], [28.11322, 0.25622], [28.11447, 0.25693], [28.11536, 0.2564], [28.11607, 0.25479], [28.11607, 0.25479], [28.11607, 0.25385], [28.11607, 0.25354], [28.11697, 0.25158], [28.11893, 0.24944], [28.12, 0.24819], [28.12032, 0.24674], [28.12036, 0.24658], [28.12, 0.24497], [28.12, 0.24332], [28.12, 0.24301], [28.12036, 0.24158], [28.12214, 0.2398], [28.12535, 0.23855], [28.12732, 0.23873], [28.12928, 0.2398], [28.13089, 0.24087], [28.13356, 0.24141], [28.13499, 0.24265], [28.13624, 0.24319], [28.13785, 0.2423], [28.14088, 0.24016], [28.14284, 0.23909], [28.14391, 0.23712], [28.14463, 0.23337], [28.14481, 0.23159], [28.14713, 0.22945], [28.14855, 0.22749], [28.1489, 0.22491], [28.14891, 0.22481], [28.14875, 0.22223], [28.14873, 0.22195], [28.1498, 0.21963], [28.1523, 0.21767], [28.15333, 0.21494], [28.15337, 0.21482], [28.15266, 0.21196], [28.1525, 0.21023], [28.15248, 0.21], [28.15319, 0.20732], [28.15319, 0.20429], [28.15355, 0.20304], [28.15355, 0.20054], [28.15355, 0.19799], [28.15355, 0.19768], [28.15248, 0.1959], [28.15087, 0.19465], [28.1473, 0.19322], [28.14666, 0.19274], [28.14659, 0.19269], [28.14713, 0.19054], [28.14873, 0.18983], [28.1523, 0.19001], [28.15569, 0.19054], [28.15712, 0.19054], [28.16105, 0.18912], [28.16337, 0.18805], [28.1664, 0.18483], [28.16908, 0.18144], [28.17086, 0.17787], [28.17158, 0.17502], [28.17336, 0.17216], [28.17407, 0.16877], [28.17514, 0.16592], [28.17782, 0.16253], [28.18068, 0.15985], [28.18227, 0.15579], [28.18228, 0.15574], [28.1821, 0.15271], [28.18103, 0.14932], [28.17925, 0.14736], [28.17586, 0.14593], [28.17372, 0.14415], [28.16979, 0.14343], [28.16801, 0.14379], [28.16626, 0.14257], [28.16622, 0.14254], [28.16658, 0.13986], [28.16658, 0.13986], [28.16658, 0.13754], [28.16515, 0.13576], [28.16407, 0.13395], [28.16391, 0.13369], [28.16524, 0.13325], [28.16636, 0.13288], [28.1671, 0.13138], [28.1672, 0.12989], [28.16766, 0.12831], [28.16906, 0.12728], [28.17037, 0.12831], [28.17232, 0.12812], [28.17354, 0.12887], [28.17419, 0.13008], [28.17419, 0.13148], [28.17419, 0.13148], [28.17391, 0.13241], [28.17372, 0.13297], [28.17381, 0.13301], [28.17475, 0.13344], [28.17615, 0.13334], [28.17801, 0.13138], [28.17838, 0.13008], [28.18109, 0.13036], [28.18232, 0.12939], [28.18239, 0.12933], [28.18192, 0.12775], [28.18132, 0.12669], [28.18118, 0.12644], [28.18202, 0.12607], [28.1837, 0.12719], [28.18444, 0.12915], [28.18436, 0.12925], [28.18342, 0.13055], [28.18304, 0.13185], [28.18311, 0.13194], [28.1836, 0.1326], [28.18481, 0.1326], [28.18621, 0.13194], [28.18752, 0.13232], [28.18864, 0.13222], [28.18911, 0.13112], [28.1892, 0.13092], [28.18798, 0.12943], [28.18724, 0.12756], [28.18668, 0.12598], [28.18601, 0.12514], [28.18593, 0.12505], [28.18695, 0.12225], [28.18705, 0.12197], [28.18547, 0.1215], [28.18362, 0.1215], [28.1836, 0.1215], [28.1837, 0.11964], [28.18463, 0.11703], [28.18668, 0.1161], [28.18701, 0.11526], [28.18705, 0.11517], [28.18682, 0.11384], [28.18677, 0.11358], [28.18772, 0.11263], [28.18789, 0.11246], [28.18724, 0.1119], [28.18699, 0.10887], [28.18696, 0.10855], [28.18808, 0.10892], [28.18854, 0.11013], [28.18966, 0.10995], [28.19227, 0.11153], [28.19376, 0.1105], [28.19525, 0.10845], [28.19535, 0.10659], [28.19535, 0.10659], [28.19535, 0.10587], [28.19535, 0.10556], [28.19647, 0.10631], [28.1985, 0.10483], [28.19852, 0.10482], [28.19844, 0.1034], [28.19842, 0.10314], [28.1987, 0.10221], [28.19936, 0.10072], [28.20029, 0.09978], [28.20085, 0.09932], [28.20085, 0.09792], [28.20178, 0.09671], [28.20281, 0.09634], [28.20392, 0.09689], [28.20532, 0.09615], [28.20607, 0.0955], [28.20681, 0.09261], [28.20738, 0.09123], [28.20747, 0.09102], [28.20588, 0.08925], [28.20392, 0.08841], [28.20243, 0.08757], [28.20199, 0.08661], [28.20187, 0.08636], [28.20336, 0.08562], [28.20523, 0.0845], [28.20579, 0.0831], [28.20607, 0.08179], [28.20803, 0.08077], [28.20877, 0.07956], [28.20942, 0.07769], [28.21073, 0.07611], [28.21259, 0.07629], [28.21362, 0.0762], [28.21492, 0.07583], [28.2166, 0.07667], [28.21791, 0.07611], [28.21847, 0.07415], [28.22359, 0.07406], [28.22397, 0.07555], [28.22536, 0.07564], [28.22583, 0.07704], [28.22639, 0.07834], [28.22779, 0.07881], [28.22891, 0.07862], [28.2304, 0.07797], [28.23142, 0.07639], [28.23291, 0.07518], [28.23422, 0.07508], [28.23534, 0.07368], [28.23608, 0.07378], [28.23636, 0.07527], [28.23776, 0.07629], [28.2386, 0.07657], [28.2386, 0.07688], [28.2386, 0.07807], [28.2386, 0.07807], [28.23981, 0.07844], [28.24149, 0.07797], [28.24261, 0.0776], [28.24382, 0.07834], [28.24485, 0.07965], [28.24475, 0.07984], [28.24401, 0.08142], [28.24354, 0.08273], [28.24354, 0.08375], [28.24354, 0.08375], [28.24466, 0.08394], [28.24568, 0.08478], [28.24671, 0.0858], [28.24718, 0.08655], [28.24801, 0.08478], [28.24941, 0.08291], [28.25351, 0.08282], [28.25482, 0.08114], [28.25603, 0.08254], [28.25715, 0.0831], [28.25752, 0.08422], [28.25929, 0.08431], [28.2619, 0.08357], [28.26368, 0.08459], [28.26479, 0.08571], [28.26479, 0.08602], [28.26479, 0.08757], [28.26479, 0.08757], [28.26582, 0.08916], [28.2661, 0.09065], [28.26606, 0.09074], [28.26526, 0.09242], [28.26489, 0.09307], [28.26505, 0.09309], [28.26582, 0.09317], [28.26647, 0.09382], [28.26641, 0.09406], [28.26619, 0.09484], [28.26554, 0.09568], [28.26554, 0.09652], [28.26554, 0.09652], [28.26768, 0.0955], [28.27001, 0.09428], [28.2716, 0.09428], [28.2743, 0.0941], [28.27514, 0.09522], [28.27607, 0.09587], [28.27654, 0.09643], [28.27803, 0.09624], [28.27915, 0.09811], [28.28055, 0.09932], [28.2812, 0.09988], [28.2812, 0.10019], [28.2812, 0.10146], [28.2812, 0.10146], [28.2826, 0.10221], [28.28381, 0.10239], [28.28707, 0.10547], [28.28828, 0.10556], [28.28866, 0.10631], [28.28978, 0.10612], [28.29071, 0.10696], [28.29127, 0.10743], [28.29121, 0.10769], [28.29099, 0.10864], [28.29103, 0.10874], [28.29145, 0.10967], [28.29192, 0.1106], [28.29332, 0.11106], [28.29406, 0.11013], [28.29565, 0.10864], [28.29639, 0.10873], [28.29714, 0.10929], [28.29733, 0.11069], [28.29742, 0.112], [28.29798, 0.11274], [28.30012, 0.11367], [28.30385, 0.11433], [28.3046, 0.11386], [28.30618, 0.11554], [28.30607, 0.11573], [28.30534, 0.11694], [28.30553, 0.11694], [28.3073, 0.11694], [28.30907, 0.1175], [28.30991, 0.11824], [28.31103, 0.11768], [28.31243, 0.11517], [28.31355, 0.11526], [28.31355, 0.11666], [28.31457, 0.11684], [28.31476, 0.11824], [28.31569, 0.11936], [28.31616, 0.1202], [28.31644, 0.12094], [28.31737, 0.12057], [28.3197, 0.12029], [28.32063, 0.11917], [28.32119, 0.11871], [28.32184, 0.11945], [28.32352, 0.11973], [28.32417, 0.12346], [28.32413, 0.1235], [28.32315, 0.12439], [28.32194, 0.1243], [28.32138, 0.12486], [28.32153, 0.12501], [28.32203, 0.12551], [28.32399, 0.12607], [28.3252, 0.12719], [28.32594, 0.12738], [28.32604, 0.12607], [28.32743, 0.12663], [28.32799, 0.12616], [28.32799, 0.12616], [28.32799, 0.12442], [28.32799, 0.12411], [28.32874, 0.12383], [28.32939, 0.12616], [28.33032, 0.12663], [28.33088, 0.12775], [28.33098, 0.12943], [28.33219, 0.12709], [28.33228, 0.12691], [28.33194, 0.12644], [28.33182, 0.12626], [28.33374, 0.12424], [28.33377, 0.12421], [28.33353, 0.12227], [28.33349, 0.12197], [28.33592, 0.1216], [28.33769, 0.1229], [28.33843, 0.12421], [28.34011, 0.12411], [28.34125, 0.12211], [28.34132, 0.12197], [28.3407, 0.12057], [28.34058, 0.12029], [28.34272, 0.11983], [28.34505, 0.12001], [28.34503, 0.12032], [28.34477, 0.12383], [28.34479, 0.12384], [28.34543, 0.12411], [28.34654, 0.12272], [28.34822, 0.11973], [28.34962, 0.11852], [28.35009, 0.12001], [28.35074, 0.1202], [28.3526, 0.11927], [28.35316, 0.11808], [28.35326, 0.11787], [28.35214, 0.11675], [28.35148, 0.11581], [28.3513, 0.11554], [28.3526, 0.11526], [28.35335, 0.11358], [28.35503, 0.11405], [28.35605, 0.11256], [28.35782, 0.11302], [28.3595, 0.11395], [28.35947, 0.11425], [28.35931, 0.116], [28.35933, 0.11609], [28.35969, 0.11768], [28.36081, 0.11843], [28.36258, 0.11843], [28.36388, 0.11889], [28.36528, 0.1175], [28.36724, 0.11805], [28.36882, 0.1174], [28.37022, 0.11852], [28.37022, 0.11964], [28.37134, 0.12104], [28.37264, 0.12206], [28.3733, 0.12104], [28.37451, 0.12169], [28.3746, 0.12281], [28.37572, 0.12225], [28.37684, 0.1216], [28.37786, 0.12272], [28.37926, 0.12402], [28.37945, 0.12505], [28.38113, 0.12421], [28.38178, 0.12206], [28.38262, 0.11899], [28.38346, 0.11675], [28.38411, 0.11666], [28.38569, 0.11796], [28.38709, 0.11805], [28.38759, 0.11747], [28.38765, 0.1174], [28.38728, 0.11591], [28.38705, 0.11446], [28.387, 0.11414], [28.38886, 0.11461], [28.38952, 0.11517], [28.39129, 0.1147], [28.39352, 0.11395], [28.39511, 0.11256], [28.39558, 0.11097], [28.39679, 0.11162], [28.39912, 0.11172], [28.40006, 0.11124], [28.40024, 0.11116], [28.39921, 0.10985], [28.39914, 0.10876], [28.39912, 0.10845], [28.40024, 0.10836], [28.40238, 0.10892], [28.40247, 0.11041], [28.40359, 0.11153], [28.4049, 0.11172], [28.40788, 0.11078], [28.40881, 0.10985], [28.41012, 0.11106], [28.41096, 0.11237], [28.41226, 0.11311], [28.41468, 0.11442], [28.4172, 0.11311], [28.41897, 0.11302], [28.41944, 0.11395], [28.41936, 0.11411], [28.41897, 0.11489], [28.41909, 0.11497], [28.42009, 0.11572], [28.42158, 0.11498], [28.42298, 0.11591], [28.42373, 0.11684], [28.42503, 0.11712], [28.42792, 0.11722], [28.42867, 0.11554], [28.42867, 0.11554], [28.42867, 0.1137], [28.42867, 0.11339], [28.42929, 0.11268], [28.42932, 0.11265], [28.42916, 0.11103], [28.42913, 0.11078], [28.42988, 0.10883], [28.43137, 0.10855], [28.43323, 0.10724], [28.43445, 0.10706], [28.43529, 0.10594], [28.4369, 0.10594], [28.43696, 0.10594], [28.4365, 0.10351], [28.43594, 0.1023], [28.43491, 0.10137], [28.43389, 0.09997], [28.43389, 0.09907], [28.43389, 0.09876], [28.43519, 0.0996], [28.43706, 0.10053], [28.43734, 0.09857], [28.4387, 0.09755], [28.43883, 0.09745], [28.43804, 0.09611], [28.4379, 0.09587], [28.44023, 0.09466], [28.44021, 0.09498], [28.44013, 0.0968], [28.44015, 0.09681], [28.44134, 0.09792], [28.44122, 0.09812], [28.44023, 0.09969], [28.43864, 0.10044], [28.43855, 0.10165], [28.43857, 0.10171], [28.43901, 0.10305], [28.44013, 0.10314], [28.44153, 0.10361], [28.44228, 0.10435], [28.44722, 0.10212], [28.4488, 0.1023], [28.45029, 0.10146], [28.45123, 0.10239], [28.45216, 0.10351], [28.45393, 0.10323], [28.45486, 0.10295], [28.45579, 0.10379], [28.45665, 0.10319], [28.45672, 0.10314], [28.45631, 0.10173], [28.45626, 0.10156], [28.45692, 0.09982], [28.457, 0.0996], [28.45598, 0.09857], [28.45482, 0.0975], [28.45477, 0.09745], [28.45514, 0.09559], [28.45691, 0.09531], [28.45812, 0.09634], [28.46055, 0.09606], [28.46232, 0.09634], [28.46333, 0.09505], [28.46334, 0.09503], [28.46326, 0.09329], [28.46325, 0.09298], [28.4653, 0.09326], [28.46679, 0.09279], [28.46754, 0.09419], [28.46746, 0.09436], [28.46679, 0.09587], [28.46682, 0.09612], [28.46689, 0.09671], [28.46856, 0.09764], [28.46922, 0.09606], [28.46994, 0.09515], [28.46996, 0.09512], [28.4698, 0.09263], [28.46978, 0.09233], [28.47117, 0.09195], [28.47285, 0.09056], [28.47462, 0.09037], [28.47509, 0.0913], [28.47499, 0.09142], [28.47397, 0.0927], [28.47416, 0.09277], [28.47472, 0.09298], [28.47621, 0.09438], [28.47788, 0.09317], [28.47807, 0.09121], [28.479, 0.09112], [28.48012, 0.09261], [28.48059, 0.09456], [28.48053, 0.09464], [28.47956, 0.09596], [28.47972, 0.09606], [28.48171, 0.09727], [28.4832, 0.09699], [28.48488, 0.09606], [28.48537, 0.09584], [28.48572, 0.09568], [28.48415, 0.09499], [28.48404, 0.09494], [28.48478, 0.09317], [28.48665, 0.09363], [28.48749, 0.09279], [28.49075, 0.09028], [28.49224, 0.09121], [28.4941, 0.09167], [28.49399, 0.09196], [28.49364, 0.09279], [28.49375, 0.09284], [28.49466, 0.09326], [28.49532, 0.09401], [28.49616, 0.0927], [28.49653, 0.09102], [28.49811, 0.09149], [28.49858, 0.09289], [28.50044, 0.09233], [28.50147, 0.09121], [28.50399, 0.09223], [28.50391, 0.09251], [28.50371, 0.09326], [28.50374, 0.09343], [28.50399, 0.09456], [28.50399, 0.09568], [28.50454, 0.09634], [28.50538, 0.09475], [28.50538, 0.09345], [28.50669, 0.09326], [28.50846, 0.09363], [28.51004, 0.0927], [28.51228, 0.09149], [28.51443, 0.09177], [28.51657, 0.0914], [28.51853, 0.09261], [28.51946, 0.09195], [28.52095, 0.09335], [28.52089, 0.09361], [28.52058, 0.09494], [28.52065, 0.09496], [28.52401, 0.09599], [28.52421, 0.09606], [28.5234, 0.0946], [28.52328, 0.09438], [28.52487, 0.09317], [28.52636, 0.09438], [28.52729, 0.09531], [28.52729, 0.09643], [28.52897, 0.09606], [28.52953, 0.09466], [28.53027, 0.09419], [28.53083, 0.09531], [28.53148, 0.09596], [28.53288, 0.09615], [28.53316, 0.09699], [28.53428, 0.09652], [28.53428, 0.09652], [28.53428, 0.09525], [28.53428, 0.09494], [28.53587, 0.09456], [28.53745, 0.0955], [28.53801, 0.09606], [28.53941, 0.09484], [28.54099, 0.09531], [28.54239, 0.09531], [28.54398, 0.09606], [28.54435, 0.09764], [28.54429, 0.09772], [28.5437, 0.09857], [28.54373, 0.09884], [28.54388, 0.10006], [28.54556, 0.10146], [28.54733, 0.10258], [28.54947, 0.10212], [28.54947, 0.10212], [28.54947, 0.10047], [28.54947, 0.10016], [28.55031, 0.09755], [28.55227, 0.09671], [28.55251, 0.09538], [28.55255, 0.09512], [28.55199, 0.09438], [28.55069, 0.09438], [28.55069, 0.09438], [28.55069, 0.09307], [28.55179, 0.09231], [28.5519, 0.09223], [28.55135, 0.09105], [28.55125, 0.09084], [28.55339, 0.08888], [28.55525, 0.08925], [28.55525, 0.08956], [28.55525, 0.09121], [28.55469, 0.09223], [28.55477, 0.09241], [28.55516, 0.09335], [28.55693, 0.09466], [28.55805, 0.09419], [28.55898, 0.09401], [28.55991, 0.09466], [28.55981, 0.09489], [28.55926, 0.09606], [28.55933, 0.09621], [28.55982, 0.09727], [28.55982, 0.09758], [28.55982, 0.09867], [28.55982, 0.09867], [28.56234, 0.09941], [28.56411, 0.0995], [28.56523, 0.09792], [28.567, 0.09745], [28.56737, 0.09587], [28.56858, 0.09494], [28.57054, 0.09578], [28.57157, 0.09736], [28.57152, 0.09761], [28.57119, 0.0995], [28.57123, 0.09963], [28.57175, 0.10174], [28.57362, 0.10314], [28.57576, 0.10389], [28.57697, 0.10398], [28.5787, 0.10398], [28.57874, 0.10398], [28.5785, 0.1022], [28.57846, 0.10193], [28.58089, 0.0996], [28.58331, 0.0996], [28.58548, 0.09915], [28.58555, 0.09913], [28.58521, 0.09759], [28.58518, 0.09745], [28.58555, 0.0954], [28.58779, 0.09531], [28.58779, 0.09531], [28.58779, 0.09382], [28.58695, 0.09291], [28.58676, 0.0927], [28.589, 0.09149], [28.59058, 0.09233], [28.5917, 0.09177], [28.59291, 0.09177], [28.59403, 0.09242], [28.59395, 0.09268], [28.59377, 0.0932], [28.59356, 0.09406], [28.59363, 0.09408], [28.59427, 0.09427], [28.59627, 0.09413], [28.59649, 0.09334], [28.59691, 0.09235], [28.59777, 0.09135], [28.59835, 0.09059], [28.59848, 0.09042], [28.59763, 0.08956], [28.5968, 0.08886], [28.5967, 0.08878], [28.59727, 0.08742], [28.59791, 0.08585], [28.59963, 0.08492], [28.60063, 0.08492], [28.60127, 0.08407], [28.60341, 0.08414], [28.60469, 0.08414], [28.60498, 0.08299], [28.60505, 0.082], [28.60548, 0.08064], [28.60591, 0.078], [28.60591, 0.07638], [28.60591, 0.07607], [28.60568, 0.07504], [28.60562, 0.07479], [28.60726, 0.07321], [28.60761, 0.07224], [28.60769, 0.072], [28.60641, 0.07086], [28.60469, 0.07043], [28.60432, 0.06978], [28.60419, 0.06957], [28.60541, 0.06857], [28.60698, 0.06936], [28.60705, 0.06822], [28.60833, 0.069], [28.60919, 0.06865], [28.60926, 0.06758], [28.61018, 0.0666], [28.61033, 0.06643], [28.60891, 0.06508], [28.60762, 0.06343], [28.60742, 0.06279], [28.60734, 0.06251], [28.60848, 0.06208], [28.61112, 0.06201], [28.6124, 0.06279], [28.6134, 0.06408], [28.61412, 0.06493], [28.61526, 0.06558], [28.61669, 0.06443], [28.61702, 0.06365], [28.61712, 0.06343], [28.61642, 0.06267], [28.6164, 0.06265], [28.61647, 0.06172], [28.61754, 0.06165], [28.61819, 0.06208], [28.61914, 0.0614], [28.61919, 0.06137], [28.61897, 0.06001], [28.6179, 0.05844], [28.61737, 0.05754], [28.61719, 0.05722], [28.61926, 0.0573], [28.62033, 0.05844], [28.6214, 0.05908], [28.62261, 0.0583], [28.62347, 0.05787], [28.62347, 0.05701], [28.62347, 0.05573], [28.6254, 0.05623], [28.62639, 0.05673], [28.62818, 0.05587], [28.62904, 0.05444], [28.63075, 0.05501], [28.63275, 0.05358], [28.63468, 0.0538], [28.63582, 0.05401], [28.63839, 0.05387], [28.63982, 0.05337], [28.64139, 0.05351], [28.64288, 0.0538], [28.64367, 0.0538], [28.64538, 0.05373], [28.64653, 0.05373], [28.64767, 0.05401], [28.64831, 0.05444], [28.64974, 0.05487], [28.65074, 0.05494], [28.65166, 0.05515], [28.65231, 0.05637], [28.65331, 0.0568], [28.65416, 0.05687], [28.65523, 0.0558], [28.65595, 0.0548], [28.65766, 0.05387], [28.65909, 0.05351], [28.66059, 0.0538], [28.66216, 0.0538], [28.66316, 0.05351], [28.66487, 0.05373], [28.6658, 0.0528], [28.66694, 0.05308], [28.66844, 0.05316], [28.66923, 0.05423], [28.66958, 0.05508], [28.67065, 0.05623], [28.6713, 0.05594], [28.67229, 0.05594], [28.67379, 0.05694], [28.67536, 0.05822], [28.67608, 0.05929], [28.67722, 0.05915], [28.67858, 0.06008], [28.68065, 0.06044], [28.68179, 0.06186], [28.68357, 0.06365], [28.68479, 0.06472], [28.68593, 0.06515], [28.68693, 0.06551], [28.68729, 0.06636], [28.68821, 0.067], [28.68907, 0.06857], [28.69, 0.06957], [28.69178, 0.06872], [28.69457, 0.06779], [28.69649, 0.06793], [28.69835, 0.06779], [28.69971, 0.06693], [28.70178, 0.06572], [28.70349, 0.06451], [28.70485, 0.06372], [28.70513, 0.06244], [28.70634, 0.06208], [28.70763, 0.06208], [28.70906, 0.06151], [28.71006, 0.06158], [28.71134, 0.06129], [28.71248, 0.06072], [28.71377, 0.06129], [28.71505, 0.06079], [28.71598, 0.06029], [28.71729, 0.05938], [28.71741, 0.05929], [28.71659, 0.05778], [28.71648, 0.05758], [28.71769, 0.05637], [28.71877, 0.05687], [28.72057, 0.05586], [28.72069, 0.0558], [28.72023, 0.05487], [28.72019, 0.0548], [28.72048, 0.05301], [28.72212, 0.05159], [28.72433, 0.05116], [28.7254, 0.0523], [28.72626, 0.05323], [28.7269, 0.05187], [28.72812, 0.05258], [28.72933, 0.05266], [28.7299, 0.05123], [28.73126, 0.05194], [28.7324, 0.05194], [28.73376, 0.05173], [28.73604, 0.05194], [28.7389, 0.05216], [28.74068, 0.05244], [28.74232, 0.05394], [28.74311, 0.05594], [28.74411, 0.05751], [28.74582, 0.05872], [28.74732, 0.05887], [28.74882, 0.05937], [28.74967, 0.06051], [28.75153, 0.06065], [28.75353, 0.06087], [28.75617, 0.06194], [28.75831, 0.06301], [28.76102, 0.06408], [28.76174, 0.06529], [28.76288, 0.06565], [28.76459, 0.06679], [28.76616, 0.06779], [28.76781, 0.068], [28.76816, 0.06893], [28.76931, 0.07], [28.76966, 0.0715], [28.77002, 0.0725], [28.77145, 0.073], [28.77202, 0.07436], [28.77202, 0.07467], [28.77202, 0.07593], [28.77202, 0.078], [28.77202, 0.078], [28.77259, 0.07978], [28.77402, 0.08114], [28.77523, 0.08157], [28.77559, 0.08285], [28.77559, 0.08316], [28.77559, 0.08506], [28.77523, 0.08728], [28.7748, 0.08856], [28.7748, 0.08887], [28.7748, 0.0902], [28.77494, 0.0917], [28.77557, 0.09425], [28.77593, 0.09677], [28.77589, 0.09682], [28.77499, 0.09808], [28.77452, 0.10034], [28.77274, 0.10053], [28.77189, 0.10212], [28.77171, 0.104], [28.77152, 0.10503], [28.76983, 0.10494], [28.76851, 0.10606], [28.76851, 0.10728], [28.76748, 0.11048], [28.76617, 0.11188], [28.76485, 0.11282], [28.76345, 0.11517], [28.761, 0.11573], [28.75847, 0.11686], [28.75744, 0.11864], [28.75751, 0.11882], [28.75847, 0.12118], [28.75847, 0.12149], [28.75847, 0.12324], [28.75725, 0.12456], [28.75669, 0.12643], [28.75674, 0.12657], [28.75734, 0.12822], [28.758, 0.12934], [28.75828, 0.13103], [28.75856, 0.13291], [28.75866, 0.13469], [28.75864, 0.13472], [28.75791, 0.1361], [28.75641, 0.1377], [28.75603, 0.14042], [28.75565, 0.14267], [28.7557, 0.14271], [28.75687, 0.14361], [28.75725, 0.14549], [28.75772, 0.14652], [28.75768, 0.14674], [28.75725, 0.14887], [28.75729, 0.14896], [28.75781, 0.15], [28.75913, 0.1514], [28.75997, 0.15309], [28.76007, 0.15488], [28.76063, 0.15779], [28.76072, 0.15995], [28.76204, 0.16117], [28.76223, 0.16267], [28.76221, 0.16284], [28.76204, 0.16455], [28.76206, 0.16467], [28.76232, 0.16642], [28.76363, 0.16689], [28.76504, 0.16792], [28.76504, 0.16823], [28.76504, 0.16943], [28.76504, 0.16943], [28.76514, 0.17215], [28.7657, 0.1744], [28.76626, 0.17543], [28.76739, 0.17647], [28.76795, 0.17759], [28.76784, 0.17768], [28.76795, 0.1779], [28.76753, 0.17825], [28.76823, 0.17919], [28.76945, 0.18032], [28.76945, 0.18063], [28.76945, 0.18063], [28.76945, 0.18163], [28.7703, 0.18332], [28.77039, 0.18416], [28.77077, 0.18538], [28.7718, 0.18651], [28.77167, 0.18668], [28.7718, 0.18682], [28.77073, 0.18828], [28.77072, 0.18829], [28.77682, 0.18793], [28.78135, 0.18531], [28.78658, 0.18198], [28.79419, 0.17984], [28.79991, 0.17508], [28.81085, 0.17079], [28.82061, 0.17032], [28.82441, 0.17032], [28.83108, 0.17008], [28.83584, 0.16746], [28.84036, 0.16699], [28.84369, 0.16342], [28.8494, 0.16247], [28.85535, 0.16223], [28.86082, 0.16033], [28.86796, 0.16033], [28.87224, 0.15866], [28.87962, 0.15652], [28.8889, 0.15533], [28.89889, 0.1539], [28.91126, 0.15081], [28.91356, 0.14906], [28.91377, 0.14806], [28.91449, 0.14713], [28.91449, 0.14599], [28.91449, 0.14599], [28.91449, 0.14598], [28.91385, 0.1452], [28.91456, 0.1442], [28.91527, 0.14285], [28.91584, 0.14285], [28.91684, 0.14213], [28.91784, 0.14021], [28.91784, 0.14019], [28.91784, 0.14019], [28.91784, 0.13864], [28.91877, 0.13749], [28.91906, 0.13814], [28.92006, 0.13792], [28.92006, 0.13657], [28.92084, 0.13607], [28.92184, 0.13478], [28.92263, 0.13514], [28.92355, 0.13621], [28.9257, 0.13714], [28.92698, 0.13849], [28.92869, 0.13849], [28.92991, 0.13899], [28.93183, 0.13978], [28.93362, 0.14056], [28.93505, 0.14142], [28.93505, 0.14141], [28.93505, 0.14141], [28.93505, 0.13928], [28.93533, 0.13842], [28.93662, 0.13721], [28.93769, 0.13585], [28.93776, 0.13457], [28.9394, 0.13471], [28.9404, 0.13393], [28.9404, 0.13392], [28.9404, 0.13391], [28.9399, 0.1332], [28.9399, 0.13185], [28.93997, 0.131], [28.94133, 0.13014], [28.94183, 0.12929], [28.94233, 0.12836], [28.94297, 0.12707], [28.94376, 0.12657], [28.94447, 0.12657], [28.94533, 0.12693], [28.94533, 0.12692], [28.94533, 0.12692], [28.94525, 0.12606], [28.94418, 0.12506], [28.94383, 0.12414], [28.94411, 0.12379], [28.94526, 0.123], [28.94575, 0.12186], [28.94611, 0.12086], [28.94625, 0.11972], [28.94711, 0.11922], [28.94773, 0.11865], [28.94892, 0.11746], [28.94999, 0.11579], [28.9507, 0.11508], [28.95082, 0.11353], [28.95147, 0.11163], [28.95232, 0.1102], [28.95289, 0.10863], [28.95461, 0.10827], [28.95553, 0.10685], [28.95689, 0.10592], [28.9571, 0.10413], [28.9571, 0.10413], [28.9571, 0.10412], [28.95689, 0.10262], [28.95618, 0.10141], [28.95503, 0.10077], [28.95433, 0.09985], [28.95511, 0.09892], [28.95632, 0.09785], [28.9564, 0.09515], [28.95892, 0.09445], [28.96145, 0.09543], [28.96201, 0.09389], [28.96201, 0.09388], [28.96201, 0.09387], [28.96159, 0.09234], [28.96213, 0.09071], [28.96229, 0.09023], [28.96229, 0.09023], [28.96229, 0.09022], [28.96187, 0.0884], [28.96201, 0.08672], [28.9644, 0.0863], [28.96623, 0.0863], [28.96707, 0.0842], [28.96721, 0.08209], [28.9696, 0.08026], [28.97156, 0.07872], [28.97156, 0.07871], [28.97156, 0.07871], [28.97142, 0.0766], [28.96931, 0.07463], [28.96805, 0.07421], [28.96707, 0.07309], [28.96693, 0.07112], [28.96658, 0.06891], [28.96679, 0.06731], [28.96858, 0.0666], [28.96965, 0.06731], [28.97143, 0.06731], [28.97286, 0.06624], [28.975, 0.06553], [28.97643, 0.06541], [28.97714, 0.06672], [28.97809, 0.06862], [28.97857, 0.06933], [28.97893, 0.07136], [28.97928, 0.0729], [28.98036, 0.07397], [28.98202, 0.07528], [28.98357, 0.07576], [28.98357, 0.07741], [28.98357, 0.07741], [28.98357, 0.07742], [28.98404, 0.07909], [28.98488, 0.08087], [28.98535, 0.08183], [28.9863, 0.08301], [28.98785, 0.08432], [28.98821, 0.08574], [28.98761, 0.0874], [28.98618, 0.08978], [28.98619, 0.0898], [28.98618, 0.0898], [28.9863, 0.09157], [28.98571, 0.09228], [28.98511, 0.09347], [28.98512, 0.09348], [28.98511, 0.09348], [28.98547, 0.09515], [28.9863, 0.09717], [28.98714, 0.09955], [28.98714, 0.10109], [28.98702, 0.10299], [28.98702, 0.10299], [28.98702, 0.103], [28.98737, 0.10491], [28.98749, 0.10681], [28.98797, 0.10812], [28.98821, 0.10943], [28.9894, 0.11002], [28.99041, 0.11091], [28.99136, 0.11163], [28.9935, 0.11163], [28.99612, 0.11187], [28.9995, 0.11345], [28.99988, 0.11422], [29.00105, 0.11422], [29.00183, 0.11393], [29.00387, 0.11393], [29.00474, 0.11442], [29.00552, 0.11442], [29.00668, 0.11325], [29.00804, 0.11354], [29.00882, 0.11422], [29.00902, 0.11471], [29.00921, 0.11558], [29.00979, 0.11587], [29.01125, 0.11519], [29.01251, 0.115], [29.01348, 0.11529], [29.01494, 0.11626], [29.01582, 0.11539], [29.01698, 0.1151], [29.01863, 0.11481], [29.02038, 0.11481], [29.02125, 0.1149], [29.02213, 0.11422], [29.02378, 0.11413], [29.02446, 0.11558], [29.02582, 0.1151], [29.02737, 0.11393], [29.02796, 0.11442], [29.02903, 0.11306], [29.0298, 0.11189], [29.03165, 0.11247], [29.03262, 0.11189], [29.03408, 0.11082], [29.03447, 0.10995], [29.03446, 0.10994], [29.03447, 0.10994], [29.03389, 0.10829], [29.03466, 0.10762], [29.03563, 0.10645], [29.0366, 0.10567], [29.0366, 0.10567], [29.0366, 0.10566], [29.03573, 0.10402], [29.03651, 0.10295], [29.03689, 0.10208], [29.03689, 0.10208], [29.03689, 0.10207], [29.03563, 0.101], [29.03524, 0.10012], [29.03515, 0.09906], [29.03495, 0.09703], [29.03592, 0.09703], [29.03728, 0.09625], [29.03757, 0.09538], [29.03893, 0.09499], [29.04049, 0.09421], [29.04136, 0.09382], [29.04282, 0.09382], [29.0436, 0.09285], [29.04476, 0.09276], [29.04641, 0.09266], [29.04758, 0.09295], [29.04923, 0.09295], [29.04933, 0.09188], [29.04933, 0.09188], [29.04933, 0.09187], [29.04904, 0.09081], [29.04981, 0.09023], [29.05069, 0.09023], [29.05137, 0.08897], [29.05137, 0.08896], [29.05137, 0.08895], [29.05118, 0.08819], [29.05253, 0.08741], [29.0537, 0.08732], [29.05438, 0.08615], [29.05632, 0.08615], [29.05797, 0.08654], [29.05943, 0.08732], [29.06001, 0.0879], [29.06011, 0.08926], [29.06089, 0.08926], [29.06205, 0.09052], [29.06283, 0.0911], [29.0639, 0.0912], [29.06497, 0.0912], [29.06604, 0.09072], [29.06808, 0.09052], [29.06953, 0.09052], [29.07157, 0.09013], [29.07225, 0.08877], [29.07352, 0.08848], [29.07488, 0.08732], [29.07585, 0.08761], [29.07643, 0.08858], [29.07682, 0.08974], [29.07682, 0.09072], [29.07769, 0.09101], [29.07934, 0.09091], [29.08051, 0.09101], [29.08197, 0.09188], [29.08274, 0.09227], [29.0841, 0.09237], [29.08614, 0.09324], [29.08741, 0.09353], [29.08954, 0.09412], [29.08984, 0.09489], [29.09071, 0.09625], [29.09022, 0.09818], [29.09022, 0.09819], [29.09022, 0.09819], [29.09042, 0.10013], [29.09022, 0.101], [29.08867, 0.10236], [29.08799, 0.10382], [29.08799, 0.10382], [29.08799, 0.10383], [29.08925, 0.10577], [29.09158, 0.10635], [29.09256, 0.10733], [29.09256, 0.10858], [29.09168, 0.10945], [29.09168, 0.10946], [29.09168, 0.10946], [29.09217, 0.11111], [29.09236, 0.11285], [29.09178, 0.11304], [29.0911, 0.11392], [29.09061, 0.11508], [29.09061, 0.11509], [29.09061, 0.1151], [29.0909, 0.11665], [29.09226, 0.11801], [29.09353, 0.11908], [29.09392, 0.12093], [29.0945, 0.12287], [29.09586, 0.12374], [29.09664, 0.1251], [29.09673, 0.12656], [29.09809, 0.12656], [29.09984, 0.12588], [29.10081, 0.12646], [29.10188, 0.12734], [29.10256, 0.12889], [29.10295, 0.13063], [29.10227, 0.13199], [29.10227, 0.13199], [29.10227, 0.132], [29.10324, 0.13336], [29.10373, 0.13511], [29.10509, 0.13511], [29.10654, 0.13443], [29.10771, 0.13355], [29.10907, 0.13326], [29.11033, 0.13355], [29.11121, 0.13452], [29.11108, 0.13634], [29.11108, 0.13634], [29.11108, 0.13635], [29.11144, 0.13718], [29.11144, 0.13794], [29.11144, 0.13794], [29.11144, 0.13796], [29.1117, 0.13889], [29.11211, 0.13936], [29.1132, 0.1392], [29.11403, 0.13925], [29.1145, 0.13925], [29.11481, 0.13842], [29.11559, 0.13863], [29.11626, 0.13977], [29.11699, 0.14055], [29.11813, 0.14164], [29.11875, 0.14221], [29.11907, 0.14294], [29.11969, 0.14377], [29.12021, 0.14434], [29.12078, 0.14501], [29.12119, 0.14543], [29.12156, 0.146], [29.12171, 0.14688], [29.12166, 0.14868], [29.1213, 0.14925], [29.1213, 0.14926], [29.1213, 0.14927], [29.12166, 0.14989], [29.12218, 0.15046], [29.1228, 0.15056], [29.12348, 0.15129], [29.1241, 0.15139], [29.12498, 0.15129], [29.12633, 0.15108], [29.12695, 0.15134], [29.12757, 0.15113], [29.12794, 0.15061], [29.12866, 0.14963], [29.12986, 0.14927], [29.13063, 0.14921], [29.13095, 0.1487], [29.13131, 0.14776], [29.13209, 0.1474], [29.13271, 0.14755], [29.13344, 0.14755], [29.13395, 0.14745], [29.13437, 0.14703], [29.1351, 0.14678], [29.13587, 0.14678], [29.13587, 0.1475], [29.13629, 0.14771], [29.13676, 0.14828], [29.13691, 0.14885], [29.13722, 0.1499], [29.13832, 0.15003], [29.1397, 0.15017], [29.14109, 0.15017], [29.14233, 0.14962], [29.14316, 0.14962], [29.14371, 0.14755], [29.14537, 0.14755], [29.14703, 0.14755], [29.1486, 0.1466], [29.15074, 0.14469], [29.15431, 0.1416], [29.15622, 0.1416], [29.15669, 0.1435], [29.16002, 0.14398], [29.16145, 0.14207], [29.16266, 0.141], [29.16267, 0.14099], [29.16353, 0.14159], [29.16458, 0.14272], [29.16571, 0.14385], [29.16649, 0.14577], [29.16658, 0.14767], [29.16641, 0.14898], [29.16641, 0.14898], [29.16641, 0.14899], [29.16667, 0.15056], [29.16736, 0.1522], [29.16684, 0.15333], [29.16684, 0.15559], [29.16684, 0.1556], [29.16684, 0.15561], [29.16693, 0.15812], [29.16588, 0.15942], [29.16545, 0.16169], [29.16397, 0.16291], [29.16214, 0.16378], [29.16144, 0.16474], [29.16145, 0.16475], [29.16144, 0.16475], [29.16162, 0.16597], [29.16197, 0.16788], [29.16231, 0.16997], [29.16205, 0.17162], [29.16205, 0.17162], [29.16205, 0.17163], [29.1624, 0.17259], [29.16266, 0.17468], [29.16327, 0.17598], [29.16493, 0.17642], [29.16623, 0.17807], [29.16667, 0.17973], [29.16728, 0.18103], [29.16789, 0.18312], [29.16806, 0.18513], [29.16824, 0.18704], [29.16858, 0.1893], [29.16902, 0.19139], [29.17046, 0.19329], [29.17213, 0.19125], [29.17359, 0.18539], [29.17359, 0.17954], [29.17603, 0.17514], [29.17896, 0.17124], [29.18482, 0.16782], [29.19263, 0.16635], [29.198, 0.16587], [29.20288, 0.16587], [29.20874, 0.16538], [29.21509, 0.16343], [29.22046, 0.1605], [29.22387, 0.1605], [29.22875, 0.15792], [29.22875, 0.15625], [29.23042, 0.15458], [29.23042, 0.15208], [29.22958, 0.15125], [29.22724, 0.15125], [29.22125, 0.15125], [29.21975, 0.15142], [29.21875, 0.15042], [29.21542, 0.15042], [29.21135, 0.14835], [29.21012, 0.14792], [29.20728, 0.14373], [29.20542, 0.14125], [29.20609, 0.13838], [29.20786, 0.13443], [29.21083, 0.13135], [29.212, 0.12994], [29.21465, 0.12888], [29.21564, 0.12852], [29.21609, 0.12815], [29.21792, 0.12788], [29.21921, 0.12822], [29.22164, 0.12724], [29.22345, 0.1272], [29.22497, 0.12641], [29.22254, 0.12361], [29.22209, 0.12064], [29.22133, 0.12004], [29.22138, 0.11847], [29.22257, 0.11778], [29.22348, 0.11742], [29.2239, 0.11632], [29.22355, 0.11513], [29.22417, 0.11316], [29.22388, 0.1126], [29.2235, 0.11154], [29.22244, 0.11002], [29.22078, 0.10933], [29.22072, 0.10863], [29.22077, 0.10603], [29.22063, 0.10477], [29.22211, 0.10282], [29.22349, 0.09981], [29.22404, 0.09717], [29.22487, 0.09494], [29.22582, 0.09538], [29.22879, 0.09633], [29.22948, 0.09676], [29.23135, 0.0973], [29.23209, 0.09748], [29.23429, 0.09796], [29.23845, 0.10046], [29.24386, 0.09859], [29.24292, 0.09625], [29.24625, 0.09208], [29.25165, 0.09294], [29.25208, 0.09296], [29.2539, 0.09473], [29.25458, 0.09542], [29.25875, 0.09542], [29.25958, 0.09458], [29.26542, 0.09958], [29.26488, 0.08726], [29.26488, 0.0819], [29.26488, 0.08092], [29.26488, 0.07507], [29.26488, 0.07507], [29.26439, 0.06823], [29.26439, 0.06823], [29.26586, 0.06189], [29.26976, 0.05847], [29.27025, 0.05163], [29.27318, 0.04675], [29.27806, 0.0448], [29.28001, 0.04187], [29.28001, 0.03699], [29.28343, 0.03162], [29.28831, 0.03162], [29.29612, 0.03455], [29.29661, 0.03015], [29.29661, 0.03015], [29.29661, 0.03014], [29.29534, 0.02], [29.29715, 0.01758], [29.29715, 0.01758], [29.29715, 0.01757], [29.29461, 0.01744], [29.29347, 0.01744], [29.29282, 0.01737], [29.29197, 0.01665], [29.29075, 0.01665], [29.28975, 0.01708], [29.28847, 0.01737], [29.28754, 0.01808], [29.28583, 0.01844], [29.28511, 0.01837], [29.28426, 0.01787], [29.28376, 0.01687], [29.28283, 0.01658], [29.28147, 0.01687], [29.28055, 0.01687], [29.27933, 0.01701], [29.27876, 0.01751], [29.27805, 0.01837], [29.27726, 0.01901], [29.27555, 0.01915], [29.27426, 0.01915], [29.27191, 0.01922], [29.27019, 0.0193], [29.2692, 0.02001], [29.26812, 0.02051], [29.26713, 0.02079], [29.26591, 0.02022], [29.26484, 0.02072], [29.26413, 0.02001], [29.26348, 0.01951], [29.26263, 0.01908], [29.26141, 0.01908], [29.26013, 0.01944], [29.25927, 0.01944], [29.25827, 0.02015], [29.25785, 0.02072], [29.2568, 0.02172], [29.25587, 0.02112], [29.2548, 0.0205], [29.2548, 0.01928], [29.25542, 0.0176], [29.25542, 0.01538], [29.25542, 0.01344], [29.25542, 0.01344], [29.25542, 0.01343], [29.25498, 0.01192], [29.25366, 0.01042], [29.25277, 0.00892], [29.25153, 0.00812], [29.24906, 0.00724], [29.24773, 0.006], [29.24623, 0.00538], [29.24517, 0.00414], [29.24472, 0.00193], [29.24481, 0.00071], [29.24508, -0.00159], [29.24614, -0.00239], [29.24702, -0.00336], [29.24711, -0.00495], [29.2472, -0.00628], [29.2472, -0.00699], [29.24773, -0.00849], [29.24817, -0.01008], [29.24817, -0.01009], [29.24817, -0.01009], [29.24782, -0.01132], [29.24835, -0.01212], [29.24959, -0.01212], [29.24959, -0.01388], [29.24959, -0.01388], [29.24959, -0.0139], [29.24861, -0.01496], [29.24755, -0.0154], [29.24685, -0.01664], [29.24628, -0.01711], [29.246, -0.0179], [29.24521, -0.01832], [29.24443, -0.01911], [29.24378, -0.01882], [29.24378, -0.01747], [29.243, -0.0174], [29.24228, -0.01761], [29.24171, -0.0179], [29.24136, -0.01854], [29.24078, -0.01904], [29.24028, -0.01904], [29.23957, -0.01925], [29.23914, -0.02004], [29.23836, -0.02104], [29.23714, -0.02118], [29.23593, -0.02111], [29.2355, -0.02175], [29.23465, -0.02239], [29.2333, -0.02317], [29.23386, -0.02402], [29.23386, -0.02403], [29.23386, -0.02403], [29.23315, -0.02539], [29.23293, -0.02675], [29.23272, -0.02782], [29.23208, -0.02903], [29.23108, -0.03003], [29.22965, -0.03074], [29.22836, -0.03182], [29.22701, -0.03203], [29.22587, -0.03296], [29.22465, -0.03331], [29.22315, -0.03324], [29.22208, -0.03396], [29.22147, -0.03453], [29.2204, -0.03548], [29.21921, -0.03667], [29.21921, -0.03797], [29.22147, -0.03844], [29.22539, -0.03832], [29.22873, -0.03749], [29.23075, -0.03737], [29.2317, -0.03749], [29.23169, -0.0375], [29.2317, -0.0375], [29.23122, -0.03869], [29.23003, -0.03988], [29.2298, -0.04095], [29.2292, -0.04238], [29.22896, -0.04392], [29.22908, -0.0457], [29.22908, -0.0457], [29.22908, -0.04571], [29.22884, -0.0475], [29.22801, -0.04869], [29.22778, -0.04951], [29.22861, -0.05082], [29.22932, -0.05201], [29.22932, -0.05367], [29.22932, -0.05367], [29.22932, -0.05368], [29.22873, -0.05582], [29.22896, -0.05807], [29.22896, -0.05926], [29.22944, -0.06057], [29.22944, -0.06129], [29.22944, -0.06129], [29.22944, -0.0613], [29.22867, -0.06504], [29.23033, -0.06717], [29.23081, -0.06932], [29.23271, -0.07003], [29.2358, -0.06979], [29.23818, -0.06979], [29.23914, -0.07336], [29.24342, -0.07384], [29.24746, -0.07336], [29.24746, -0.07337], [29.24746, -0.07337], [29.24723, -0.07599], [29.24604, -0.07837], [29.24604, -0.08026], [29.24984, -0.07979], [29.2527, -0.07979], [29.25365, -0.08216], [29.25413, -0.08645], [29.25413, -0.08978], [29.25555, -0.09311], [29.25984, -0.0943], [29.26198, -0.09478], [29.26269, -0.09763], [29.26269, -0.10168], [29.26269, -0.10169], [29.25911, -0.10232], [29.25637, -0.10351], [29.2528, -0.10398], [29.25125, -0.10279], [29.24923, -0.10327], [29.24709, -0.10256], [29.24531, -0.10149], [29.24352, -0.10041], [29.24275, -0.09917], [29.24197, -0.09792], [29.23959, -0.09696], [29.23722, -0.09649], [29.23567, -0.09589], [29.23495, -0.0947], [29.23496, -0.0947], [29.23495, -0.09469], [29.23578, -0.09327], [29.23448, -0.09209], [29.23258, -0.09149], [29.22948, -0.09137], [29.22889, -0.09304], [29.22782, -0.09506], [29.22651, -0.09601], [29.22401, -0.09661], [29.22318, -0.09671], [29.22199, -0.09685], [29.22128, -0.09647], [29.22044, -0.09601], [29.21806, -0.09566], [29.2158, -0.09577], [29.21413, -0.09554], [29.21283, -0.09387], [29.21176, -0.09244], [29.21033, -0.09244], [29.2083, -0.09209], [29.20616, -0.09221], [29.20569, -0.09375], [29.20438, -0.0947], [29.20319, -0.09613], [29.20164, -0.09732], [29.1995, -0.09732], [29.197, -0.09732], [29.19474, -0.09732], [29.19236, -0.09661], [29.19129, -0.09554], [29.19022, -0.09447], [29.18915, -0.09387], [29.18784, -0.09494], [29.18629, -0.0953], [29.18511, -0.0947], [29.18511, -0.09469], [29.18511, -0.09469], [29.18593, -0.09315], [29.18522, -0.09244], [29.18392, -0.09197], [29.1832, -0.09209], [29.18249, -0.09292], [29.18165, -0.09411], [29.18106, -0.09447], [29.17868, -0.09387], [29.17725, -0.09387], [29.1763, -0.09518], [29.17428, -0.09506], [29.17261, -0.0947], [29.17023, -0.09447], [29.16881, -0.09494], [29.16774, -0.09625], [29.16655, -0.09708], [29.16536, -0.09685], [29.16536, -0.09683], [29.16536, -0.09683], [29.16619, -0.09541], [29.16762, -0.09433], [29.16762, -0.0934], [29.16536, -0.09316], [29.16274, -0.0934], [29.16191, -0.09423], [29.16048, -0.09506], [29.15941, -0.09566], [29.15893, -0.09577], [29.15774, -0.09566], [29.15667, -0.09482], [29.15631, -0.09316], [29.15489, -0.09256], [29.15465, -0.09459], [29.15453, -0.09577], [29.15441, -0.09685], [29.1537, -0.09839], [29.15239, -0.1003], [29.15084, -0.10172], [29.14989, -0.10232], [29.14882, -0.1016], [29.14751, -0.10149], [29.14608, -0.1016], [29.14394, -0.10172], [29.14216, -0.10053], [29.14025, -0.09946], [29.13823, -0.09994], [29.13775, -0.10101], [29.13621, -0.10137], [29.13264, -0.10137], [29.13216, -0.09982], [29.13062, -0.09887], [29.12836, -0.09899], [29.12586, -0.09911], [29.12443, -0.10089], [29.12264, -0.10101], [29.12122, -0.10339], [29.11991, -0.10494], [29.11777, -0.10458], [29.11574, -0.1047], [29.11408, -0.10541], [29.11253, -0.10529], [29.1111, -0.10494], [29.10956, -0.10375], [29.10837, -0.10256], [29.10658, -0.10256], [29.10432, -0.10315], [29.10194, -0.10315], [29.10052, -0.10279], [29.09796, -0.10036], [29.09772, -0.09726], [29.09486, -0.0956], [29.09272, -0.09322], [29.09248, -0.08989], [29.09248, -0.08774], [29.09058, -0.08679], [29.08582, -0.08584], [29.08368, -0.08299], [29.08178, -0.08156], [29.07892, -0.07942], [29.07845, -0.07585], [29.07749, -0.0749], [29.07535, -0.0749], [29.07178, -0.07371], [29.06774, -0.07275], [29.06298, -0.07133], [29.05917, -0.07133], [29.05632, -0.07133], [29.05489, -0.07037], [29.05108, -0.06942], [29.04799, -0.06918], [29.04418, -0.06728], [29.04204, -0.06585], [29.0399, -0.06538], [29.03704, -0.06371], [29.03443, -0.06205], [29.03201, -0.06027], [29.03101, -0.05985], [29.03094, -0.05906], [29.03094, -0.05906], [29.03094, -0.05905], [29.03115, -0.05812], [29.03137, -0.05663], [29.03065, -0.05592], [29.0303, -0.05485], [29.02987, -0.05449], [29.02823, -0.05456], [29.02637, -0.05256], [29.02502, -0.05299], [29.02394, -0.05363], [29.02323, -0.05371], [29.02209, -0.05256], [29.0218, -0.05121], [29.02045, -0.05042], [29.01988, -0.04992], [29.01866, -0.04971], [29.01738, -0.04871], [29.01623, -0.04771], [29.01412, -0.04653], [29.01129, -0.04503], [29.00772, -0.04313], [29.00535, -0.04265], [29.00249, -0.04313], [29.00011, -0.04098], [28.99654, -0.04051], [28.9944, -0.04194], [28.99321, -0.0436], [28.99059, -0.04479], [28.98869, -0.04479], [28.98583, -0.04384], [28.98322, -0.04455], [28.98084, -0.04646], [28.97917, -0.04741], [28.97632, -0.04765], [28.97417, -0.04955], [28.97156, -0.04955], [28.96918, -0.0505], [28.96656, -0.05336], [28.96442, -0.05574], [28.96156, -0.05812], [28.95847, -0.0605], [28.95538, -0.0643], [28.95323, -0.06668], [28.95133, -0.06978], [28.95014, -0.07263], [28.95086, -0.07571], [28.95085, -0.07571], [28.95086, -0.07572], [28.94895, -0.07787], [28.94657, -0.07787], [28.94349, -0.07895], [28.94278, -0.07873], [28.94185, -0.07795], [28.94099, -0.07838], [28.94085, -0.07952], [28.93992, -0.07888], [28.93878, -0.07888], [28.937, -0.07895], [28.93585, -0.07945], [28.9345, -0.07902], [28.93357, -0.07923], [28.93221, -0.07988], [28.93136, -0.07966], [28.9305, -0.07945], [28.93007, -0.07902], [28.929, -0.07902], [28.92836, -0.08009], [28.92729, -0.08038], [28.92593, -0.08052], [28.92586, -0.07995], [28.92529, -0.07931], [28.92429, -0.07945], [28.92343, -0.07931], [28.923, -0.07809], [28.92225, -0.07734], [28.92135, -0.07696], [28.92102, -0.07734], [28.9203, -0.07763], [28.91954, -0.07763], [28.91859, -0.07768], [28.91802, -0.07758], [28.91803, -0.07757], [28.91802, -0.07757], [28.91835, -0.07704], [28.91888, -0.07643], [28.91958, -0.07572], [28.91873, -0.07496], [28.91783, -0.07444], [28.91631, -0.07515], [28.91535, -0.07515], [28.91516, -0.07449], [28.91497, -0.07339], [28.91435, -0.07273], [28.91302, -0.07273], [28.91174, -0.07187], [28.91055, -0.07187], [28.90969, -0.0723], [28.90874, -0.07268], [28.9085, -0.07349], [28.90812, -0.07434], [28.90769, -0.07515], [28.90707, -0.07582], [28.9066, -0.07606], [28.90584, -0.07544], [28.90479, -0.07487], [28.90389, -0.07463], [28.90327, -0.07349], [28.9025, -0.07244], [28.90136, -0.07192], [28.90022, -0.0722], [28.89946, -0.07363], [28.89865, -0.07339], [28.89803, -0.07192], [28.89746, -0.07101], [28.89575, -0.07087], [28.89432, -0.07044], [28.8937, -0.06982], [28.89261, -0.06954], [28.89242, -0.06892], [28.89089, -0.06811], [28.89089, -0.06886], [28.89094, -0.0701], [28.8917, -0.07005], [28.89189, -0.071], [28.89189, -0.071], [28.89189, -0.07101], [28.89094, -0.07173], [28.8908, -0.07287], [28.88932, -0.07311], [28.88832, -0.07382], [28.88694, -0.07449], [28.8859, -0.07411], [28.88513, -0.07244], [28.88471, -0.07282], [28.88304, -0.07306], [28.88209, -0.07177], [28.88123, -0.07049], [28.88038, -0.0712], [28.87966, -0.07197], [28.87838, -0.07249], [28.87814, -0.07315], [28.87885, -0.07428], [28.87885, -0.07429], [28.87885, -0.0743], [28.87823, -0.07453], [28.87709, -0.07468], [28.8769, -0.07544], [28.876, -0.07596], [28.87486, -0.07668], [28.87438, -0.07539], [28.87309, -0.07615], [28.87248, -0.07596], [28.87181, -0.0753], [28.87072, -0.07549], [28.87, -0.07644], [28.86943, -0.07734], [28.86948, -0.07814], [28.86962, -0.0789], [28.86962, -0.0789], [28.86962, -0.07891], [28.86881, -0.07953], [28.86873, -0.08049], [28.86873, -0.0805], [28.86761, -0.08081], [28.86629, -0.0807], [28.86558, -0.0801], [28.86427, -0.07979], [28.86427, -0.07978], [28.86427, -0.07978], [28.86447, -0.07857], [28.86427, -0.07736], [28.86336, -0.07614], [28.86224, -0.07554], [28.86113, -0.07462], [28.86072, -0.07351], [28.86072, -0.0735], [28.86072, -0.0735], [28.86102, -0.07259], [28.86062, -0.07148], [28.85981, -0.07057], [28.85981, -0.06875], [28.85859, -0.06814], [28.85768, -0.06925], [28.85707, -0.07057], [28.85677, -0.07157], [28.85809, -0.07248], [28.85808, -0.07249], [28.85809, -0.0725], [28.85778, -0.07361], [28.85636, -0.07371], [28.85434, -0.07371], [28.85271, -0.07371], [28.8518, -0.07483], [28.85048, -0.07452], [28.84967, -0.07422], [28.84876, -0.07462], [28.84755, -0.07473], [28.84694, -0.07584], [28.84633, -0.07706], [28.84491, -0.07756], [28.844, -0.07696], [28.844, -0.07574], [28.84288, -0.07543], [28.84217, -0.07462], [28.84116, -0.07412], [28.84116, -0.07562], [28.84116, -0.07704], [28.84116, -0.07704], [28.84116, -0.07706], [28.84055, -0.07756], [28.83964, -0.07756], [28.83924, -0.07817], [28.83924, -0.07968], [28.83924, -0.07968], [28.83924, -0.07969], [28.83853, -0.08111], [28.83711, -0.08111], [28.8369, -0.08233], [28.83609, -0.08314], [28.83467, -0.08304], [28.83346, -0.08283], [28.83184, -0.08415], [28.83062, -0.08405], [28.829, -0.08334], [28.82738, -0.08263], [28.82424, -0.08314], [28.82241, -0.08385], [28.82059, -0.08526], [28.81826, -0.08516], [28.81572, -0.08395], [28.8142, -0.08476], [28.81268, -0.08557], [28.81238, -0.08658], [28.81066, -0.08618], [28.80873, -0.08668], [28.80782, -0.0876], [28.8064, -0.0876], [28.80529, -0.08749], [28.80447, -0.0881], [28.80427, -0.08932], [28.80417, -0.09074], [28.80306, -0.09205], [28.80255, -0.09337], [28.80123, -0.09287], [28.80022, -0.09216], [28.7991, -0.09246], [28.7984, -0.09337], [28.7988, -0.09447], [28.7988, -0.09448], [28.7988, -0.09449], [28.79829, -0.0954], [28.79748, -0.09682], [28.79738, -0.09773], [28.79738, -0.09863], [28.79738, -0.09864], [28.79596, -0.09874], [28.79505, -0.09874], [28.79475, -0.10016], [28.79464, -0.10087], [28.79353, -0.10199], [28.79221, -0.103], [28.7913, -0.1033], [28.79019, -0.10401], [28.78887, -0.10432], [28.78836, -0.10351], [28.78836, -0.1035], [28.78836, -0.10349], [28.78897, -0.10228], [28.78957, -0.10148], [28.78877, -0.10118], [28.78765, -0.10057], [28.78664, -0.09976], [28.78481, -0.09986], [28.7838, -0.09986], [28.7835, -0.10107], [28.78218, -0.10067], [28.78106, -0.09966], [28.77995, -0.09915], [28.77873, -0.09884], [28.77762, -0.09895], [28.77681, -0.09824], [28.77681, -0.09672], [28.77681, -0.09672], [28.77681, -0.0967], [28.77742, -0.09559], [28.77823, -0.09559], [28.77863, -0.09438], [28.77711, -0.09358], [28.77539, -0.09358], [28.77367, -0.09276], [28.77265, -0.09246], [28.77225, -0.09114], [28.77134, -0.09023], [28.77134, -0.08922], [28.77123, -0.0882], [28.77032, -0.08699], [28.77022, -0.08618], [28.77022, -0.08618], [28.77022, -0.08616], [28.77164, -0.08505], [28.77214, -0.08434], [28.77208, -0.08415], [28.77164, -0.08283], [28.77093, -0.08182], [28.76921, -0.08273], [28.7686, -0.08212], [28.76861, -0.08212], [28.7686, -0.08211], [28.76961, -0.0809], [28.769, -0.07929], [28.76759, -0.07746], [28.76678, -0.07604], [28.76647, -0.07523], [28.76495, -0.07422], [28.76414, -0.07321], [28.76303, -0.07219], [28.76262, -0.07098], [28.76262, -0.07097], [28.76262, -0.07096], [28.76353, -0.06904], [28.76424, -0.06742], [28.76414, -0.0656], [28.76232, -0.0654], [28.76232, -0.06539], [28.76232, -0.06539], [28.76262, -0.06356], [28.76343, -0.06185], [28.76292, -0.06013], [28.76282, -0.05922], [28.76282, -0.05922], [28.76282, -0.05921], [28.76323, -0.058], [28.76282, -0.05628], [28.76181, -0.05476], [28.76069, -0.05405], [28.75999, -0.05314], [28.75938, -0.05243], [28.75816, -0.05213], [28.75796, -0.05132], [28.75796, -0.05131], [28.75796, -0.0513], [28.75938, -0.051], [28.75988, -0.05029], [28.75968, -0.04909], [28.75938, -0.04746], [28.75806, -0.04584], [28.75765, -0.04574], [28.75593, -0.04605], [28.75451, -0.04655], [28.75309, -0.04696], [28.75178, -0.04817], [28.7533, -0.04998], [28.75329, -0.04999], [28.7533, -0.05], [28.75249, -0.05121], [28.75137, -0.05182], [28.74985, -0.05375], [28.74701, -0.05446], [28.74701, -0.05444], [28.74701, -0.05444], [28.74711, -0.05323], [28.74752, -0.05182], [28.74722, -0.05111], [28.74711, -0.04979], [28.7461, -0.04949], [28.74509, -0.04959], [28.74478, -0.05061], [28.74357, -0.05061], [28.74286, -0.0503], [28.74255, -0.04898], [28.74225, -0.04787], [28.74124, -0.04757], [28.73982, -0.04757], [28.7382, -0.04686], [28.73617, -0.04675], [28.73455, -0.04584], [28.73353, -0.04493], [28.73262, -0.04493], [28.73141, -0.04523], [28.73039, -0.04523], [28.72897, -0.04605], [28.72847, -0.04675], [28.72837, -0.04817], [28.72816, -0.04949], [28.72735, -0.0505], [28.72583, -0.05061], [28.72522, -0.05132], [28.7236, -0.05172], [28.72259, -0.05334], [28.72229, -0.05517], [28.72137, -0.05517], [28.72046, -0.05456], [28.71995, -0.05567], [28.71914, -0.05658], [28.71762, -0.05679], [28.71641, -0.05699], [28.7157, -0.05557], [28.71468, -0.05405], [28.71438, -0.05385], [28.71387, -0.05486], [28.71276, -0.05436], [28.71185, -0.05385], [28.71134, -0.05253], [28.71094, -0.05142], [28.70962, -0.05223], [28.70719, -0.05273], [28.70526, -0.05284], [28.70303, -0.05284], [28.70222, -0.05415], [28.70212, -0.05505], [28.70313, -0.05566], [28.70333, -0.05779], [28.70333, -0.05779], [28.70333, -0.0578], [28.70181, -0.05709], [28.69979, -0.0574], [28.69867, -0.05719], [28.69766, -0.05699], [28.69604, -0.05669], [28.69472, -0.05709], [28.69361, -0.05699], [28.69249, -0.05618], [28.69239, -0.05557], [28.69117, -0.05567], [28.69006, -0.05618], [28.68803, -0.05598], [28.68712, -0.05567], [28.68519, -0.05476], [28.68367, -0.05405], [28.68215, -0.05395], [28.68094, -0.05405], [28.67881, -0.05395], [28.6781, -0.05466], [28.67658, -0.05486], [28.67577, -0.05506], [28.67394, -0.05466], [28.67283, -0.05425], [28.67283, -0.05424], [28.67283, -0.05424], [28.67313, -0.05222], [28.67253, -0.05132], [28.67232, -0.0499], [28.67151, -0.04898], [28.67141, -0.04807], [28.67141, -0.04807], [28.67141, -0.04806], [28.67303, -0.04735], [28.67415, -0.04694], [28.67425, -0.04513], [28.67273, -0.04422], [28.67101, -0.04422], [28.66989, -0.04402], [28.66847, -0.04554], [28.66675, -0.04483], [28.66604, -0.04392], [28.66605, -0.04391], [28.66604, -0.0439], [28.66695, -0.043], [28.66645, -0.04199], [28.66482, -0.04128], [28.66381, -0.0423], [28.66229, -0.0423], [28.66148, -0.04118], [28.66067, -0.04067], [28.66036, -0.03936], [28.66037, -0.03935], [28.66036, -0.03934], [28.66047, -0.03773], [28.65955, -0.0349], [28.65956, -0.03489], [28.65955, -0.03488], [28.66006, -0.03357], [28.66138, -0.03316], [28.66178, -0.03226], [28.66138, -0.03176], [28.65925, -0.03165], [28.65814, -0.03064], [28.65692, -0.02993], [28.6557, -0.02973], [28.6557, -0.03164], [28.65621, -0.03276], [28.65621, -0.03276], [28.65621, -0.03277], [28.6554, -0.03348], [28.65357, -0.03378], [28.65226, -0.03429], [28.65084, -0.035], [28.64912, -0.0351], [28.64678, -0.0349], [28.64658, -0.03358], [28.64658, -0.03206], [28.64567, -0.03196], [28.64364, -0.03186], [28.64334, -0.03084], [28.64334, -0.03084], [28.64334, -0.03083], [28.64384, -0.02901], [28.64364, -0.02801], [28.64365, -0.028], [28.64364, -0.02799], [28.64455, -0.02648], [28.64385, -0.02517], [28.64141, -0.02395], [28.64091, -0.02507], [28.6402, -0.02598], [28.63999, -0.0274], [28.63999, -0.02891], [28.63999, -0.02891], [28.63999, -0.02892], [28.63979, -0.03003], [28.63847, -0.03064], [28.63695, -0.02993], [28.63554, -0.02993], [28.63351, -0.02932], [28.633, -0.03024], [28.63128, -0.02993], [28.63016, -0.02882], [28.62875, -0.02882], [28.62733, -0.0279], [28.62601, -0.0279], [28.6254, -0.02861], [28.625, -0.03034], [28.62489, -0.03216], [28.62439, -0.03338], [28.62297, -0.03459], [28.62216, -0.03591], [28.62155, -0.03763], [28.62033, -0.03895], [28.61831, -0.03824], [28.61831, -0.03823], [28.61831, -0.03823], [28.61881, -0.0358], [28.62033, -0.03407], [28.62033, -0.03216], [28.62033, -0.03216], [28.62033, -0.03215], [28.62044, -0.03124], [28.62165, -0.03215], [28.62266, -0.03094], [28.62125, -0.02922], [28.62023, -0.02801], [28.62013, -0.02578], [28.62013, -0.02578], [28.62013, -0.02576], [28.62074, -0.02434], [28.62398, -0.02546], [28.6251, -0.02465], [28.6259, -0.02344], [28.62439, -0.02253], [28.62378, -0.02132], [28.62226, -0.02132], [28.62155, -0.0201], [28.62155, -0.02009], [28.62155, -0.02009], [28.62175, -0.01807], [28.62115, -0.01655], [28.61962, -0.01716], [28.61841, -0.01686], [28.61709, -0.01666], [28.61699, -0.01453], [28.61699, -0.01311], [28.61547, -0.01311], [28.61446, -0.01169], [28.61314, -0.01179], [28.61152, -0.01179], [28.61091, -0.01058], [28.6103, -0.00885], [28.60909, -0.00814], [28.60797, -0.00784], [28.60777, -0.00936], [28.60665, -0.00997], [28.60534, -0.00905], [28.60483, -0.00835], [28.60341, -0.00764], [28.60331, -0.00622], [28.6024, -0.00531], [28.60148, -0.00551], [28.60067, -0.00632], [28.60067, -0.00762], [28.60067, -0.00762], [28.60067, -0.00764], [28.60027, -0.00895], [28.59875, -0.01037], [28.59855, -0.0126], [28.59773, -0.01412], [28.59642, -0.01615], [28.59551, -0.01686], [28.59399, -0.01554], [28.59246, -0.01574], [28.59105, -0.01483], [28.59024, -0.01382], [28.58811, -0.01382], [28.58649, -0.01372], [28.58557, -0.01453], [28.58365, -0.01432], [28.58233, -0.01392], [28.57959, -0.01392], [28.57787, -0.01392], [28.57666, -0.01432], [28.57534, -0.01453], [28.57443, -0.01483], [28.5724, -0.01453], [28.57098, -0.01473], [28.57017, -0.01605], [28.57017, -0.01766], [28.57057, -0.01887], [28.57169, -0.01887], [28.57351, -0.01887], [28.57402, -0.01948], [28.57554, -0.02049], [28.57595, -0.02171], [28.57594, -0.02172], [28.57595, -0.02172], [28.57564, -0.02274], [28.57443, -0.02274], [28.57311, -0.02284], [28.57189, -0.02284], [28.56987, -0.02243], [28.56957, -0.02243], [28.57007, -0.02343], [28.57027, -0.02445], [28.57027, -0.02445], [28.57027, -0.02446], [28.56885, -0.02446], [28.56764, -0.02486], [28.56662, -0.02355], [28.5652, -0.02355], [28.56419, -0.02395], [28.56297, -0.02233], [28.56186, -0.02193], [28.56115, -0.02122], [28.55943, -0.02041], [28.55852, -0.02061], [28.55882, -0.02161], [28.55973, -0.02232], [28.56004, -0.02313], [28.56074, -0.02374], [28.56074, -0.02374], [28.56074, -0.02375], [28.56014, -0.02456], [28.55882, -0.02537], [28.5576, -0.02547], [28.55608, -0.02476], [28.55527, -0.02497], [28.55416, -0.02537], [28.55254, -0.02507], [28.55122, -0.02466], [28.55091, -0.02638], [28.55102, -0.02809], [28.55101, -0.02809], [28.55102, -0.02811], [28.5495, -0.02801], [28.54777, -0.02821], [28.54605, -0.02872], [28.54534, -0.03013], [28.54423, -0.03054], [28.5422, -0.02973], [28.54109, -0.02973], [28.54139, -0.03184], [28.54139, -0.03185], [28.54139, -0.03186], [28.54109, -0.03297], [28.54129, -0.03458], [28.54129, -0.03458], [28.54129, -0.03459], [28.54027, -0.03551], [28.53967, -0.03703], [28.53967, -0.03894], [28.53967, -0.03894], [28.53967, -0.03895], [28.53946, -0.04017], [28.53804, -0.04047], [28.53652, -0.04037], [28.53531, -0.04037], [28.53338, -0.04128], [28.53227, -0.04088], [28.53227, -0.04259], [28.53257, -0.0437], [28.53257, -0.0437], [28.53257, -0.04371], [28.53166, -0.04442], [28.53054, -0.04392], [28.52983, -0.04503], [28.52872, -0.04645], [28.52801, -0.04716], [28.52659, -0.04605], [28.52517, -0.04513], [28.52316, -0.04503], [28.52426, -0.04634], [28.52426, -0.04635], [28.52426, -0.04635], [28.52416, -0.04746], [28.52223, -0.04807], [28.52112, -0.04898], [28.52041, -0.04726], [28.51919, -0.04665], [28.51737, -0.04665], [28.51646, -0.04655], [28.51616, -0.04816], [28.51788, -0.04867], [28.51788, -0.04868], [28.51788, -0.04868], [28.51778, -0.0503], [28.51676, -0.05111], [28.51473, -0.05111], [28.51261, -0.05101], [28.5118, -0.05162], [28.51017, -0.05152], [28.50845, -0.05132], [28.50744, -0.05132], [28.50612, -0.0502], [28.5045, -0.0502], [28.50318, -0.05091], [28.50288, -0.04939], [28.50288, -0.04767], [28.50257, -0.04675], [28.50075, -0.04655], [28.49974, -0.04645], [28.49741, -0.04645], [28.49578, -0.04635], [28.49447, -0.04706], [28.49427, -0.04816], [28.49538, -0.04907], [28.49619, -0.04948], [28.49629, -0.0508], [28.49629, -0.0508], [28.49629, -0.05081], [28.49609, -0.05243], [28.49568, -0.05324], [28.49416, -0.05263], [28.49264, -0.05273], [28.49041, -0.05142], [28.48849, -0.05142], [28.48758, -0.05253], [28.48859, -0.05414], [28.48858, -0.05414], [28.48859, -0.05415], [28.48737, -0.05537], [28.48595, -0.05588], [28.48524, -0.05405], [28.48433, -0.05344], [28.48291, -0.05375], [28.48129, -0.05334], [28.48058, -0.05202], [28.47896, -0.05243], [28.47795, -0.05284], [28.47754, -0.05425], [28.47693, -0.05486], [28.47541, -0.05425], [28.4743, -0.05344], [28.47288, -0.05344], [28.47067, -0.05325], [28.46926, -0.05452], [28.46764, -0.05514], [28.46669, -0.05495], [28.4655, -0.05471], [28.46478, -0.05552], [28.46402, -0.05714], [28.46345, -0.05866], [28.4614, -0.06123], [28.46102, -0.06204], [28.46069, -0.06318], [28.46017, -0.06352], [28.45912, -0.0628], [28.45826, -0.06333], [28.45755, -0.06423], [28.45718, -0.06465], [28.45841, -0.06579], [28.45855, -0.0665], [28.45855, -0.0665], [28.45855, -0.06651], [28.45822, -0.06723], [28.45765, -0.06842], [28.45717, -0.06946], [28.45708, -0.07021], [28.45774, -0.07088], [28.45836, -0.07159], [28.45835, -0.0716], [28.45836, -0.07161], [28.45751, -0.07227], [28.45784, -0.07283], [28.45855, -0.07278], [28.45912, -0.07293], [28.45941, -0.07354], [28.46012, -0.07402], [28.46064, -0.07412], [28.46117, -0.07492], [28.46121, -0.07569], [28.46121, -0.07569], [28.46121, -0.0757], [28.46055, -0.07632], [28.45983, -0.07675], [28.45898, -0.07732], [28.45822, -0.07755], [28.45779, -0.07808], [28.45731, -0.07884], [28.45646, -0.0797], [28.45593, -0.08041], [28.4556, -0.08098], [28.45484, -0.08098], [28.45374, -0.08036], [28.45374, -0.08036], [28.45146, -0.07964], [28.45074, -0.08125], [28.45092, -0.08266], [28.45092, -0.08266], [28.45092, -0.08268], [28.45021, -0.08268], [28.44753, -0.08321], [28.44592, -0.08464], [28.44414, -0.08428], [28.44271, -0.08321], [28.43968, -0.085], [28.43897, -0.08624], [28.44004, -0.08766], [28.44039, -0.08855], [28.44039, -0.08856], [28.44039, -0.08857], [28.43986, -0.09035], [28.43789, -0.09035], [28.43664, -0.09089], [28.43468, -0.09214], [28.43272, -0.09214], [28.43129, -0.09089], [28.43093, -0.08839], [28.43058, -0.08821], [28.42933, -0.09071], [28.4279, -0.09089], [28.42665, -0.09053], [28.42558, -0.09107], [28.42558, -0.09337], [28.42558, -0.09339], [28.42326, -0.09303], [28.42308, -0.09142], [28.4213, -0.09071], [28.41933, -0.09107], [28.41809, -0.09231], [28.41773, -0.09373], [28.4188, -0.09444], [28.4188, -0.09445], [28.4188, -0.09446], [28.41826, -0.09642], [28.41791, -0.09838], [28.41345, -0.0982], [28.41113, -0.09803], [28.41005, -0.09695], [28.40952, -0.09571], [28.40488, -0.09339], [28.40363, -0.0941], [28.40185, -0.09428], [28.39899, -0.09107], [28.39899, -0.08892], [28.3981, -0.08821], [28.39703, -0.08928], [28.39542, -0.08946], [28.39471, -0.09017], [28.39453, -0.09303], [28.39346, -0.09339], [28.39167, -0.09392], [28.38846, -0.09267], [28.38703, -0.09267], [28.3865, -0.09392], [28.38561, -0.09356], [28.384, -0.09321], [28.38239, -0.09392], [28.37972, -0.09196], [28.37882, -0.09321], [28.37704, -0.09553], [28.37347, -0.09606], [28.37204, -0.09606], [28.37169, -0.09767], [28.36954, -0.0991], [28.36847, -0.09838], [28.36705, -0.09856], [28.36633, -0.10052], [28.36615, -0.10247], [28.3674, -0.10319], [28.3674, -0.1032], [28.3674, -0.1032], [28.36651, -0.10588], [28.36562, -0.10891], [28.36455, -0.10927], [28.36365, -0.1082], [28.36187, -0.10623], [28.36187, -0.10623], [28.36187, -0.10622], [28.36241, -0.10515], [28.36258, -0.10338], [28.36098, -0.10142], [28.36062, -0.09981], [28.35848, -0.09874], [28.35741, -0.09981], [28.35562, -0.09999], [28.35313, -0.09927], [28.35188, -0.09678], [28.34902, -0.09678], [28.34599, -0.09624], [28.34492, -0.09499], [28.34278, -0.09392], [28.34099, -0.09142], [28.33974, -0.09035], [28.33796, -0.09142], [28.33831, -0.09284], [28.33831, -0.09285], [28.33831, -0.09285], [28.33814, -0.09428], [28.33689, -0.09499], [28.33635, -0.09642], [28.33653, -0.09801], [28.33653, -0.09801], [28.33653, -0.09803], [28.33546, -0.0991], [28.33278, -0.09892], [28.33171, -0.09981], [28.32868, -0.1007], [28.32725, -0.10213], [28.32457, -0.10284], [28.32243, -0.10445], [28.32047, -0.10267], [28.31833, -0.10088], [28.31726, -0.10159], [28.31511, -0.10195], [28.31369, -0.10427], [28.31369, -0.10533], [28.31494, -0.1064], [28.31493, -0.10641], [28.31494, -0.10641], [28.31476, -0.1082], [28.31476, -0.10943], [28.31654, -0.1114], [28.31708, -0.11354], [28.31708, -0.11354], [28.31708, -0.11355], [28.31654, -0.1148], [28.31422, -0.1148], [28.31262, -0.11498], [28.31119, -0.11623], [28.31012, -0.11551], [28.30922, -0.11373], [28.30815, -0.11319], [28.30673, -0.11409], [28.30583, -0.11462], [28.30423, -0.1148], [28.30262, -0.11587], [28.30155, -0.11641], [28.30048, -0.11748], [28.2987, -0.12015], [28.29887, -0.12157], [28.29887, -0.12157], [28.29887, -0.12158], [28.29816, -0.12212], [28.29531, -0.12212], [28.29406, -0.12158], [28.29281, -0.12176], [28.29174, -0.1223], [28.29174, -0.12389], [28.29406, -0.1246], [28.29405, -0.12461], [28.29406, -0.12462], [28.29281, -0.12658], [28.28977, -0.12926], [28.28959, -0.1305], [28.2887, -0.13193], [28.28763, -0.13407], [28.28478, -0.13407], [28.28299, -0.1355], [28.28156, -0.13497], [28.2796, -0.13461], [28.27889, -0.13514], [28.27764, -0.13693], [28.27657, -0.13764], [28.27567, -0.13711], [28.27425, -0.13729], [28.27407, -0.13888], [28.27532, -0.14031], [28.27567, -0.14138], [28.27567, -0.14138], [28.27567, -0.14139], [28.27443, -0.14228], [28.27246, -0.1405], [28.27139, -0.14032], [28.26925, -0.14068], [28.26764, -0.14175], [28.26586, -0.14407], [28.26461, -0.14496], [28.26354, -0.14264], [28.26354, -0.14068], [28.26193, -0.14068], [28.26158, -0.14264], [28.26015, -0.14425], [28.25836, -0.14478], [28.25622, -0.14674], [28.25622, -0.14869], [28.25729, -0.14959], [28.25783, -0.15048], [28.25782, -0.15048], [28.25783, -0.15049], [28.25694, -0.15138], [28.25515, -0.15138], [28.2539, -0.14978], [28.25158, -0.14906], [28.25033, -0.15049], [28.24837, -0.15138], [28.24409, -0.15156], [28.23998, -0.14871], [28.23838, -0.14871], [28.23516, -0.14817], [28.23409, -0.14657], [28.23249, -0.14657], [28.23195, -0.14728], [28.2307, -0.14871], [28.22963, -0.14871], [28.2282, -0.14746], [28.22588, -0.14728], [28.22356, -0.14746], [28.22267, -0.14996], [28.22124, -0.15031], [28.21982, -0.14835], [28.21928, -0.14532], [28.2175, -0.143], [28.21607, -0.14282], [28.21607, -0.14405], [28.21607, -0.14406], [28.21607, -0.14407], [28.21589, -0.14585], [28.21518, -0.1471], [28.21393, -0.14621], [28.20964, -0.14657], [28.20822, -0.14817], [28.20643, -0.14657], [28.20411, -0.14603], [28.20233, -0.1446], [28.2009, -0.14228], [28.19912, -0.14121], [28.1984, -0.14228], [28.19572, -0.14264], [28.19555, -0.14353], [28.19501, -0.14407], [28.19305, -0.14353], [28.19037, -0.14353], [28.18841, -0.14442], [28.18609, -0.14425], [28.18341, -0.14621], [28.18234, -0.14871], [28.18038, -0.14942], [28.17841, -0.14853], [28.17716, -0.14835], [28.17609, -0.14942], [28.17467, -0.15031], [28.17217, -0.15067], [28.17092, -0.15085], [28.17074, -0.15263], [28.1711, -0.1553], [28.1711, -0.1553], [28.1711, -0.15531], [28.1695, -0.15727], [28.17038, -0.15869], [28.17038, -0.1587], [28.17038, -0.1587], [28.1702, -0.15977], [28.16985, -0.16084], [28.16896, -0.16209], [28.16699, -0.16263], [28.16574, -0.16209], [28.16432, -0.16191], [28.16307, -0.16191], [28.16128, -0.16263], [28.16003, -0.1637], [28.15968, -0.1653], [28.15914, -0.1662], [28.15789, -0.16638], [28.15702, -0.16638], [28.15629, -0.16638], [28.15468, -0.16602], [28.15289, -0.16423], [28.15093, -0.16423], [28.1495, -0.16459], [28.14825, -0.16459], [28.14825, -0.16583], [28.14825, -0.16584], [28.14718, -0.16638], [28.14558, -0.16655], [28.14469, -0.1678], [28.14254, -0.16887], [28.14254, -0.17029], [28.14272, -0.17154], [28.14272, -0.17154], [28.14272, -0.17155], [28.14147, -0.17137], [28.13915, -0.1703], [28.13862, -0.16905], [28.1379, -0.16655], [28.1376, -0.16641], [28.13665, -0.16601], [28.13531, -0.16533], [28.13487, -0.16513], [28.13309, -0.16441], [28.13148, -0.16423], [28.12928, -0.16298], [28.12928, -0.16368], [28.12928, -0.1637], [28.12714, -0.16673], [28.12761, -0.17019], [28.12761, -0.17018], [28.12761, -0.1702], [28.11864, -0.15394], [28.11832, -0.1335], [28.11366, -0.11102], [28.11366, -0.11102], [28.11634, -0.09838], [28.11634, -0.09838], [28.11033, -0.08027], [28.10771, -0.05687], [28.10198, -0.05069], [28.10151, -0.04771], [28.10151, -0.0477], [28.10376, -0.03921], [28.10375, -0.0392], [28.10119, -0.0259], [28.09887, -0.01834], [28.09129, -0.00505], [28.09129, -0.00505], [28.10068, 0.00467], [28.10067, 0.00468], [28.09999, 0.0088], [28.09999, 0.0088], [28.10227, 0.01271], [28.10227, 0.01272], [28.10181, 0.01523], [28.09725, 0.01868], [28.09702, 0.02235], [28.09702, 0.02235], [28.1025, 0.02832], [28.10272, 0.03337], [28.10272, 0.03337], [28.09839, 0.03797], [28.09839, 0.03798], [28.09839, 0.04187], [28.10272, 0.04922], [28.1066, 0.063], [28.1066, 0.06301], [28.10591, 0.06897], [28.09952, 0.07908], [28.09953, 0.07909], [28.10021, 0.08321], [28.10682, 0.09378], [28.10682, 0.09378], [28.10591, 0.09814], [28.10248, 0.10296], [28.10249, 0.10297], [28.10431, 0.10641], [28.12803, 0.11583], [28.13077, 0.11927], [28.13076, 0.11928], [28.1278, 0.12455], [28.1278, 0.12456], [28.13031, 0.12731], [28.1358, 0.1274], [28.13692, 0.12777], [28.13943, 0.13259], [28.13943, 0.1326], [28.13829, 0.1342], [28.13829, 0.13421], [28.13966, 0.13811], [28.1522, 0.14477], [28.15403, 0.15097], [28.15403, 0.15097], [28.15198, 0.15809], [28.14057, 0.18014], [28.1376, 0.18358], [28.13121, 0.1868], [28.12186, 0.18496], [28.12026, 0.1868], [28.12027, 0.1868], [28.12711, 0.19254], [28.12825, 0.19713], [28.12825, 0.19714], [28.12688, 0.20563], [28.12688, 0.20564], [28.12802, 0.21023], [28.13372, 0.2162], [28.13417, 0.22079], [28.13417, 0.22079], [28.12778, 0.2286], [28.12003, 0.23412], [28.11296, 0.23434], [28.10794, 0.23205], [28.10178, 0.23342], [28.09995, 0.2348], [28.09676, 0.24514], [28.09425, 0.24652], [28.08695, 0.24491], [28.0833, 0.24743], [28.08033, 0.25524], [28.07736, 0.258], [28.07622, 0.26512], [28.07462, 0.26604], [28.0696, 0.26489], [28.06618, 0.26971], [28.06595, 0.27293], [28.06595, 0.27293], [28.06846, 0.27798], [28.06846, 0.27799], [28.06778, 0.28051], [28.06207, 0.28488], [28.05842, 0.29682], [28.05522, 0.3021], [28.05454, 0.30739], [28.05454, 0.30739], [28.05681, 0.31797], [28.05772, 0.31725], [28.05807, 0.31457], [28.05915, 0.31208], [28.06022, 0.31065], [28.06039, 0.30852], [28.06039, 0.30775], [28.06039, 0.30744], [28.06218, 0.30656], [28.06379, 0.30584], [28.06593, 0.30406]]]}}, {"type": "Feature", "properties": {"zone": "Tchomia", "province": "Ituri", "confirmed_cases": 76, "confirmed_deaths": 25}, "geometry": {"type": "Polygon", "coordinates": [[[30.52516, 1.37825], [30.51562, 1.38328], [30.51377, 1.38411], [30.50745, 1.38694], [30.49837, 1.39288], [30.49337, 1.39562], [30.48838, 1.39973], [30.47884, 1.40522], [30.47521, 1.40841], [30.46888, 1.41288], [30.46888, 1.41288], [30.46888, 1.41288], [30.46887, 1.41288], [30.46151, 1.41229], [30.45986, 1.41664], [30.45021, 1.42182], [30.44098, 1.42954], [30.43473, 1.43728], [30.4269, 1.44248], [30.42181, 1.44772], [30.40344, 1.4487], [30.38428, 1.45184], [30.37822, 1.45099], [30.36893, 1.45097], [30.3515, 1.44851], [30.35175, 1.45024], [30.3596, 1.4638], [30.37459, 1.48593], [30.38103, 1.48782], [30.38673, 1.4895], [30.40386, 1.49664], [30.41599, 1.50592], [30.42313, 1.52233], [30.42813, 1.53733], [30.43384, 1.54375], [30.44098, 1.55017], [30.44455, 1.55874], [30.45097, 1.56088], [30.46096, 1.56873], [30.46239, 1.57944], [30.46882, 1.58658], [30.47952, 1.59443], [30.48804, 1.59372], [30.48864, 1.59367], [30.49666, 1.593], [30.50808, 1.59229], [30.51522, 1.59229], [30.52378, 1.59229], [30.53449, 1.59229], [30.54377, 1.59372], [30.55376, 1.598], [30.56304, 1.60371], [30.56804, 1.60657], [30.57446, 1.61371], [30.58803, 1.61942], [30.59517, 1.62941], [30.60516, 1.63655], [30.61012, 1.64648], [30.61097, 1.64817], [30.6123, 1.65083], [30.62586, 1.66439], [30.63229, 1.6751], [30.64513, 1.68723], [30.65727, 1.6908], [30.66726, 1.70436], [30.69225, 1.72007], [30.69707, 1.71599], [30.70078, 1.71518], [30.70153, 1.71222], [30.70281, 1.70136], [30.70916, 1.6947], [30.71334, 1.69081], [30.71976, 1.68469], [30.72434, 1.67888], [30.72893, 1.67277], [30.73688, 1.66757], [30.74147, 1.6639], [30.75064, 1.64617], [30.76654, 1.63608], [30.77449, 1.62874], [30.78244, 1.61804], [30.79314, 1.60826], [30.80261, 1.60061], [30.80812, 1.59542], [30.81454, 1.5893], [30.81668, 1.58655], [30.81895, 1.585], [30.81295, 1.583], [30.79995, 1.573], [30.70096, 1.496], [30.69996, 1.494], [30.65796, 1.445], [30.6325, 1.41103], [30.62082, 1.39084], [30.60521, 1.35774], [30.60001, 1.34838], [30.60001, 1.34838], [30.59463, 1.34855], [30.58147, 1.35495], [30.57602, 1.35952], [30.56194, 1.36546], [30.55695, 1.36866], [30.53697, 1.37505], [30.52516, 1.37825]]]}}, {"type": "Feature", "properties": {"zone": "Fataki", "province": "Ituri", "confirmed_cases": 84, "confirmed_deaths": 31}, "geometry": {"type": "Polygon", "coordinates": [[[30.57871, 2.02499], [30.59727, 2.01285], [30.59742, 2.01314], [30.5987, 2.01285], [30.60512, 2.00215], [30.61512, 2.00215], [30.62654, 2.00429], [30.65438, 1.99073], [30.6708, 1.98287], [30.67865, 1.97002], [30.68579, 1.9686], [30.69578, 1.9636], [30.70863, 1.95789], [30.71648, 1.94575], [30.72077, 1.93505], [30.72016, 1.93309], [30.71791, 1.92577], [30.71506, 1.91577], [30.70221, 1.91006], [30.69293, 1.90792], [30.68079, 1.90221], [30.68008, 1.89436], [30.67294, 1.88294], [30.65652, 1.88508], [30.63725, 1.88722], [30.63482, 1.88908], [30.62511, 1.8965], [30.60084, 1.87366], [30.5911, 1.86452], [30.59092, 1.86435], [30.58924, 1.86427], [30.58542, 1.86375], [30.58042, 1.86875], [30.57875, 1.87375], [30.58042, 1.87625], [30.57958, 1.87875], [30.58042, 1.88208], [30.57875, 1.88292], [30.57458, 1.88375], [30.57292, 1.88208], [30.56625, 1.88125], [30.56125, 1.88458], [30.55792, 1.88542], [30.55542, 1.88708], [30.55625, 1.89208], [30.55208, 1.89625], [30.54792, 1.89125], [30.54625, 1.89125], [30.54292, 1.89375], [30.53708, 1.89292], [30.53125, 1.89625], [30.52875, 1.89625], [30.52792, 1.89375], [30.52542, 1.89375], [30.52292, 1.89625], [30.52292, 1.89875], [30.52125, 1.90042], [30.51708, 1.90125], [30.51292, 1.89708], [30.51125, 1.89875], [30.51042, 1.89792], [30.50792, 1.89375], [30.50792, 1.89208], [30.50458, 1.88792], [30.50375, 1.88542], [30.50042, 1.88208], [30.49625, 1.88042], [30.49375, 1.88292], [30.49208, 1.88292], [30.48958, 1.88125], [30.48542, 1.87625], [30.48454, 1.87189], [30.4852, 1.86795], [30.49377, 1.86081], [30.50233, 1.85652], [30.50519, 1.85153], [30.50733, 1.83939], [30.49805, 1.82155], [30.49305, 1.81512], [30.48663, 1.80941], [30.47663, 1.80941], [30.46307, 1.81155], [30.45522, 1.82369], [30.45094, 1.83297], [30.44461, 1.8279], [30.4438, 1.82726], [30.44023, 1.8194], [30.44166, 1.81084], [30.44094, 1.7987], [30.4338, 1.79228], [30.42738, 1.79156], [30.4231, 1.78657], [30.4181, 1.78157], [30.41167, 1.77729], [30.40239, 1.77086], [30.39454, 1.76444], [30.39425, 1.76416], [30.38809, 1.77062], [30.38875, 1.77125], [30.38042, 1.77875], [30.38042, 1.78042], [30.37875, 1.78208], [30.37458, 1.78125], [30.37208, 1.78375], [30.37292, 1.78458], [30.37292, 1.78708], [30.37208, 1.78792], [30.36708, 1.78792], [30.36542, 1.78958], [30.36542, 1.79458], [30.36458, 1.79542], [30.36875, 1.79625], [30.37208, 1.79292], [30.37708, 1.79625], [30.37792, 1.79708], [30.37875, 1.80375], [30.38208, 1.80625], [30.38458, 1.81042], [30.38375, 1.81208], [30.38458, 1.81292], [30.38375, 1.81375], [30.38875, 1.81542], [30.38958, 1.81792], [30.39208, 1.81958], [30.39125, 1.82208], [30.39208, 1.82292], [30.39458, 1.82125], [30.39625, 1.82125], [30.40375, 1.82875], [30.40542, 1.82875], [30.40875, 1.83208], [30.41042, 1.83542], [30.40958, 1.83625], [30.41292, 1.83958], [30.41292, 1.84458], [30.41208, 1.84542], [30.41292, 1.84625], [30.41292, 1.84875], [30.41542, 1.85042], [30.41708, 1.85042], [30.41875, 1.85292], [30.42208, 1.85458], [30.42458, 1.85792], [30.42792, 1.86042], [30.43042, 1.86042], [30.43208, 1.86208], [30.43208, 1.86458], [30.43375, 1.86625], [30.43958, 1.87042], [30.44292, 1.87042], [30.44375, 1.87125], [30.44458, 1.87458], [30.44708, 1.88042], [30.44792, 1.88208], [30.44708, 1.88292], [30.44708, 1.88625], [30.44542, 1.88792], [30.44542, 1.89042], [30.44458, 1.89125], [30.44958, 1.89458], [30.45625, 1.90208], [30.45292, 1.90792], [30.45792, 1.91375], [30.46125, 1.91625], [30.46125, 1.91708], [30.46708, 1.92125], [30.46708, 1.92375], [30.46958, 1.92625], [30.46958, 1.92958], [30.47125, 1.93208], [30.47375, 1.93292], [30.47625, 1.93208], [30.48042, 1.93542], [30.48875, 1.93542], [30.49208, 1.93792], [30.49625, 1.93792], [30.49875, 1.94042], [30.50125, 1.94042], [30.50292, 1.94208], [30.50542, 1.94458], [30.50542, 1.94625], [30.50375, 1.94792], [30.50625, 1.94958], [30.50792, 1.95375], [30.51542, 1.96208], [30.51958, 1.96208], [30.52208, 1.96458], [30.52208, 1.97042], [30.52042, 1.97208], [30.52042, 1.97375], [30.52292, 1.97958], [30.52292, 1.98208], [30.52458, 1.98375], [30.52625, 1.98542], [30.52958, 1.98792], [30.53208, 1.98792], [30.53375, 1.98958], [30.53375, 1.99292], [30.53625, 1.99542], [30.53958, 1.99875], [30.54292, 1.99875], [30.54792, 2.00292], [30.54873, 2.01107], [30.54802, 2.02606], [30.54607, 2.03617], [30.54802, 2.03712], [30.55658, 2.03284], [30.56943, 2.02856], [30.57871, 2.02499]]]}}, {"type": "Feature", "properties": {"zone": "Komanda", "province": "Ituri", "confirmed_cases": 176, "confirmed_deaths": 107}, "geometry": {"type": "Polygon", "coordinates": [[[29.79125, 1.45458], [29.79542, 1.45042], [29.79708, 1.45042], [29.79875, 1.44875], [29.79875, 1.44625], [29.80042, 1.44292], [29.80542, 1.44792], [29.80542, 1.44958], [29.80792, 1.45125], [29.81042, 1.45125], [29.81208, 1.44958], [29.81208, 1.44542], [29.81625, 1.43958], [29.81625, 1.43458], [29.82042, 1.42958], [29.82375, 1.42875], [29.82875, 1.43458], [29.83293, 1.4379], [29.83469, 1.43941], [29.85611, 1.42228], [29.89251, 1.39587], [29.90964, 1.37802], [29.9332, 1.3409], [29.94441, 1.33238], [29.94469, 1.33217], [29.94537, 1.33165], [29.95105, 1.32734], [29.97058, 1.31897], [29.97103, 1.31877], [29.96776, 1.31512], [29.96314, 1.31435], [29.96429, 1.31058], [29.96101, 1.30649], [29.9576, 1.29886], [29.95292, 1.29051], [29.95292, 1.28242], [29.95601, 1.27936], [29.95971, 1.26982], [29.95365, 1.2672], [29.95258, 1.26171], [29.95102, 1.25366], [29.95182, 1.24822], [29.94796, 1.24339], [29.94491, 1.23956], [29.94185, 1.2373], [29.94143, 1.23176], [29.94174, 1.22011], [29.93619, 1.21342], [29.93765, 1.20858], [29.93342, 1.20533], [29.93044, 1.20074], [29.91994, 1.19383], [29.91747, 1.19085], [29.91104, 1.18085], [29.90819, 1.16515], [29.90636, 1.16554], [29.90458, 1.16554], [29.90261, 1.16545], [29.89913, 1.165], [29.89708, 1.16329], [29.89708, 1.15792], [29.89792, 1.15708], [29.89625, 1.15542], [29.89125, 1.15375], [29.88458, 1.15125], [29.88042, 1.14792], [29.87792, 1.14792], [29.87708, 1.14708], [29.87625, 1.14458], [29.87708, 1.14208], [29.87458, 1.14125], [29.87375, 1.13875], [29.87125, 1.13708], [29.86708, 1.13208], [29.86458, 1.13208], [29.86375, 1.13125], [29.86458, 1.12708], [29.85958, 1.12375], [29.85208, 1.12375], [29.85042, 1.12458], [29.84958, 1.12375], [29.84852, 1.12293], [29.85399, 1.11583], [29.85511, 1.10594], [29.8623, 1.09691], [29.86787, 1.09212], [29.86936, 1.08735], [29.86852, 1.08316], [29.86437, 1.06241], [29.86429, 1.062], [29.85906, 1.03587], [29.85674, 1.02427], [29.85663, 1.0237], [29.84892, 0.98517], [29.81597, 0.94715], [29.75006, 0.9294], [29.70138, 0.88467], [29.70138, 0.88467], [29.70138, 0.88467], [29.71329, 0.88594], [29.71329, 0.88594], [29.71785, 0.88391], [29.7219, 0.88011], [29.72317, 0.87454], [29.72823, 0.87175], [29.73251, 0.87156], [29.73225, 0.87128], [29.72679, 0.86551], [29.72388, 0.86518], [29.71441, 0.86411], [29.70469, 0.86441], [29.69599, 0.86833], [29.69094, 0.87357], [29.69075, 0.87378], [29.69073, 0.87379], [29.68893, 0.87566], [29.68575, 0.87916], [29.68574, 0.87916], [29.68555, 0.87937], [29.68551, 0.87942], [29.68383, 0.88128], [29.68291, 0.8823], [29.68175, 0.88358], [29.68162, 0.88373], [29.68148, 0.88388], [29.66895, 0.89775], [29.66365, 0.90612], [29.65912, 0.90768], [29.64853, 0.90153], [29.64087, 0.90105], [29.63673, 0.89538], [29.63399, 0.88611], [29.62735, 0.88162], [29.62617, 0.87357], [29.62791, 0.86355], [29.62749, 0.85632], [29.62319, 0.85346], [29.61875, 0.85341], [29.61384, 0.85456], [29.60796, 0.85851], [29.60014, 0.86123], [29.59086, 0.86073], [29.58595, 0.86188], [29.57253, 0.87096], [29.56672, 0.87371], [29.55979, 0.87484], [29.54754, 0.86948], [29.53735, 0.86334], [29.5285, 0.86244], [29.52291, 0.86117], [29.52085, 0.85432], [29.52164, 0.8471], [29.52821, 0.83753], [29.52862, 0.83296], [29.52877, 0.83119], [29.52887, 0.83015], [29.52924, 0.8259], [29.52923, 0.82472], [29.52922, 0.8234], [29.52914, 0.81532], [29.52913, 0.81451], [29.52912, 0.81304], [29.53231, 0.80625], [29.53686, 0.78872], [29.52114, 0.78986], [29.50964, 0.79021], [29.49457, 0.80102], [29.49294, 0.8113], [29.49147, 0.82055], [29.48988, 0.82693], [29.48868, 0.83174], [29.48611, 0.84202], [29.48132, 0.84501], [29.47599, 0.85205], [29.4754, 0.85284], [29.47495, 0.85303], [29.45806, 0.86022], [29.45486, 0.85862], [29.45188, 0.85196], [29.44708, 0.84737], [29.44478, 0.83726], [29.44204, 0.83404], [29.4297, 0.83015], [29.41988, 0.82327], [29.41576, 0.8157], [29.41393, 0.81549], [29.40959, 0.81501], [29.40456, 0.80997], [29.39863, 0.81158], [29.39799, 0.81281], [29.39612, 0.81641], [29.3889, 0.81878], [29.38837, 0.81895], [29.38674, 0.82086], [29.38267, 0.82563], [29.38267, 0.82563], [29.38193, 0.82851], [29.38193, 0.82851], [29.37926, 0.83896], [29.37769, 0.84013], [29.37769, 0.84013], [29.37151, 0.84472], [29.37151, 0.84472], [29.36969, 0.85254], [29.37044, 0.85479], [29.37175, 0.85874], [29.36767, 0.86309], [29.36765, 0.86311], [29.36765, 0.86311], [29.36765, 0.86312], [29.36765, 0.86312], [29.36765, 0.86312], [29.36971, 0.8684], [29.36835, 0.87093], [29.36835, 0.87093], [29.36411, 0.87407], [29.3615, 0.876], [29.3615, 0.876], [29.35854, 0.88198], [29.35565, 0.88323], [29.35565, 0.88323], [29.35216, 0.88474], [29.34855, 0.89043], [29.34855, 0.89043], [29.34327, 0.89877], [29.34327, 0.89878], [29.33974, 0.90208], [29.33974, 0.90209], [29.33947, 0.90234], [29.33688, 0.90476], [29.33388, 0.90637], [29.33388, 0.90638], [29.32958, 0.90868], [29.32958, 0.90868], [29.32958, 0.90868], [29.32136, 0.90892], [29.316, 0.9129], [29.316, 0.9129], [29.31361, 0.91468], [29.31361, 0.91468], [29.31202, 0.92158], [29.31408, 0.92847], [29.3134, 0.93055], [29.31272, 0.93261], [29.31272, 0.93261], [29.30861, 0.93584], [29.3072, 0.93627], [29.30339, 0.93743], [29.2988, 0.93884], [29.29789, 0.94183], [29.29789, 0.94183], [29.29873, 0.94533], [29.29949, 0.94849], [29.29744, 0.95332], [29.29745, 0.95332], [29.29419, 0.95457], [29.29083, 0.95586], [29.29082, 0.95586], [29.28992, 0.95747], [29.2938, 0.9616], [29.2938, 0.9616], [29.2938, 0.9616], [29.297, 0.96252], [29.30246, 0.96904], [29.30265, 0.96927], [29.30281, 0.96945], [29.30286, 0.96951], [29.3029, 0.96957], [29.30291, 0.96958], [29.30291, 0.96958], [29.30292, 0.96958], [29.30293, 0.9696], [29.30562, 0.97281], [29.31026, 0.97836], [29.3103, 0.97863], [29.31035, 0.979], [29.31083, 0.98268], [29.31165, 0.98893], [29.31175, 0.98909], [29.31183, 0.98921], [29.31191, 0.98933], [29.31191, 0.98933], [29.31302, 0.991], [29.31375, 0.99118], [29.31375, 0.99118], [29.31576, 0.99169], [29.32512, 0.98731], [29.33699, 0.98775], [29.34842, 0.99302], [29.35002, 0.99509], [29.35011, 0.99578], [29.35018, 0.99635], [29.35094, 1.00221], [29.35187, 1.01164], [29.35758, 1.01622], [29.35851, 1.03048], [29.35875, 1.03121], [29.35876, 1.03124], [29.36035, 1.03622], [29.36538, 1.03943], [29.36555, 1.03946], [29.37177, 1.04057], [29.37429, 1.04356], [29.37382, 1.05025], [29.37375, 1.0513], [29.37375, 1.0513], [29.37375, 1.05131], [29.37369, 1.05214], [29.37369, 1.05221], [29.37317, 1.05965], [29.37637, 1.06563], [29.37776, 1.07597], [29.37526, 1.08195], [29.37641, 1.09229], [29.37232, 1.10471], [29.37392, 1.11161], [29.38833, 1.12032], [29.39519, 1.12698], [29.39908, 1.13433], [29.39749, 1.141], [29.39864, 1.14583], [29.40344, 1.15111], [29.41397, 1.16535], [29.41237, 1.16765], [29.40956, 1.16794], [29.40881, 1.16801], [29.40552, 1.16835], [29.4053, 1.17111], [29.40625, 1.17269], [29.40669, 1.17343], [29.41262, 1.18329], [29.4146, 1.18375], [29.41521, 1.18389], [29.41584, 1.18404], [29.42427, 1.18603], [29.43128, 1.18215], [29.43386, 1.18072], [29.43426, 1.18092], [29.43508, 1.18134], [29.43628, 1.18194], [29.43703, 1.18231], [29.44163, 1.18462], [29.44187, 1.18496], [29.44208, 1.18526], [29.44316, 1.18677], [29.44342, 1.18714], [29.44392, 1.18784], [29.43389, 1.19889], [29.43595, 1.20141], [29.4412, 1.20141], [29.44508, 1.19841], [29.4494, 1.18783], [29.45488, 1.18989], [29.46037, 1.19195], [29.46427, 1.19976], [29.46875, 1.20437], [29.47022, 1.20588], [29.47387, 1.20963], [29.47229, 1.2163], [29.47312, 1.22562], [29.47312, 1.22562], [29.47321, 1.22665], [29.47505, 1.23032], [29.47518, 1.23113], [29.47799, 1.24784], [29.47842, 1.25041], [29.47872, 1.25215], [29.48104, 1.26595], [29.48104, 1.26595], [29.479, 1.27424], [29.4806, 1.27952], [29.49592, 1.28594], [29.50507, 1.29351], [29.51215, 1.29649], [29.51833, 1.30475], [29.52954, 1.31531], [29.52796, 1.32566], [29.53186, 1.33647], [29.52822, 1.34406], [29.52845, 1.34682], [29.54515, 1.36128], [29.56001, 1.36723], [29.56001, 1.36723], [29.58458, 1.36796], [29.58748, 1.40743], [29.58749, 1.40743], [29.59856, 1.42218], [29.6003, 1.42449], [29.61405, 1.4428], [29.62045, 1.44969], [29.63303, 1.45702], [29.65519, 1.45629], [29.66309, 1.44151], [29.66321, 1.44176], [29.66323, 1.44125], [29.66453, 1.4388], [29.66704, 1.43626], [29.67389, 1.43326], [29.68052, 1.43394], [29.68348, 1.43209], [29.69536, 1.4323], [29.71024, 1.43448], [29.71024, 1.43448], [29.71929, 1.4358], [29.7198, 1.43588], [29.72459, 1.43658], [29.72484, 1.43662], [29.72625, 1.43542], [29.72659, 1.4355], [29.72894, 1.43609], [29.72958, 1.43625], [29.73208, 1.43875], [29.73375, 1.43875], [29.73792, 1.44208], [29.73958, 1.44208], [29.73958, 1.43542], [29.74708, 1.44375], [29.74875, 1.44375], [29.75125, 1.44625], [29.75375, 1.44708], [29.75542, 1.44625], [29.75958, 1.44625], [29.76375, 1.44875], [29.76958, 1.45292], [29.76958, 1.45625], [29.77292, 1.46042], [29.78625, 1.46042], [29.78708, 1.45958], [29.78792, 1.45875], [29.78958, 1.45792], [29.79125, 1.45458]]]}}, {"type": "Feature", "properties": {"zone": "Kilo", "province": "Ituri", "confirmed_cases": 38, "confirmed_deaths": 12}, "geometry": {"type": "Polygon", "coordinates": [[[30.16826, 1.83065], [30.1748, 1.80983], [30.17747, 1.80282], [30.17956, 1.79733], [30.17658, 1.78365], [30.17182, 1.77711], [30.16826, 1.77235], [30.16826, 1.76045], [30.16707, 1.75094], [30.16409, 1.7432], [30.15874, 1.73547], [30.15219, 1.72417], [30.14922, 1.7206], [30.1403, 1.72179], [30.12959, 1.72], [30.12729, 1.70282], [30.12405, 1.69629], [30.12372, 1.69563], [30.12282, 1.69381], [30.11157, 1.68105], [30.11049, 1.67983], [30.0964, 1.66385], [30.09083, 1.65023], [30.08089, 1.63977], [30.06905, 1.65428], [30.05913, 1.66069], [30.03688, 1.66059], [30.01536, 1.65566], [30.00076, 1.65318], [29.99088, 1.66442], [29.99796, 1.6862], [30.01856, 1.70446], [30.01856, 1.70446], [30.03356, 1.71775], [30.03814, 1.72181], [30.03821, 1.72987], [30.02981, 1.73547], [30.02067, 1.74268], [30.0, 1.74509], [30.0, 1.74592], [30.0, 1.74702], [30.0, 1.75167], [30.0, 1.75251], [30.0, 1.75905], [29.98918, 1.7606], [29.98692, 1.77142], [29.98786, 1.77453], [29.98818, 1.77559], [29.98836, 1.77619], [29.98842, 1.77637], [29.98895, 1.77811], [29.98922, 1.779], [29.99166, 1.77967], [29.99251, 1.78004], [29.99292, 1.78208], [29.99625, 1.78542], [29.99708, 1.79125], [29.99958, 1.79208], [30.00375, 1.79042], [30.00792, 1.79042], [30.00958, 1.79125], [30.01125, 1.79042], [30.01208, 1.79125], [30.01208, 1.79375], [30.01375, 1.79625], [30.01292, 1.79958], [30.01458, 1.80208], [30.01375, 1.80458], [30.01292, 1.80542], [30.01375, 1.80625], [30.01375, 1.80875], [30.01125, 1.81292], [30.01292, 1.81458], [30.01542, 1.81375], [30.01625, 1.81458], [30.01542, 1.81625], [30.01792, 1.81875], [30.02042, 1.81875], [30.02208, 1.82042], [30.02208, 1.82292], [30.02125, 1.82375], [30.02208, 1.82625], [30.02458, 1.82625], [30.03042, 1.83208], [30.03208, 1.83208], [30.03792, 1.83208], [30.04042, 1.83458], [30.04042, 1.83708], [30.04208, 1.83875], [30.04542, 1.83875], [30.04625, 1.83958], [30.04571, 1.84339], [30.04683, 1.8452], [30.05571, 1.84742], [30.06487, 1.84742], [30.08652, 1.84909], [30.10318, 1.85242], [30.11567, 1.85825], [30.12983, 1.86325], [30.14315, 1.87324], [30.14868, 1.87877], [30.15636, 1.87229], [30.16231, 1.85623], [30.16469, 1.84433], [30.16628, 1.83824], [30.16635, 1.83794], [30.16826, 1.83065]]]}}, {"type": "Feature", "properties": {"zone": "Isiro", "province": "Haut-Uele", "confirmed_cases": 102, "confirmed_deaths": 44}, "geometry": {"type": "Polygon", "coordinates": [[[27.1634, 2.89585], [27.16937, 2.88481], [27.17326, 2.88481], [27.17646, 2.88689], [27.18127, 2.88298], [27.18266, 2.87378], [27.18564, 2.87102], [27.18627, 2.87062], [27.18925, 2.87125], [27.19662, 2.87172], [27.19876, 2.87046], [27.20423, 2.86725], [27.21769, 2.85932], [27.22319, 2.85404], [27.23235, 2.85174], [27.23922, 2.84692], [27.24678, 2.84394], [27.2525, 2.83773], [27.25732, 2.826], [27.26122, 2.82025], [27.26947, 2.81496], [27.27199, 2.80783], [27.28598, 2.78783], [27.30453, 2.77657], [27.3093, 2.77135], [27.30935, 2.7713], [27.30935, 2.7713], [27.31014, 2.77043], [27.3201, 2.75955], [27.32743, 2.75381], [27.34416, 2.74923], [27.36173, 2.74031], [27.37313, 2.73629], [27.38405, 2.7366], [27.39494, 2.74984], [27.40395, 2.75209], [27.42435, 2.75895], [27.44, 2.76828], [27.45092, 2.76427], [27.46089, 2.76123], [27.47509, 2.78257], [27.4879, 2.78908], [27.50404, 2.78881], [27.50641, 2.79069], [27.50496, 2.80174], [27.49973, 2.80758], [27.49973, 2.8098], [27.49973, 2.8098], [27.49972, 2.81143], [27.49972, 2.81525], [27.50731, 2.81704], [27.513, 2.81647], [27.51823, 2.81639], [27.51836, 2.82301], [27.51867, 2.83076], [27.51972, 2.8338], [27.51973, 2.8338], [27.51973, 2.83381], [27.51973, 2.83381], [27.52245, 2.84172], [27.52861, 2.84737], [27.53667, 2.8506], [27.55806, 2.83683], [27.55968, 2.83571], [27.56661, 2.83094], [27.57307, 2.82844], [27.57338, 2.82832], [27.57338, 2.82832], [27.57628, 2.8272], [27.58086, 2.82543], [27.58516, 2.82357], [27.59464, 2.81946], [27.6046, 2.81882], [27.60791, 2.82595], [27.60566, 2.83379], [27.60503, 2.83596], [27.60367, 2.8407], [27.60361, 2.84088], [27.60331, 2.84521], [27.60267, 2.85438], [27.60267, 2.85438], [27.60267, 2.85438], [27.63645, 2.85225], [27.68338, 2.8493], [27.68338, 2.8493], [27.69022, 2.84886], [27.69134, 2.84879], [27.69407, 2.84862], [27.69338, 2.84867], [27.68979, 2.83304], [27.68868, 2.81976], [27.68867, 2.80648], [27.70847, 2.78654], [27.70736, 2.76884], [27.68975, 2.75888], [27.65782, 2.75005], [27.63581, 2.74895], [27.62149, 2.74011], [27.60938, 2.72904], [27.60717, 2.70691], [27.61597, 2.69584], [27.62917, 2.67701], [27.64016, 2.66151], [27.65116, 2.64269], [27.68086, 2.62054], [27.70177, 2.61389], [27.70755, 2.60588], [27.70299, 2.60577], [27.69386, 2.60287], [27.69404, 2.58621], [27.69272, 2.58458], [27.68822, 2.57902], [27.68177, 2.57397], [27.66184, 2.56063], [27.65295, 2.56348], [27.64696, 2.57084], [27.64554, 2.57575], [27.64462, 2.57895], [27.64266, 2.58574], [27.63189, 2.59862], [27.62688, 2.59749], [27.62163, 2.5915], [27.6217, 2.58503], [27.62172, 2.58332], [27.62154, 2.58249], [27.62138, 2.58174], [27.62046, 2.57743], [27.61779, 2.5649], [27.59863, 2.53429], [27.58201, 2.51484], [27.57397, 2.50865], [27.56502, 2.50176], [27.55613, 2.49332], [27.55401, 2.49133], [27.54972, 2.48728], [27.54939, 2.48698], [27.54863, 2.48626], [27.54842, 2.48606], [27.54822, 2.48587], [27.54519, 2.48302], [27.54164, 2.47968], [27.53609, 2.47371], [27.52467, 2.46478], [27.50868, 2.442], [27.50435, 2.43267], [27.50442, 2.426], [27.50714, 2.41155], [27.51058, 2.40143], [27.5099, 2.39269], [27.50684, 2.38499], [27.5113, 2.36259], [27.50726, 2.35691], [27.50702, 2.35656], [27.50477, 2.3534], [27.50387, 2.35213], [27.50328, 2.35143], [27.50328, 2.35143], [27.5005, 2.34816], [27.50039, 2.34809], [27.49851, 2.34582], [27.48594, 2.33388], [27.47652, 2.3313], [27.4731, 2.33135], [27.4722, 2.33136], [27.46995, 2.33139], [27.46991, 2.33136], [27.42454, 2.33145], [27.40627, 2.32717], [27.39869, 2.3185], [27.39563, 2.30193], [27.39083, 2.29962], [27.38397, 2.29961], [27.38077, 2.29708], [27.37917, 2.2934], [27.38307, 2.28351], [27.39154, 2.28029], [27.3952, 2.27339], [27.39566, 2.26833], [27.39339, 2.26097], [27.39499, 2.25568], [27.40301, 2.24694], [27.40988, 2.2359], [27.41309, 2.22072], [27.40191, 2.19586], [27.39677, 2.1605], [27.3965, 2.1587], [27.3962, 2.15663], [27.38687, 2.14569], [27.38345, 2.13717], [27.38574, 2.13257], [27.38346, 2.12475], [27.37684, 2.11807], [27.3741, 2.11232], [27.37206, 2.09943], [27.36612, 2.0916], [27.36109, 2.08999], [27.35654, 2.09081], [27.35341, 2.09138], [27.35103, 2.09182], [27.34941, 2.09018], [27.34814, 2.08891], [27.34669, 2.08744], [27.33983, 2.08513], [27.33549, 2.08582], [27.32305, 2.07878], [27.31868, 2.07309], [27.31559, 2.0589], [27.31514, 2.04588], [27.31377, 2.03651], [27.31377, 2.03651], [27.29412, 2.02377], [27.28639, 2.02843], [27.27931, 2.03524], [27.27547, 2.03894], [27.26669, 2.04719], [27.25368, 2.048], [27.25369, 2.04064], [27.24991, 2.03547], [27.2473, 2.03189], [27.2441, 2.02889], [27.23512, 2.02682], [27.23107, 2.02589], [27.22879, 2.02381], [27.22719, 2.01852], [27.22713, 2.01575], [27.22698, 2.00886], [27.22881, 2.00564], [27.23476, 2.00334], [27.23659, 2.00036], [27.23591, 1.99759], [27.23888, 1.993], [27.24004, 1.98564], [27.2469, 1.98058], [27.24851, 1.97598], [27.24472, 1.97274], [27.24394, 1.97207], [27.24257, 1.96815], [27.24624, 1.96172], [27.24505, 1.96059], [27.24392, 1.95952], [27.24258, 1.95826], [27.23643, 1.95885], [27.22841, 1.95963], [27.22473, 1.95843], [27.22247, 1.95318], [27.22368, 1.94944], [27.22523, 1.94467], [27.22478, 1.93961], [27.21884, 1.93339], [27.21953, 1.92948], [27.21588, 1.92303], [27.21291, 1.92119], [27.21018, 1.91129], [27.19258, 1.91242], [27.1871, 1.90621], [27.17956, 1.90298], [27.16995, 1.90572], [27.15282, 1.90202], [27.14916, 1.8965], [27.14299, 1.89603], [27.14024, 1.90132], [27.13681, 1.9043], [27.12767, 1.90819], [27.11096, 1.91531], [27.10639, 1.91576], [27.10365, 1.91392], [27.0945, 1.91175], [27.09013, 1.91095], [27.08358, 1.90984], [27.07463, 1.90836], [27.06044, 1.91478], [27.05358, 1.92144], [27.04786, 1.92397], [27.04404, 1.94119], [27.0453, 1.95042], [27.04507, 1.95525], [27.04026, 1.95892], [27.03637, 1.96398], [27.03545, 1.96766], [27.03612, 1.97479], [27.04183, 1.98377], [27.04273, 1.99159], [27.04278, 1.99381], [27.04316, 2.01092], [27.04566, 2.0169], [27.05228, 2.02336], [27.05181, 2.03164], [27.05682, 2.04706], [27.05613, 2.05304], [27.05931, 2.06248], [27.05862, 2.06777], [27.05542, 2.07144], [27.05473, 2.07544], [27.05357, 2.08225], [27.05392, 2.08584], [27.05492, 2.09606], [27.05375, 2.11584], [27.0558, 2.12206], [27.06084, 2.12642], [27.0645, 2.1296], [27.07202, 2.13612], [27.0759, 2.13727], [27.08299, 2.13475], [27.08505, 2.13636], [27.08709, 2.14649], [27.09166, 2.15041], [27.09485, 2.15915], [27.1024, 2.15778], [27.10423, 2.15894], [27.1065, 2.16492], [27.10948, 2.16608], [27.11154, 2.16378], [27.11405, 2.16539], [27.12157, 2.18519], [27.12132, 2.19761], [27.12612, 2.20337], [27.12611, 2.20833], [27.1261, 2.21971], [27.12861, 2.22247], [27.13364, 2.22409], [27.13853, 2.2347], [27.13853, 2.2347], [27.1471, 2.25207], [27.1471, 2.25207], [27.15827, 2.27336], [27.16374, 2.28671], [27.16648, 2.28902], [27.17128, 2.29086], [27.17792, 2.28995], [27.18218, 2.30509], [27.18265, 2.30677], [27.18847, 2.32802], [27.19066, 2.34358], [27.1911, 2.35186], [27.18835, 2.36014], [27.18357, 2.36389], [27.18308, 2.36428], [27.17828, 2.36588], [27.1666, 2.37507], [27.15309, 2.38978], [27.15194, 2.39438], [27.14506, 2.40519], [27.13705, 2.40679], [27.14505, 2.41163], [27.15145, 2.41877], [27.15762, 2.41901], [27.16014, 2.41717], [27.16083, 2.41418], [27.16426, 2.41396], [27.1654, 2.41557], [27.16697, 2.44065], [27.16515, 2.44443], [27.16032, 2.45445], [27.15258, 2.4777], [27.15251, 2.47791], [27.14839, 2.48435], [27.14853, 2.49918], [27.14898, 2.54386], [27.1442, 2.56312], [27.13545, 2.57546], [27.12997, 2.56878], [27.11304, 2.56853], [27.11007, 2.57014], [27.10184, 2.56506], [27.09566, 2.56644], [27.07873, 2.56365], [27.06912, 2.56433], [27.05563, 2.56201], [27.04259, 2.56245], [27.0332, 2.56566], [27.0268, 2.55784], [27.02671, 2.55772], [27.02566, 2.55644], [27.01814, 2.53733], [27.0138, 2.53526], [27.00191, 2.53363], [26.99527, 2.53431], [26.98978, 2.53223], [26.98498, 2.53291], [26.9804, 2.53682], [26.97308, 2.53497], [26.95614, 2.53862], [26.94951, 2.53677], [26.94196, 2.53791], [26.93807, 2.53744], [26.92893, 2.53053], [26.91956, 2.5289], [26.91566, 2.52935], [26.90147, 2.53647], [26.89324, 2.53484], [26.90328, 2.55005], [26.90555, 2.56087], [26.90965, 2.571], [26.91008, 2.58872], [26.91921, 2.60208], [26.93132, 2.61199], [26.93497, 2.6189], [26.93175, 2.62718], [26.93333, 2.64053], [26.9363, 2.64261], [26.94038, 2.643], [26.94111, 2.64307], [26.94545, 2.64653], [26.95552, 2.6477], [26.96238, 2.65139], [26.96351, 2.65462], [26.95662, 2.67279], [26.95799, 2.679], [26.97078, 2.68961], [26.97278, 2.6945], [26.97557, 2.70135], [26.97854, 2.70389], [26.98701, 2.70436], [26.99361, 2.69735], [26.99361, 2.69735], [26.9948, 2.69609], [26.9971, 2.69783], [26.99712, 2.69784], [27.00393, 2.70298], [27.00202, 2.70828], [26.99916, 2.7136], [27.0001, 2.72173], [27.01053, 2.72588], [27.0186, 2.72479], [27.0281, 2.72368], [27.0376, 2.72161], [27.04519, 2.72244], [27.0494, 2.72612], [27.05027, 2.72687], [27.05103, 2.72754], [27.05362, 2.72979], [27.06112, 2.73634], [27.06356, 2.73859], [27.07207, 2.7466], [27.08874, 2.76664], [27.09766, 2.7731], [27.11182, 2.79521], [27.11866, 2.80926], [27.12094, 2.81985], [27.12231, 2.82287], [27.12234, 2.82293], [27.12482, 2.82837], [27.12754, 2.84701], [27.12272, 2.85575], [27.12637, 2.86381], [27.12772, 2.88061], [27.13456, 2.90295], [27.13958, 2.91032], [27.14233, 2.90664], [27.14471, 2.90508], [27.14974, 2.90178], [27.15425, 2.89883], [27.1634, 2.89585]]]}}, {"type": "Feature", "properties": {"zone": "Damas", "province": "Ituri", "confirmed_cases": 40, "confirmed_deaths": 9}, "geometry": {"type": "Polygon", "coordinates": [[[30.23487, 2.38145], [30.23809, 2.38011], [30.24793, 2.38045], [30.25229, 2.37912], [30.25641, 2.35777], [30.26279, 2.34013], [30.27108, 2.33494], [30.27321, 2.32806], [30.26903, 2.31115], [30.27472, 2.30214], [30.27969, 2.30283], [30.28633, 2.30412], [30.29678, 2.30893], [30.30222, 2.31591], [30.31522, 2.31657], [30.31577, 2.2958], [30.31401, 2.28045], [30.34389, 2.27347], [30.35059, 2.27077], [30.35996, 2.27384], [30.37095, 2.28037], [30.37686, 2.28338], [30.38065, 2.2853], [30.38669, 2.28838], [30.3957, 2.28066], [30.40592, 2.26535], [30.41337, 2.25417], [30.41994, 2.2472], [30.42053, 2.24658], [30.42147, 2.24558], [30.42445, 2.24241], [30.42495, 2.24188], [30.42709, 2.24137], [30.42803, 2.24114], [30.43137, 2.24034], [30.43969, 2.23238], [30.44033, 2.23042], [30.4423, 2.22436], [30.44138, 2.22181], [30.44103, 2.22085], [30.4403, 2.21882], [30.43442, 2.21232], [30.43009, 2.2102], [30.41022, 2.20745], [30.39995, 2.20458], [30.39677, 2.20225], [30.39521, 2.19878], [30.39573, 2.19327], [30.39793, 2.18391], [30.40408, 2.18005], [30.41127, 2.18136], [30.41732, 2.18435], [30.43549, 2.1922], [30.44657, 2.19302], [30.44729, 2.18219], [30.44935, 2.15597], [30.45324, 2.15548], [30.46338, 2.15313], [30.46125, 2.14958], [30.45708, 2.15042], [30.45458, 2.14875], [30.45458, 2.14708], [30.45292, 2.14458], [30.45292, 2.13708], [30.44458, 2.12708], [30.44042, 2.12292], [30.43708, 2.12208], [30.43542, 2.12042], [30.43042, 2.11458], [30.43042, 2.11042], [30.43125, 2.10875], [30.42708, 2.10375], [30.42708, 2.09875], [30.42542, 2.09625], [30.42542, 2.09292], [30.42042, 2.08708], [30.42042, 2.08208], [30.41875, 2.07958], [30.42042, 2.07792], [30.42042, 2.07375], [30.41875, 2.07208], [30.41875, 2.06958], [30.41042, 2.06042], [30.40542, 2.05875], [30.39708, 2.05125], [30.39542, 2.05042], [30.39292, 2.05208], [30.38958, 2.04958], [30.38375, 2.04875], [30.38125, 2.05208], [30.37792, 2.05292], [30.37625, 2.05125], [30.37542, 2.04792], [30.37292, 2.04542], [30.36792, 2.04375], [30.36792, 2.03875], [30.36708, 2.03792], [30.36542, 2.03708], [30.36542, 2.03542], [30.36375, 2.03375], [30.36542, 2.03125], [30.36542, 2.02792], [30.36208, 2.02542], [30.36208, 2.02375], [30.36458, 2.02042], [30.36208, 2.01708], [30.35958, 2.01625], [30.35958, 2.01292], [30.35625, 2.00792], [30.35625, 2.00542], [30.35625, 1.99292], [30.35458, 1.99125], [30.35208, 1.99292], [30.34958, 1.99042], [30.34458, 1.99125], [30.34292, 1.98958], [30.33958, 1.99042], [30.33792, 1.98708], [30.33458, 1.98375], [30.33208, 1.98542], [30.33042, 1.98292], [30.32875, 1.98375], [30.32375, 1.98375], [30.32229, 1.98849], [30.31602, 1.99037], [30.30888, 2.00179], [30.29675, 2.01464], [30.28461, 2.02392], [30.27248, 2.03106], [30.25392, 2.02749], [30.24749, 2.0282], [30.23464, 2.03391], [30.22608, 2.0382], [30.20966, 2.03748], [30.20323, 2.03106], [30.19324, 2.02963], [30.18896, 2.02392], [30.18684, 2.02294], [30.18646, 2.02277], [30.17968, 2.01964], [30.17539, 2.00893], [30.17182, 1.99965], [30.16532, 1.99531], [30.16467, 1.99488], [30.16326, 1.99394], [30.16208, 1.99618], [30.16147, 2.00649], [30.15564, 2.02731], [30.14565, 2.03647], [30.13732, 2.03814], [30.12316, 2.03814], [30.10817, 2.04063], [30.09318, 2.0448], [30.07236, 2.06312], [30.06487, 2.07811], [30.05487, 2.08561], [30.04982, 2.08814], [30.04837, 2.08886], [30.04806, 2.08901], [30.04488, 2.0906], [30.03405, 2.0906], [30.0149, 2.08228], [30.01478, 2.08228], [30.00764, 2.08228], [30.00157, 2.08228], [29.98742, 2.07811], [29.97174, 2.07534], [29.9693, 2.07491], [29.9591, 2.07311], [29.93969, 2.08581], [29.93745, 2.08727], [29.92246, 2.07145], [29.90663, 2.09144], [29.89729, 2.0903], [29.89912, 2.09597], [29.9037, 2.09942], [29.90349, 2.10954], [29.89915, 2.11231], [29.89046, 2.11049], [29.88384, 2.11487], [29.87973, 2.12086], [29.87699, 2.12179], [29.87127, 2.11973], [29.8699, 2.12295], [29.87291, 2.13905], [29.86903, 2.14665], [29.86561, 2.14942], [29.86149, 2.14989], [29.85143, 2.1483], [29.87061, 2.1837], [29.87344, 2.17586], [29.87504, 2.17563], [29.87917, 2.18598], [29.88397, 2.18436], [29.88969, 2.18664], [29.89838, 2.18594], [29.90388, 2.18846], [29.9105, 2.18476], [29.91245, 2.18568], [29.91329, 2.18608], [29.91439, 2.18659], [29.91646, 2.19004], [29.91644, 2.19017], [29.9162, 2.19259], [29.91578, 2.19671], [29.9174, 2.20545], [29.92153, 2.21212], [29.9204, 2.21741], [29.92132, 2.22224], [29.92476, 2.2266], [29.9257, 2.23788], [29.92984, 2.24983], [29.93671, 2.25166], [29.94496, 2.26062], [29.9468, 2.26751], [29.95092, 2.26981], [29.95707, 2.25737], [29.96392, 2.24861], [29.96437, 2.24562], [29.96665, 2.24469], [29.96963, 2.24676], [29.96941, 2.25067], [29.97124, 2.25135], [29.97512, 2.24697], [29.98244, 2.2488], [29.98427, 2.25086], [29.98486, 2.25436], [29.98566, 2.25915], [29.98865, 2.26535], [29.98752, 2.27134], [29.98935, 2.2734], [29.99484, 2.27477], [29.99783, 2.27937], [30.0, 2.27487], [30.01383, 2.27684], [30.02726, 2.28298], [30.03045, 2.30463], [30.03332, 2.31363], [30.04299, 2.32869], [30.04699, 2.33932], [30.05174, 2.35847], [30.05356, 2.36584], [30.05719, 2.36887], [30.06085, 2.36845], [30.06664, 2.36254], [30.07216, 2.3603], [30.07925, 2.36084], [30.09084, 2.36478], [30.09817, 2.36727], [30.10164, 2.36674], [30.1033, 2.36649], [30.10665, 2.36598], [30.1146, 2.37136], [30.12146, 2.37213], [30.1256, 2.36988], [30.13614, 2.36953], [30.14386, 2.37468], [30.15222, 2.38467], [30.15655, 2.38563], [30.16138, 2.38408], [30.16526, 2.38787], [30.16563, 2.38858], [30.16591, 2.3885], [30.16889, 2.38807], [30.17262, 2.38121], [30.17801, 2.39093], [30.18099, 2.41075], [30.18528, 2.41631], [30.18939, 2.41682], [30.19284, 2.41525], [30.19613, 2.40816], [30.2003, 2.40314], [30.20743, 2.39977], [30.22212, 2.39626], [30.23487, 2.38145]]]}}, {"type": "Feature", "properties": {"zone": "Mandima", "province": "Ituri", "confirmed_cases": 198, "confirmed_deaths": 98}, "geometry": {"type": "Polygon", "coordinates": [[[29.14631, 1.23614], [29.17069, 1.1689], [29.19348, 1.14429], [29.21952, 1.11148], [29.23742, 1.08851], [29.26833, 1.04258], [29.29111, 1.01469], [29.30001, 1.00366], [29.30072, 1.00278], [29.31175, 0.98909], [29.31165, 0.98893], [29.31083, 0.98268], [29.31035, 0.979], [29.3103, 0.97863], [29.31026, 0.97836], [29.30562, 0.97281], [29.30293, 0.9696], [29.30292, 0.96958], [29.30291, 0.96958], [29.30291, 0.96958], [29.3029, 0.96957], [29.30286, 0.96951], [29.30281, 0.96945], [29.30265, 0.96927], [29.30246, 0.96904], [29.297, 0.96252], [29.2938, 0.9616], [29.2938, 0.9616], [29.2938, 0.9616], [29.28992, 0.95747], [29.29082, 0.95586], [29.29083, 0.95586], [29.29419, 0.95457], [29.29745, 0.95332], [29.29744, 0.95332], [29.29949, 0.94849], [29.29873, 0.94533], [29.29789, 0.94183], [29.29789, 0.94183], [29.2988, 0.93884], [29.30339, 0.93743], [29.3072, 0.93627], [29.30861, 0.93584], [29.31272, 0.93261], [29.31272, 0.93261], [29.3134, 0.93055], [29.31408, 0.92847], [29.31202, 0.92158], [29.31361, 0.91468], [29.31361, 0.91468], [29.316, 0.9129], [29.316, 0.9129], [29.32136, 0.90892], [29.32958, 0.90868], [29.32958, 0.90868], [29.32958, 0.90868], [29.33388, 0.90638], [29.33388, 0.90637], [29.33688, 0.90476], [29.33947, 0.90234], [29.33974, 0.90209], [29.33974, 0.90208], [29.34327, 0.89878], [29.34327, 0.89877], [29.34855, 0.89043], [29.34855, 0.89043], [29.35216, 0.88474], [29.35565, 0.88323], [29.35565, 0.88323], [29.35854, 0.88198], [29.3615, 0.876], [29.3615, 0.876], [29.36411, 0.87407], [29.36835, 0.87093], [29.36835, 0.87093], [29.36971, 0.8684], [29.36765, 0.86312], [29.36765, 0.86312], [29.36765, 0.86312], [29.36765, 0.86311], [29.36765, 0.86311], [29.36767, 0.86309], [29.37175, 0.85874], [29.37044, 0.85479], [29.36969, 0.85254], [29.37151, 0.84472], [29.37151, 0.84472], [29.37769, 0.84013], [29.37769, 0.84013], [29.37926, 0.83896], [29.38193, 0.82851], [29.38193, 0.82851], [29.38267, 0.82563], [29.38267, 0.82563], [29.38267, 0.82563], [29.37751, 0.82782], [29.36973, 0.82211], [29.37025, 0.81689], [29.37026, 0.81671], [29.3706, 0.81328], [29.3691, 0.80362], [29.36942, 0.79201], [29.36955, 0.78756], [29.36572, 0.77587], [29.36435, 0.76381], [29.37056, 0.75343], [29.37009, 0.747], [29.36123, 0.72361], [29.35428, 0.7175], [29.34762, 0.71341], [29.34731, 0.7118], [29.34701, 0.70979], [29.35014, 0.7042], [29.36286, 0.6931], [29.37675, 0.69704], [29.38945, 0.68369], [29.39428, 0.67145], [29.41134, 0.6658], [29.43191, 0.65133], [29.46952, 0.64872], [29.47392, 0.6253], [29.45688, 0.61539], [29.44526, 0.61194], [29.43372, 0.60851], [29.42209, 0.60639], [29.40927, 0.60405], [29.39218, 0.60293], [29.38303, 0.59739], [29.38126, 0.59632], [29.36502, 0.611], [29.36434, 0.61261], [29.36708, 0.61536], [29.36617, 0.61674], [29.36135, 0.61643], [29.3591, 0.61629], [29.34747, 0.62274], [29.33925, 0.62505], [29.334, 0.62414], [29.33012, 0.62529], [29.3281, 0.62825], [29.32831, 0.6321], [29.33198, 0.64036], [29.33194, 0.64061], [29.33197, 0.64069], [29.33134, 0.64432], [29.33884, 0.65231], [29.33953, 0.65575], [29.33947, 0.65582], [29.33952, 0.65608], [29.33636, 0.6595], [29.33657, 0.66242], [29.33654, 0.66245], [29.33656, 0.66274], [29.32617, 0.6737], [29.32975, 0.68403], [29.32965, 0.68409], [29.32974, 0.68436], [29.32541, 0.68689], [29.30859, 0.67964], [29.30436, 0.67558], [29.30114, 0.66964], [29.29626, 0.66062], [29.2952, 0.65017], [29.29501, 0.64615], [29.28899, 0.63765], [29.28714, 0.63441], [29.28555, 0.62636], [29.28075, 0.61787], [29.2808, 0.61763], [29.28075, 0.61755], [29.28184, 0.61234], [29.28635, 0.60355], [29.29016, 0.60038], [29.29171, 0.59397], [29.29193, 0.58986], [29.2905, 0.58665], [29.28603, 0.587], [29.28271, 0.58857], [29.27986, 0.59213], [29.27665, 0.59614], [29.27158, 0.6001], [29.26744, 0.60206], [29.26371, 0.60363], [29.26025, 0.608], [29.25809, 0.6125], [29.25808, 0.61251], [29.25661, 0.6156], [29.25361, 0.61878], [29.24569, 0.61831], [29.24375, 0.6182], [29.22215, 0.61694], [29.22125, 0.62153], [29.21874, 0.62521], [29.21486, 0.62591], [29.2046, 0.6335], [29.20369, 0.63856], [29.19728, 0.64057], [29.19591, 0.64258], [29.19457, 0.64455], [29.19081, 0.64502], [29.18727, 0.64548], [29.18703, 0.6459], [29.18564, 0.64835], [29.1818, 0.6549], [29.17847, 0.65029], [29.177, 0.64824], [29.17517, 0.64963], [29.17335, 0.65606], [29.16514, 0.65837], [29.16253, 0.66167], [29.16493, 0.66517], [29.16493, 0.67069], [29.16492, 0.67071], [29.16492, 0.67101], [29.16324, 0.67574], [29.16288, 0.67676], [29.15704, 0.67609], [29.14409, 0.6681], [29.13433, 0.66208], [29.12794, 0.66117], [29.12245, 0.65474], [29.11766, 0.65176], [29.11012, 0.65016], [29.10396, 0.65362], [29.10382, 0.65429], [29.10713, 0.65828], [29.11159, 0.66366], [29.11327, 0.6657], [29.12286, 0.71385], [29.10614, 0.7596], [29.07266, 0.7837], [29.05834, 0.82945], [29.03446, 0.91374], [29.03449, 0.95865], [29.03449, 0.97153], [29.03213, 1.01969], [29.0513, 1.06302], [29.05859, 1.08499], [29.05542, 1.08458], [29.03792, 1.08042], [29.02458, 1.09292], [29.03458, 1.11292], [29.02208, 1.12708], [29.00958, 1.13042], [29.00946, 1.14149], [29.02317, 1.15159], [29.03597, 1.15364], [29.03986, 1.16238], [29.06066, 1.1842], [29.07233, 1.20373], [29.08011, 1.21935], [29.08744, 1.23475], [29.10017, 1.23343], [29.0893, 1.24439], [29.07305, 1.29851], [29.0682, 1.34606], [29.07638, 1.37557], [29.08518, 1.38196], [29.08941, 1.3772], [29.14313, 1.32468], [29.13659, 1.29846], [29.13493, 1.26894], [29.14631, 1.23614]]]}}, {"type": "Feature", "properties": {"zone": "Wamba", "province": "Haut-Uele", "confirmed_cases": 119, "confirmed_deaths": 43}, "geometry": {"type": "Polygon", "coordinates": [[[28.27068, 2.74759], [28.29035, 2.71746], [28.29406, 2.70287], [28.29475, 2.69377], [28.31188, 2.69352], [28.32128, 2.69762], [28.32972, 2.71605], [28.33773, 2.71282], [28.34573, 2.70661], [28.35449, 2.68623], [28.35469, 2.66726], [28.35471, 2.66725], [28.35492, 2.65875], [28.35533, 2.64801], [28.35546, 2.64454], [28.35556, 2.64199], [28.35194, 2.64189], [28.35073, 2.64185], [28.33577, 2.6414], [28.33368, 2.64106], [28.33361, 2.63433], [28.33402, 2.63301], [28.3342, 2.63245], [28.33764, 2.62155], [28.3393, 2.61481], [28.33659, 2.61142], [28.33591, 2.61056], [28.33538, 2.60991], [28.33507, 2.60951], [28.33127, 2.61095], [28.3222, 2.60781], [28.31155, 2.58731], [28.31492, 2.57808], [28.31734, 2.57665], [28.32186, 2.57698], [28.32817, 2.58191], [28.33548, 2.58329], [28.33855, 2.57867], [28.34055, 2.57051], [28.34328, 2.56589], [28.35466, 2.5591], [28.36229, 2.55729], [28.37386, 2.55679], [28.37134, 2.53999], [28.36354, 2.52701], [28.35851, 2.50176], [28.35443, 2.48396], [28.34616, 2.47533], [28.33358, 2.46268], [28.34909, 2.4631], [28.35189, 2.4645], [28.35468, 2.4659], [28.36544, 2.46479], [28.3685, 2.4591], [28.36667, 2.45025], [28.34789, 2.41668], [28.34914, 2.40427], [28.35422, 2.3929], [28.34765, 2.36387], [28.36179, 2.35424], [28.36303, 2.34563], [28.36305, 2.34546], [28.36314, 2.3448], [28.36372, 2.34076], [28.35952, 2.34065], [28.3591, 2.34064], [28.35812, 2.34061], [28.35226, 2.34046], [28.33352, 2.34197], [28.32384, 2.33622], [28.32213, 2.3352], [28.3218, 2.33524], [28.32138, 2.33529], [28.32138, 2.33529], [28.32138, 2.33529], [28.3139, 2.33613], [28.3168, 2.31445], [28.31667, 2.31189], [28.31586, 2.29463], [28.3147, 2.27005], [28.31453, 2.26637], [28.31343, 2.24316], [28.31343, 2.24315], [28.31266, 2.22404], [28.31204, 2.20535], [28.31204, 2.20535], [28.31057, 2.15925], [28.30982, 2.1355], [28.30977, 2.13365], [28.30893, 2.12394], [28.30745, 2.10663], [28.30873, 2.08799], [28.30857, 2.08462], [28.30399, 1.98843], [28.30386, 1.98571], [28.30085, 1.92243], [28.29856, 1.87411], [28.28985, 1.85613], [28.28966, 1.85574], [28.28895, 1.85427], [28.28829, 1.85403], [28.28692, 1.85353], [28.27672, 1.8498], [28.26468, 1.8454], [28.2517, 1.84144], [28.2404, 1.83466], [28.2312, 1.82831], [28.22653, 1.82459], [28.22526, 1.82357], [28.19063, 1.79598], [28.18813, 1.78486], [28.19191, 1.77641], [28.19071, 1.73781], [28.19954, 1.71019], [28.2096, 1.69791], [28.21548, 1.68989], [28.21377, 1.68707], [28.21214, 1.68437], [28.20921, 1.68302], [28.19873, 1.686], [28.1803, 1.69005], [28.16572, 1.69648], [28.16388, 1.69729], [28.15391, 1.70169], [28.11243, 1.71407], [28.08155, 1.72516], [28.07651, 1.72697], [28.0211, 1.74688], [28.00686, 1.75132], [27.98173, 1.75572], [27.96267, 1.75583], [27.95661, 1.75381], [27.94606, 1.74929], [27.9413, 1.74853], [27.9397, 1.74392], [27.93992, 1.74318], [27.94131, 1.7384], [27.93994, 1.73242], [27.94611, 1.72621], [27.94246, 1.72046], [27.93823, 1.72113], [27.93465, 1.73073], [27.92468, 1.75115], [27.92114, 1.75906], [27.92112, 1.7591], [27.92016, 1.76124], [27.91009, 1.77631], [27.90086, 1.79416], [27.89249, 1.78687], [27.89171, 1.7859], [27.8858, 1.77861], [27.87827, 1.77874], [27.86736, 1.79197], [27.86314, 1.79945], [27.85696, 1.81042], [27.85302, 1.81739], [27.85041, 1.82203], [27.8486, 1.82523], [27.84721, 1.8277], [27.84579, 1.82779], [27.84083, 1.82813], [27.83267, 1.82869], [27.82879, 1.82895], [27.82148, 1.82861], [27.81524, 1.82831], [27.81333, 1.8283], [27.80376, 1.82847], [27.79156, 1.82869], [27.78272, 1.82884], [27.78179, 1.8299], [27.78117, 1.8306], [27.77575, 1.8367], [27.77517, 1.83736], [27.7693, 1.84584], [27.76343, 1.85246], [27.75002, 1.85642], [27.73913, 1.85754], [27.71654, 1.84585], [27.7132, 1.84032], [27.70832, 1.83403], [27.70546, 1.83035], [27.70095, 1.82454], [27.69397, 1.81553], [27.68225, 1.80829], [27.66631, 1.81129], [27.65572, 1.81327], [27.6541, 1.81358], [27.65103, 1.81416], [27.64354, 1.81648], [27.63067, 1.82047], [27.6278, 1.82136], [27.60601, 1.83199], [27.58505, 1.84726], [27.57835, 1.84458], [27.56665, 1.82804], [27.5558, 1.79937], [27.55333, 1.77336], [27.56005, 1.75741], [27.5674, 1.74686], [27.56873, 1.74494], [27.59613, 1.70557], [27.61995, 1.67966], [27.6431, 1.65447], [27.63692, 1.58337], [27.64154, 1.57165], [27.64573, 1.57297], [27.65618, 1.58489], [27.6658, 1.59076], [27.67711, 1.59103], [27.69385, 1.59445], [27.70139, 1.59153], [27.70725, 1.59422], [27.71561, 1.60896], [27.7265, 1.60691], [27.7399, 1.60481], [27.74911, 1.6079], [27.75622, 1.61196], [27.76125, 1.60768], [27.773, 1.58979], [27.79182, 1.56358], [27.7923, 1.56291], [27.80656, 1.54451], [27.8112, 1.52487], [27.80361, 1.50444], [27.79973, 1.50213], [27.79905, 1.49477], [27.79677, 1.48994], [27.79129, 1.48419], [27.77529, 1.48326], [27.75656, 1.47796], [27.75085, 1.47359], [27.74948, 1.46899], [27.75063, 1.46439], [27.76799, 1.4598], [27.77349, 1.4467], [27.77349, 1.44325], [27.75058, 1.44961], [27.72824, 1.45211], [27.71582, 1.45349], [27.69153, 1.45811], [27.67393, 1.46401], [27.66345, 1.47444], [27.65046, 1.47793], [27.63581, 1.4754], [27.62369, 1.46118], [27.61825, 1.45337], [27.60778, 1.45355], [27.5839, 1.46189], [27.58095, 1.47498], [27.58637, 1.49816], [27.58718, 1.51257], [27.58082, 1.52983], [27.57418, 1.53879], [27.56434, 1.54569], [27.56003, 1.5487], [27.55155, 1.55465], [27.54241, 1.55579], [27.53166, 1.56245], [27.52458, 1.56451], [27.51247, 1.56519], [27.50469, 1.57025], [27.4887, 1.56785], [27.47364, 1.56067], [27.44699, 1.5546], [27.44621, 1.55686], [27.443, 1.56214], [27.43248, 1.57156], [27.41946, 1.57385], [27.39822, 1.56417], [27.3845, 1.56692], [27.37559, 1.56507], [27.37102, 1.56851], [27.36987, 1.5722], [27.37032, 1.58323], [27.36596, 1.58737], [27.35134, 1.59241], [27.34449, 1.58965], [27.32918, 1.58848], [27.32256, 1.5864], [27.31822, 1.57996], [27.31, 1.57696], [27.29492, 1.57786], [27.29138, 1.57957], [27.28278, 1.58391], [27.27708, 1.58681], [27.26897, 1.58748], [27.26492, 1.58782], [27.24143, 1.58976], [27.23178, 1.59355], [27.22972, 1.59435], [27.2268, 1.5955], [27.20987, 1.5987], [27.19474, 1.60344], [27.2021, 1.60904], [27.20668, 1.61134], [27.20847, 1.61146], [27.21353, 1.61181], [27.21581, 1.6148], [27.21327, 1.63021], [27.21441, 1.63113], [27.21739, 1.63021], [27.22105, 1.6247], [27.22379, 1.62309], [27.22699, 1.62379], [27.22881, 1.62476], [27.23156, 1.62622], [27.23476, 1.62793], [27.24023, 1.63852], [27.2448, 1.64014], [27.24687, 1.63692], [27.24732, 1.62887], [27.25258, 1.6252], [27.26219, 1.62268], [27.27375, 1.6236], [27.27493, 1.62369], [27.27681, 1.62384], [27.28526, 1.63259], [27.28113, 1.64018], [27.28387, 1.64639], [27.28409, 1.65352], [27.28474, 1.65557], [27.28561, 1.65833], [27.2875, 1.66433], [27.28681, 1.67215], [27.28818, 1.67653], [27.29731, 1.68436], [27.29822, 1.68643], [27.29616, 1.69034], [27.29844, 1.69495], [27.29729, 1.69885], [27.29843, 1.70184], [27.30094, 1.70322], [27.30195, 1.70305], [27.30265, 1.70294], [27.30506, 1.70254], [27.30848, 1.71128], [27.30885, 1.71719], [27.30892, 1.71824], [27.30915, 1.72186], [27.30618, 1.72462], [27.30617, 1.7283], [27.3079, 1.73118], [27.31324, 1.74004], [27.31667, 1.74027], [27.31758, 1.74533], [27.32442, 1.75661], [27.33447, 1.76306], [27.33995, 1.77343], [27.34566, 1.77826], [27.35891, 1.77804], [27.36211, 1.77942], [27.36375, 1.78132], [27.36493, 1.78269], [27.36668, 1.78472], [27.36874, 1.78288], [27.36951, 1.78467], [27.37193, 1.79024], [27.36826, 1.79875], [27.36986, 1.80312], [27.36322, 1.80749], [27.36025, 1.81116], [27.35955, 1.8199], [27.35665, 1.82541], [27.35613, 1.8264], [27.35543, 1.82772], [27.35267, 1.84037], [27.35404, 1.84658], [27.35883, 1.85257], [27.36523, 1.85557], [27.36568, 1.85879], [27.34989, 1.87602], [27.36537, 1.87401], [27.37377, 1.87404], [27.3835, 1.87149], [27.38952, 1.87184], [27.39512, 1.87218], [27.3983, 1.87283], [27.39867, 1.8729], [27.39966, 1.8731], [27.40156, 1.87349], [27.4098, 1.88516], [27.4071, 1.89291], [27.40189, 1.89895], [27.392, 1.91031], [27.38207, 1.92708], [27.38191, 1.93807], [27.37856, 1.94646], [27.36549, 1.95676], [27.35701, 1.96255], [27.35622, 1.97289], [27.35873, 1.97807], [27.35857, 1.98906], [27.35719, 1.99552], [27.34609, 2.00388], [27.33304, 2.01224], [27.32848, 2.01481], [27.32699, 2.02902], [27.32699, 2.02903], [27.3202, 2.03287], [27.3202, 2.03287], [27.31377, 2.03651], [27.31377, 2.03651], [27.31377, 2.03651], [27.31514, 2.04588], [27.31559, 2.0589], [27.31868, 2.07309], [27.32305, 2.07878], [27.33549, 2.08582], [27.33983, 2.08513], [27.34669, 2.08744], [27.34814, 2.08891], [27.34467, 2.07536], [27.34821, 2.07182], [27.34787, 2.07132], [27.36594, 2.05857], [27.36658, 2.05908], [27.37625, 2.06875], [27.37875, 2.06875], [27.38292, 2.06708], [27.39042, 2.05958], [27.39875, 2.06042], [27.40375, 2.06042], [27.40625, 2.05792], [27.40458, 2.05625], [27.40458, 2.05208], [27.41125, 2.04458], [27.41125, 2.04292], [27.41691, 2.04125], [27.42125, 2.04125], [27.42542, 2.03875], [27.42875, 2.03875], [27.43125, 2.04125], [27.42792, 2.04708], [27.42792, 2.05625], [27.42625, 2.05792], [27.42708, 2.06042], [27.43125, 2.06292], [27.43542, 2.06292], [27.43708, 2.06125], [27.43708, 2.05958], [27.43958, 2.05708], [27.44125, 2.05708], [27.44875, 2.06125], [27.45042, 2.06292], [27.45042, 2.07292], [27.45208, 2.07458], [27.45292, 2.07958], [27.45458, 2.08125], [27.45792, 2.08208], [27.45875, 2.08125], [27.46125, 2.08125], [27.46625, 2.07625], [27.46708, 2.07292], [27.47875, 2.05708], [27.48542, 2.05042], [27.49208, 2.04292], [27.49125, 2.03875], [27.49042, 2.03792], [27.49042, 2.02875], [27.49292, 2.02458], [27.49292, 2.02208], [27.49375, 2.02125], [27.49458, 2.00875], [27.50208, 1.99958], [27.50375, 1.99792], [27.51292, 1.99708], [27.51875, 2.00292], [27.51875, 2.00958], [27.52208, 2.01458], [27.53958, 2.01375], [27.54208, 2.01458], [27.54875, 2.02125], [27.54958, 2.02375], [27.55208, 2.02625], [27.55708, 2.02792], [27.56208, 2.03292], [27.56375, 2.03708], [27.56375, 2.04208], [27.56125, 2.04792], [27.56375, 2.04958], [27.56792, 2.05125], [27.57292, 2.05625], [27.57958, 2.05042], [27.58125, 2.05042], [27.59042, 2.05458], [27.59292, 2.06125], [27.59542, 2.06375], [27.59542, 2.06708], [27.59708, 2.07792], [27.61227, 2.09217], [27.6123, 2.0919], [27.6139, 2.07479], [27.62056, 2.0491], [27.62818, 2.03101], [27.64626, 2.02245], [27.66911, 2.01959], [27.68529, 2.01578], [27.70337, 2.00817], [27.71669, 2.00341], [27.73192, 2.00055], [27.75381, 1.99389], [27.7719, 1.99294], [27.79284, 1.99389], [27.80807, 2.01007], [27.83376, 2.03101], [27.84899, 2.04624], [27.86898, 2.06528], [27.8785, 2.08241], [27.89087, 2.10049], [27.90134, 2.11762], [27.908, 2.1338], [27.91276, 2.1576], [27.91371, 2.1871], [27.91371, 2.20614], [27.91371, 2.22422], [27.91276, 2.25849], [27.90039, 2.30322], [27.89373, 2.33273], [27.88625, 2.34792], [27.88362, 2.35937], [27.88797, 2.35286], [27.8974, 2.34713], [27.90082, 2.35587], [27.90357, 2.35864], [27.92255, 2.366], [27.92438, 2.36877], [27.92461, 2.3759], [27.93078, 2.38188], [27.93284, 2.38603], [27.93238, 2.38948], [27.92574, 2.39132], [27.92345, 2.39523], [27.92871, 2.40558], [27.92642, 2.41111], [27.93008, 2.41479], [27.92749, 2.41944], [27.92735, 2.41968], [27.92688, 2.42054], [27.92912, 2.42035], [27.92912, 2.42035], [27.93214, 2.42008], [27.94105, 2.42607], [27.95523, 2.43758], [27.96438, 2.44292], [27.96513, 2.44336], [27.96667, 2.44425], [27.96777, 2.44412], [27.97239, 2.44357], [27.98108, 2.43574], [27.98308, 2.43503], [27.98308, 2.43503], [27.98428, 2.43459], [27.98703, 2.43597], [27.99819, 2.42789], [28.00288, 2.43085], [28.00638, 2.43565], [28.01333, 2.4484], [28.01801, 2.45696], [28.01884, 2.45848], [28.02606, 2.47171], [28.03834, 2.48304], [28.04364, 2.48478], [28.04989, 2.48566], [28.05247, 2.48602], [28.05544, 2.48643], [28.0742, 2.49888], [28.09257, 2.49316], [28.10738, 2.48991], [28.10657, 2.51108], [28.10655, 2.51174], [28.10502, 2.51461], [28.0975, 2.52883], [28.10024, 2.54818], [28.10641, 2.55635], [28.10916, 2.55451], [28.12357, 2.55474], [28.14047, 2.55428], [28.14211, 2.55423], [28.15147, 2.56258], [28.16431, 2.57693], [28.17536, 2.59252], [28.17776, 2.60436], [28.17829, 2.60698], [28.18209, 2.62574], [28.17838, 2.64034], [28.17172, 2.65497], [28.1627, 2.67025], [28.13774, 2.68683], [28.14414, 2.70041], [28.15604, 2.70317], [28.15873, 2.7048], [28.16497, 2.70547], [28.17046, 2.71031], [28.17847, 2.71215], [28.1867, 2.72066], [28.20547, 2.72504], [28.21647, 2.72625], [28.23453, 2.72826], [28.24711, 2.73815], [28.25146, 2.74529], [28.25078, 2.74759], [28.2613, 2.7469], [28.26359, 2.74851], [28.27068, 2.74759]]]}}, {"type": "Feature", "properties": {"zone": "Kyondo", "province": "Nord-Kivu", "confirmed_cases": 37, "confirmed_deaths": 20}, "geometry": {"type": "Polygon", "coordinates": [[[29.63248, 0.19671], [29.63284, 0.19621], [29.63372, 0.19577], [29.63373, 0.19579], [29.63372, 0.19577], [29.63305, 0.19464], [29.63424, 0.19346], [29.63626, 0.19464], [29.63888, 0.1956], [29.64078, 0.19607], [29.6409, 0.19405], [29.6409, 0.19215], [29.64102, 0.19012], [29.64268, 0.18905], [29.64482, 0.18965], [29.64649, 0.19155], [29.6478, 0.19322], [29.64887, 0.19357], [29.65077, 0.19274], [29.65149, 0.19072], [29.6528, 0.18905], [29.6541, 0.18893], [29.65601, 0.18727], [29.65708, 0.18644], [29.65648, 0.18489], [29.65553, 0.18346], [29.65518, 0.18227], [29.65375, 0.18203], [29.65268, 0.18144], [29.65196, 0.18061], [29.65077, 0.17989], [29.65065, 0.17846], [29.64946, 0.17751], [29.64756, 0.17656], [29.64542, 0.17608], [29.64245, 0.17561], [29.64066, 0.17466], [29.63947, 0.1743], [29.63769, 0.17478], [29.63471, 0.1762], [29.63269, 0.17704], [29.63067, 0.17775], [29.62864, 0.17716], [29.62793, 0.1762], [29.62745, 0.17454], [29.62817, 0.17299], [29.63043, 0.17168], [29.6315, 0.17014], [29.63162, 0.16847], [29.63162, 0.16681], [29.63055, 0.16466], [29.63043, 0.1624], [29.63055, 0.16098], [29.63186, 0.15979], [29.63281, 0.15788], [29.63281, 0.15586], [29.63281, 0.15419], [29.63578, 0.15289], [29.63769, 0.14991], [29.63828, 0.14765], [29.6384, 0.14468], [29.63852, 0.14134], [29.63745, 0.13944], [29.63614, 0.13682], [29.63566, 0.13504], [29.63602, 0.13385], [29.63852, 0.13052], [29.63852, 0.12885], [29.63852, 0.12647], [29.63899, 0.12457], [29.63899, 0.12314], [29.6384, 0.1216], [29.63757, 0.11993], [29.63721, 0.11862], [29.6378, 0.1166], [29.63852, 0.1141], [29.63769, 0.11232], [29.63709, 0.11053], [29.6365, 0.1091], [29.63685, 0.10756], [29.63757, 0.10565], [29.63733, 0.10351], [29.63662, 0.10137], [29.63721, 0.09816], [29.6403, 0.08852], [29.64161, 0.0865], [29.64197, 0.08448], [29.6428, 0.08376], [29.64494, 0.08317], [29.64613, 0.0815], [29.64637, 0.07984], [29.64744, 0.07912], [29.64875, 0.07853], [29.65006, 0.07805], [29.65006, 0.07627], [29.6497, 0.07389], [29.64816, 0.07234], [29.64697, 0.06925], [29.64697, 0.06734], [29.64637, 0.06532], [29.64506, 0.06354], [29.64459, 0.06175], [29.64459, 0.05985], [29.64447, 0.05687], [29.64435, 0.05354], [29.64387, 0.05164], [29.6428, 0.04974], [29.64126, 0.04831], [29.64018, 0.0464], [29.64054, 0.04498], [29.6409, 0.04141], [29.64066, 0.0395], [29.63971, 0.0376], [29.63888, 0.0357], [29.63769, 0.03522], [29.63638, 0.03427], [29.63519, 0.0326], [29.63186, 0.02844], [29.63186, 0.02654], [29.63245, 0.02535], [29.63352, 0.02475], [29.63459, 0.02368], [29.63424, 0.02166], [29.63257, 0.0194], [29.63174, 0.01642], [29.6315, 0.0144], [29.6309, 0.01238], [29.63043, 0.01095], [29.62924, 0.00988], [29.62745, 0.00988], [29.62579, 0.00952], [29.62412, 0.00905], [29.62234, 0.00809], [29.6221, 0.00607], [29.62127, 0.00357], [29.62127, 0.00155], [29.62103, -0.00118], [29.61996, -0.00333], [29.6202, -0.00642], [29.62055, -0.00868], [29.62067, -0.01106], [29.62103, -0.01296], [29.62127, -0.01451], [29.62008, -0.01594], [29.61936, -0.0176], [29.61913, -0.01903], [29.61925, -0.02117], [29.61901, -0.02355], [29.61901, -0.02736], [29.61889, -0.0339], [29.61895, -0.03475], [29.61913, -0.03723], [29.61841, -0.03866], [29.61746, -0.04092], [29.61722, -0.04152], [29.6158, -0.04271], [29.61508, -0.0433], [29.61556, -0.04497], [29.61627, -0.04651], [29.61627, -0.04901], [29.61532, -0.05115], [29.61365, -0.05199], [29.61139, -0.05377], [29.61008, -0.05567], [29.6108, -0.05793], [29.61032, -0.0596], [29.60878, -0.06198], [29.60782, -0.06448], [29.60675, -0.06769], [29.60652, -0.07043], [29.6058, -0.07185], [29.60568, -0.07412], [29.6058, -0.07649], [29.60521, -0.07816], [29.60414, -0.07959], [29.60414, -0.08125], [29.60378, -0.08304], [29.60247, -0.08458], [29.6008, -0.08589], [29.59926, -0.08732], [29.59854, -0.08851], [29.59807, -0.09065], [29.59795, -0.09244], [29.59724, -0.09458], [29.59581, -0.09565], [29.59497, -0.09755], [29.59497, -0.09993], [29.59438, -0.10136], [29.59331, -0.10326], [29.59224, -0.10469], [29.58962, -0.10588], [29.58831, -0.10659], [29.587, -0.10659], [29.58593, -0.10659], [29.58486, -0.10588], [29.58272, -0.10612], [29.58141, -0.10778], [29.58022, -0.10969], [29.57951, -0.11147], [29.57868, -0.1135], [29.57749, -0.1154], [29.57653, -0.11683], [29.57499, -0.11802], [29.57368, -0.11873], [29.57213, -0.11814], [29.57106, -0.11766], [29.56951, -0.11825], [29.56856, -0.1204], [29.56809, -0.12266], [29.56844, -0.12504], [29.5694, -0.12658], [29.57011, -0.12896], [29.57142, -0.13098], [29.57237, -0.13336], [29.57546, -0.13467], [29.5801, -0.13551], [29.58213, -0.13646], [29.58391, -0.13777], [29.58605, -0.13943], [29.58772, -0.14026], [29.58938, -0.13836], [29.59188, -0.13693], [29.59462, -0.13634], [29.59664, -0.13681], [29.59854, -0.13717], [29.59913, -0.13776], [29.59263, -0.13883], [29.58949, -0.14102], [29.58409, -0.14218], [29.57824, -0.14461], [29.57381, -0.14504], [29.57023, -0.14567], [29.56116, -0.14826], [29.55484, -0.14847], [29.54933, -0.14977], [29.54402, -0.15068], [29.53906, -0.15248], [29.52725, -0.14479], [29.52199, -0.14414], [29.51475, -0.14412], [29.5062, -0.14346], [29.49502, -0.14152], [29.48631, -0.14214], [29.4817, -0.14102], [29.46266, -0.13186], [29.45839, -0.12962], [29.45165, -0.12736], [29.4454, -0.12639], [29.43916, -0.12622], [29.43225, -0.127], [29.4283, -0.12764], [29.42105, -0.13162], [29.41717, -0.1332], [29.41007, -0.13609], [29.40872, -0.12991], [29.40242, -0.12991], [29.38814, -0.11563], [29.36196, -0.10611], [29.34531, -0.09184], [29.32865, -0.08708], [29.30962, -0.07994], [29.29772, -0.07042], [29.3001, -0.05614], [29.31438, -0.04425], [29.31913, -0.02997], [29.31913, -0.01331], [29.31913, 0.00334], [29.30248, 0.01048], [29.29715, 0.01758], [29.29534, 0.02], [29.29661, 0.03014], [29.29661, 0.03015], [29.29661, 0.03015], [29.29612, 0.03455], [29.28831, 0.03162], [29.28343, 0.03162], [29.28001, 0.03699], [29.28001, 0.04187], [29.27806, 0.0448], [29.27318, 0.04675], [29.27025, 0.05163], [29.26976, 0.05847], [29.26586, 0.06189], [29.26439, 0.06823], [29.26439, 0.06823], [29.26488, 0.07507], [29.26488, 0.07507], [29.26488, 0.08092], [29.26488, 0.0819], [29.26542, 0.09958], [29.26625, 0.10458], [29.26875, 0.10708], [29.26875, 0.11125], [29.27292, 0.11458], [29.27458, 0.11208], [29.27875, 0.10875], [29.27958, 0.10625], [29.27875, 0.10542], [29.27875, 0.10292], [29.28042, 0.10042], [29.28042, 0.09875], [29.28084, 0.09833], [29.28228, 0.09688], [29.28273, 0.09644], [29.28292, 0.09625], [29.28292, 0.09292], [29.28792, 0.08708], [29.28687, 0.08604], [29.28458, 0.08375], [29.28458, 0.07958], [29.28708, 0.07458], [29.28894, 0.07303], [29.29208, 0.07042], [29.29432, 0.06967], [29.29708, 0.06875], [29.29854, 0.0673], [29.30125, 0.06458], [29.30125, 0.06208], [29.30218, 0.06123], [29.30613, 0.06024], [29.30887, 0.0597], [29.31125, 0.06208], [29.31458, 0.06208], [29.31625, 0.06042], [29.31708, 0.06125], [29.31848, 0.06055], [29.32048, 0.05869], [29.32125, 0.05792], [29.32208, 0.05542], [29.32635, 0.05381], [29.3313, 0.05713], [29.33368, 0.05713], [29.33492, 0.05934], [29.33551, 0.06049], [29.33678, 0.06028], [29.33733, 0.0602], [29.33944, 0.05986], [29.34052, 0.05969], [29.34131, 0.06049], [29.34404, 0.05936], [29.34528, 0.0589], [29.34589, 0.05891], [29.3468, 0.05899], [29.34689, 0.059], [29.34689, 0.059], [29.34803, 0.05895], [29.34803, 0.05895], [29.34903, 0.059], [29.34903, 0.059], [29.35012, 0.05886], [29.35012, 0.05886], [29.35098, 0.05838], [29.35188, 0.05796], [29.35288, 0.05738], [29.35369, 0.05662], [29.35369, 0.05662], [29.35421, 0.05586], [29.35512, 0.05539], [29.3565, 0.05496], [29.3565, 0.05496], [29.35802, 0.05439], [29.35802, 0.05439], [29.35814, 0.05436], [29.35912, 0.0542], [29.36045, 0.05329], [29.36064, 0.05326], [29.36202, 0.05305], [29.36288, 0.05305], [29.36406, 0.0525], [29.3644, 0.05234], [29.36673, 0.05158], [29.36673, 0.05158], [29.36911, 0.05082], [29.36911, 0.05082], [29.36936, 0.05063], [29.36987, 0.05025], [29.37025, 0.05039], [29.37025, 0.05039], [29.3713, 0.05039], [29.3713, 0.05039], [29.37282, 0.05039], [29.37282, 0.05039], [29.37444, 0.05034], [29.37495, 0.05057], [29.37549, 0.05082], [29.37565, 0.05086], [29.37653, 0.0511], [29.37706, 0.05115], [29.37706, 0.05115], [29.37714, 0.05115], [29.3782, 0.0511], [29.37896, 0.05144], [29.37966, 0.05164], [29.37977, 0.05167], [29.38015, 0.05215], [29.38038, 0.05229], [29.38063, 0.05243], [29.38115, 0.05272], [29.38174, 0.05281], [29.38182, 0.05282], [29.38215, 0.05315], [29.38219, 0.05344], [29.38224, 0.05386], [29.38224, 0.05386], [29.38305, 0.05401], [29.38309, 0.05422], [29.38315, 0.05453], [29.38291, 0.055], [29.38304, 0.05537], [29.3831, 0.05553], [29.38334, 0.05629], [29.38334, 0.05629], [29.38351, 0.0565], [29.38372, 0.05677], [29.38367, 0.05734], [29.38296, 0.05815], [29.38324, 0.05831], [29.38353, 0.05848], [29.38358, 0.05962], [29.3842, 0.05991], [29.38445, 0.06011], [29.38467, 0.06029], [29.38467, 0.06029], [29.38539, 0.06033], [29.386, 0.06057], [29.387, 0.06124], [29.38745, 0.06139], [29.38781, 0.06152], [29.38843, 0.0621], [29.38872, 0.06244], [29.38895, 0.06271], [29.38929, 0.06321], [29.38972, 0.06386], [29.38974, 0.06442], [29.38976, 0.06481], [29.38986, 0.06512], [29.39, 0.06557], [29.39038, 0.06652], [29.39041, 0.06703], [29.39043, 0.06733], [29.39048, 0.06781], [29.39055, 0.06783], [29.39095, 0.068], [29.39138, 0.06838], [29.39109, 0.06894], [29.39091, 0.06928], [29.39095, 0.07], [29.39095, 0.07], [29.39157, 0.06976], [29.39177, 0.06991], [29.392, 0.07009], [29.39226, 0.0704], [29.39248, 0.07066], [29.39257, 0.07138], [29.39281, 0.07161], [29.3931, 0.0719], [29.39323, 0.0721], [29.39348, 0.07247], [29.39348, 0.07247], [29.394, 0.07233], [29.394, 0.07233], [29.39438, 0.07157], [29.3945, 0.07102], [29.39462, 0.07047], [29.39502, 0.07077], [29.39538, 0.07104], [29.39547, 0.07176], [29.39605, 0.07204], [29.39605, 0.07204], [29.39662, 0.0718], [29.39669, 0.07181], [29.39738, 0.0719], [29.39728, 0.07276], [29.39728, 0.0739], [29.3979, 0.07399], [29.39795, 0.07461], [29.39816, 0.07487], [29.39843, 0.07518], [29.39843, 0.07518], [29.39843, 0.07518], [29.39885, 0.07499], [29.39923, 0.07504], [29.3999, 0.07561], [29.4, 0.07578], [29.40014, 0.07599], [29.40076, 0.07656], [29.40114, 0.07713], [29.40117, 0.07739], [29.40119, 0.07756], [29.40076, 0.07837], [29.40076, 0.07837], [29.40042, 0.07928], [29.4007, 0.07939], [29.40099, 0.07951], [29.40123, 0.08008], [29.4015, 0.08021], [29.40176, 0.08032], [29.40176, 0.08032], [29.40233, 0.08027], [29.40247, 0.0807], [29.40247, 0.08127], [29.40243, 0.08146], [29.40238, 0.08175], [29.40276, 0.08218], [29.40238, 0.0828], [29.40223, 0.08318], [29.40214, 0.08342], [29.40212, 0.08372], [29.40209, 0.08418], [29.40235, 0.08447], [29.40257, 0.0847], [29.40291, 0.08505], [29.40333, 0.08546], [29.40349, 0.08602], [29.40361, 0.08641], [29.40398, 0.08658], [29.40433, 0.08675], [29.40479, 0.08713], [29.40518, 0.08746], [29.40566, 0.08787], [29.40623, 0.08836], [29.4069, 0.08908], [29.40722, 0.08954], [29.40747, 0.08989], [29.40753, 0.09022], [29.40761, 0.0907], [29.40788, 0.09107], [29.40809, 0.09136], [29.40832, 0.09198], [29.40875, 0.09279], [29.40879, 0.09312], [29.40885, 0.0936], [29.40898, 0.09435], [29.40904, 0.09465], [29.40904, 0.09527], [29.40813, 0.0966], [29.4078, 0.09722], [29.40775, 0.09817], [29.40837, 0.09864], [29.40832, 0.09945], [29.4083, 0.09995], [29.40828, 0.10069], [29.40828, 0.10183], [29.40794, 0.10231], [29.40794, 0.10293], [29.40786, 0.10345], [29.4078, 0.10378], [29.40773, 0.10408], [29.40761, 0.10455], [29.40761, 0.10554], [29.40767, 0.10614], [29.40771, 0.10654], [29.40713, 0.10735], [29.40704, 0.10859], [29.40704, 0.10954], [29.40675, 0.11011], [29.40681, 0.11027], [29.4069, 0.11049], [29.40701, 0.11083], [29.40709, 0.11106], [29.40704, 0.11211], [29.40742, 0.11254], [29.40766, 0.11276], [29.40794, 0.11302], [29.40828, 0.11335], [29.40889, 0.11397], [29.40932, 0.11418], [29.40975, 0.1144], [29.40975, 0.1144], [29.41066, 0.11444], [29.41099, 0.11487], [29.4111, 0.11496], [29.41123, 0.11506], [29.41123, 0.11506], [29.41199, 0.11501], [29.41199, 0.11501], [29.41208, 0.11449], [29.41221, 0.11428], [29.41242, 0.11392], [29.41273, 0.11412], [29.41304, 0.1143], [29.41304, 0.1143], [29.41399, 0.11425], [29.41399, 0.11425], [29.41494, 0.11425], [29.41519, 0.11435], [29.41541, 0.11444], [29.41547, 0.11481], [29.41551, 0.11506], [29.41589, 0.11516], [29.4161, 0.11539], [29.41637, 0.11568], [29.41675, 0.11587], [29.41675, 0.11587], [29.41756, 0.11587], [29.41884, 0.1162], [29.41884, 0.1162], [29.41951, 0.11592], [29.41951, 0.11592], [29.42032, 0.11563], [29.42032, 0.11563], [29.42122, 0.11563], [29.42144, 0.11572], [29.4217, 0.11582], [29.42232, 0.11635], [29.42258, 0.11655], [29.42289, 0.11678], [29.42322, 0.11725], [29.42342, 0.11737], [29.4236, 0.11749], [29.4236, 0.11749], [29.42366, 0.11748], [29.42412, 0.11739], [29.4244, 0.11709], [29.42455, 0.11692], [29.42488, 0.11687], [29.42527, 0.1173], [29.42549, 0.11748], [29.42574, 0.11768], [29.42574, 0.11768], [29.42574, 0.11768], [29.42611, 0.11751], [29.42626, 0.11744], [29.42684, 0.11744], [29.42684, 0.11744], [29.427, 0.11735], [29.42736, 0.11716], [29.42812, 0.11687], [29.42852, 0.11694], [29.42869, 0.11697], [29.42869, 0.11697], [29.42945, 0.11697], [29.42945, 0.11697], [29.43007, 0.11682], [29.43007, 0.11682], [29.43025, 0.11672], [29.43064, 0.11649], [29.43169, 0.1162], [29.43178, 0.11619], [29.43231, 0.11611], [29.43264, 0.11641], [29.43274, 0.11649], [29.43282, 0.11671], [29.43293, 0.11701], [29.43297, 0.11758], [29.4333, 0.11775], [29.43364, 0.11792], [29.43364, 0.11792], [29.43455, 0.11797], [29.43468, 0.11815], [29.43478, 0.1183], [29.43504, 0.1184], [29.43526, 0.11849], [29.43526, 0.11849], [29.43526, 0.11849], [29.43612, 0.11816], [29.43612, 0.11816], [29.43673, 0.11792], [29.4373, 0.11799], [29.43745, 0.11801], [29.43773, 0.11839], [29.43785, 0.11855], [29.43802, 0.11877], [29.43844, 0.11889], [29.43873, 0.11896], [29.43873, 0.11896], [29.43915, 0.11871], [29.43935, 0.11858], [29.43965, 0.11844], [29.44035, 0.11811], [29.44135, 0.11754], [29.44135, 0.11687], [29.4414, 0.11606], [29.44164, 0.1157], [29.44178, 0.11549], [29.44254, 0.1154], [29.44275, 0.11553], [29.44297, 0.11568], [29.44297, 0.11568], [29.44349, 0.11573], [29.44349, 0.11573], [29.44411, 0.1154], [29.44473, 0.11587], [29.44549, 0.11654], [29.44573, 0.11673], [29.44616, 0.11706], [29.44644, 0.11773], [29.44668, 0.11825], [29.44696, 0.11857], [29.4473, 0.11896], [29.44749, 0.11923], [29.44763, 0.11944], [29.44763, 0.12015], [29.44786, 0.12062], [29.44816, 0.12125], [29.44882, 0.12172], [29.44954, 0.12192], [29.44954, 0.12192], [29.45019, 0.12176], [29.45035, 0.12172], [29.45087, 0.12192], [29.45099, 0.12208], [29.45115, 0.1223], [29.45139, 0.12256], [29.45158, 0.12277], [29.45201, 0.12301], [29.45244, 0.12318], [29.45282, 0.12334], [29.45339, 0.12353], [29.45363, 0.12382], [29.45382, 0.12406], [29.45458, 0.12434], [29.45496, 0.12472], [29.45558, 0.12539], [29.45574, 0.12581], [29.45596, 0.12639], [29.45663, 0.12739], [29.45696, 0.12749], [29.45739, 0.12763], [29.45768, 0.12785], [29.45801, 0.1281], [29.45836, 0.12835], [29.45867, 0.12858], [29.4592, 0.12896], [29.45955, 0.12915], [29.45991, 0.12934], [29.45991, 0.12934], [29.46043, 0.12939], [29.46043, 0.12939], [29.46162, 0.12924], [29.4621, 0.12977], [29.46205, 0.1302], [29.46143, 0.13034], [29.46143, 0.13034], [29.46177, 0.13096], [29.46229, 0.13153], [29.46239, 0.13175], [29.46253, 0.13205], [29.46258, 0.13247], [29.46262, 0.13277], [29.46262, 0.13376], [29.46243, 0.13448], [29.46234, 0.13553], [29.46267, 0.13567], [29.46267, 0.13567], [29.46329, 0.13557], [29.46357, 0.13567], [29.46358, 0.13567], [29.46419, 0.13567], [29.46419, 0.13567], [29.46495, 0.13534], [29.46536, 0.13563], [29.46581, 0.13595], [29.4661, 0.13667], [29.4661, 0.13724], [29.46605, 0.138], [29.46596, 0.13844], [29.46591, 0.13871], [29.46583, 0.13897], [29.46572, 0.13938], [29.46588, 0.13991], [29.466, 0.14028], [29.46667, 0.14109], [29.467, 0.14181], [29.46729, 0.14257], [29.46752, 0.14338], [29.46667, 0.14314], [29.46667, 0.14314], [29.46586, 0.14352], [29.46529, 0.14385], [29.46534, 0.14423], [29.46534, 0.145], [29.46529, 0.14576], [29.46524, 0.14671], [29.46551, 0.14683], [29.46576, 0.14695], [29.46619, 0.14725], [29.46657, 0.14752], [29.46695, 0.14775], [29.46733, 0.14799], [29.46766, 0.14822], [29.46795, 0.14842], [29.46876, 0.14866], [29.46876, 0.14866], [29.46943, 0.14856], [29.46943, 0.14856], [29.4696, 0.14844], [29.46995, 0.14818], [29.47057, 0.14828], [29.47065, 0.14861], [29.47071, 0.14885], [29.47048, 0.14966], [29.47086, 0.15004], [29.47086, 0.15004], [29.47086, 0.15004], [29.47109, 0.14937], [29.4719, 0.14933], [29.4719, 0.14933], [29.47257, 0.14928], [29.47224, 0.14966], [29.47199, 0.14996], [29.47186, 0.15014], [29.47176, 0.15075], [29.47176, 0.15075], [29.47285, 0.15075], [29.47285, 0.15075], [29.47352, 0.15071], [29.47352, 0.15071], [29.47379, 0.15034], [29.47395, 0.15014], [29.47433, 0.15028], [29.475, 0.15066], [29.47542, 0.15109], [29.47544, 0.15122], [29.47547, 0.15142], [29.47585, 0.15194], [29.47585, 0.15194], [29.47585, 0.15194], [29.47614, 0.15147], [29.47614, 0.1508], [29.47619, 0.15018], [29.4765, 0.1499], [29.47666, 0.14975], [29.47675, 0.14978], [29.47728, 0.1499], [29.4778, 0.15014], [29.4778, 0.15075], [29.47753, 0.15106], [29.47742, 0.15118], [29.47742, 0.15118], [29.47742, 0.15118], [29.47747, 0.1518], [29.47747, 0.1518], [29.47838, 0.1518], [29.47838, 0.1518], [29.47899, 0.1518], [29.47899, 0.1518], [29.47947, 0.15137], [29.47999, 0.15166], [29.47999, 0.15166], [29.48052, 0.15166], [29.48052, 0.15166], [29.48095, 0.15133], [29.48114, 0.15075], [29.48156, 0.15042], [29.48213, 0.15042], [29.48213, 0.15042], [29.48285, 0.14985], [29.48347, 0.15018], [29.48347, 0.15066], [29.48275, 0.1508], [29.48275, 0.1508], [29.48247, 0.15113], [29.48275, 0.15166], [29.48275, 0.15166], [29.48291, 0.15159], [29.48332, 0.15142], [29.4835, 0.15135], [29.48394, 0.15118], [29.48442, 0.15118], [29.48499, 0.15085], [29.4857, 0.15028], [29.48632, 0.15028], [29.48658, 0.1505], [29.48699, 0.15085], [29.48808, 0.15075], [29.48808, 0.15075], [29.48927, 0.15075], [29.48927, 0.15075], [29.49056, 0.15075], [29.49056, 0.15075], [29.4917, 0.15075], [29.49213, 0.15108], [29.49251, 0.15137], [29.49259, 0.15165], [29.4927, 0.15204], [29.49294, 0.15233], [29.49313, 0.15256], [29.49335, 0.15301], [29.49365, 0.15361], [29.49397, 0.15409], [29.49422, 0.15447], [29.4945, 0.15477], [29.49479, 0.15508], [29.49541, 0.15513], [29.49546, 0.15513], [29.49554, 0.15533], [29.49565, 0.15561], [29.49498, 0.15589], [29.49441, 0.15646], [29.49441, 0.15646], [29.49517, 0.15646], [29.49575, 0.1567], [29.49646, 0.15685], [29.49646, 0.15685], [29.49754, 0.15694], [29.49755, 0.15694], [29.49822, 0.15727], [29.49861, 0.1574], [29.49912, 0.15756], [29.4997, 0.15818], [29.50031, 0.1587], [29.50065, 0.15937], [29.50127, 0.16013], [29.50127, 0.16013], [29.50155, 0.16013], [29.50188, 0.16051], [29.502, 0.16093], [29.50207, 0.16122], [29.5026, 0.16146], [29.5026, 0.16146], [29.50345, 0.16146], [29.50345, 0.16146], [29.5036, 0.16142], [29.50407, 0.16127], [29.50407, 0.16127], [29.50407, 0.16127], [29.50412, 0.16046], [29.50336, 0.15999], [29.50336, 0.15946], [29.50354, 0.1594], [29.50407, 0.15922], [29.50498, 0.15937], [29.5056, 0.1598], [29.5056, 0.1598], [29.50631, 0.1598], [29.50631, 0.1598], [29.50693, 0.15946], [29.50755, 0.15918], [29.50793, 0.15942], [29.5081, 0.15961], [29.50831, 0.15984], [29.50831, 0.15984], [29.50883, 0.15975], [29.50883, 0.15975], [29.5094, 0.1597], [29.5097, 0.15983], [29.50997, 0.15994], [29.51088, 0.16061], [29.51174, 0.16127], [29.51234, 0.16179], [29.51273, 0.16213], [29.51297, 0.16265], [29.51342, 0.16285], [29.51383, 0.16303], [29.51383, 0.16303], [29.51435, 0.16308], [29.51507, 0.16384], [29.51588, 0.16456], [29.51588, 0.16456], [29.51687, 0.16436], [29.51687, 0.16436], [29.51764, 0.1637], [29.51783, 0.16308], [29.51787, 0.16227], [29.51787, 0.16141], [29.51849, 0.16132], [29.51849, 0.16132], [29.51916, 0.16127], [29.51931, 0.16148], [29.51954, 0.16179], [29.51954, 0.16179], [29.51978, 0.1617], [29.5204, 0.16146], [29.52073, 0.1616], [29.52111, 0.16175], [29.52149, 0.16213], [29.52168, 0.16238], [29.52192, 0.1627], [29.52217, 0.1629], [29.5224, 0.16308], [29.52301, 0.16346], [29.52391, 0.16388], [29.52483, 0.16416], [29.52555, 0.16473], [29.52564, 0.165], [29.52576, 0.16538], [29.52597, 0.16574], [29.52612, 0.16602], [29.52683, 0.16623], [29.52683, 0.16623], [29.52748, 0.16559], [29.52772, 0.16573], [29.52798, 0.16588], [29.52869, 0.1663], [29.52962, 0.16666], [29.52993, 0.16697], [29.53019, 0.16723], [29.53022, 0.16752], [29.53026, 0.16795], [29.53034, 0.16845], [29.5304, 0.1688], [29.5304, 0.16973], [29.53047, 0.17087], [29.53071, 0.17104], [29.53097, 0.17123], [29.53226, 0.17201], [29.53253, 0.17224], [29.53276, 0.17244], [29.53295, 0.17252], [29.53369, 0.1728], [29.53476, 0.17287], [29.53476, 0.17287], [29.53626, 0.17287], [29.53626, 0.17287], [29.53718, 0.17287], [29.53718, 0.17287], [29.53804, 0.17294], [29.53842, 0.17307], [29.5389, 0.17323], [29.5389, 0.17401], [29.53883, 0.17551], [29.53925, 0.17665], [29.53925, 0.17665], [29.53982, 0.17673], [29.53982, 0.17673], [29.54068, 0.17673], [29.54068, 0.17673], [29.54132, 0.17651], [29.54197, 0.1768], [29.54225, 0.1773], [29.54244, 0.17736], [29.54268, 0.17744], [29.54268, 0.17744], [29.54304, 0.17687], [29.54332, 0.17694], [29.54375, 0.17751], [29.54375, 0.17815], [29.54375, 0.17815], [29.54425, 0.17815], [29.54425, 0.17815], [29.54518, 0.17815], [29.54518, 0.17815], [29.54582, 0.17815], [29.54582, 0.17815], [29.54591, 0.17759], [29.54596, 0.17723], [29.54631, 0.17731], [29.54653, 0.17737], [29.54694, 0.17763], [29.54732, 0.17787], [29.54754, 0.17815], [29.54782, 0.17851], [29.54782, 0.17851], [29.54839, 0.17851], [29.54839, 0.17851], [29.54866, 0.17842], [29.54946, 0.17815], [29.55089, 0.17808], [29.55125, 0.17844], [29.55167, 0.17887], [29.55267, 0.17972], [29.55308, 0.18029], [29.55339, 0.18072], [29.55453, 0.18094], [29.55453, 0.18094], [29.55546, 0.18072], [29.55546, 0.18072], [29.55624, 0.18065], [29.55657, 0.1811], [29.55681, 0.18144], [29.55681, 0.18144], [29.55767, 0.18122], [29.55767, 0.18122], [29.55867, 0.18122], [29.55882, 0.18127], [29.55981, 0.18158], [29.56082, 0.18183], [29.56095, 0.18187], [29.56203, 0.18272], [29.56238, 0.18308], [29.56281, 0.18351], [29.56281, 0.18351], [29.56395, 0.18372], [29.56433, 0.18396], [29.56474, 0.18422], [29.56531, 0.18472], [29.56531, 0.18472], [29.56617, 0.18479], [29.56724, 0.18572], [29.56909, 0.18622], [29.56909, 0.18622], [29.56909, 0.18622], [29.56937, 0.18603], [29.56995, 0.18565], [29.57051, 0.18509], [29.57081, 0.18479], [29.57195, 0.18294], [29.5738, 0.18279], [29.5738, 0.18279], [29.57587, 0.18265], [29.57587, 0.18265], [29.57737, 0.18265], [29.5783, 0.18315], [29.57874, 0.18375], [29.57909, 0.18422], [29.58009, 0.18529], [29.58077, 0.1854], [29.58101, 0.18543], [29.58154, 0.18568], [29.58208, 0.18593], [29.58251, 0.18629], [29.58315, 0.18651], [29.58315, 0.18651], [29.58373, 0.18629], [29.58373, 0.18629], [29.5843, 0.18586], [29.58471, 0.18614], [29.58515, 0.18643], [29.58528, 0.18711], [29.58537, 0.18758], [29.58622, 0.18772], [29.58622, 0.18772], [29.58737, 0.18786], [29.58801, 0.18822], [29.58807, 0.18843], [29.58815, 0.18872], [29.58879, 0.189], [29.58879, 0.189], [29.58879, 0.189], [29.58931, 0.18858], [29.58958, 0.18836], [29.59086, 0.18879], [29.59179, 0.18929], [29.5922, 0.18959], [29.59265, 0.18993], [29.59297, 0.19041], [29.59322, 0.19079], [29.59351, 0.19157], [29.59405, 0.19195], [29.59465, 0.19236], [29.59465, 0.19236], [29.59558, 0.19236], [29.59558, 0.19236], [29.5965, 0.19157], [29.59681, 0.19171], [29.59715, 0.19186], [29.59764, 0.19214], [29.59815, 0.19243], [29.59815, 0.19243], [29.59957, 0.1925], [29.60003, 0.19275], [29.6005, 0.193], [29.6005, 0.193], [29.6005, 0.193], [29.60106, 0.19275], [29.60129, 0.19264], [29.6025, 0.1925], [29.6025, 0.1925], [29.60307, 0.1925], [29.60371, 0.19286], [29.60371, 0.19286], [29.60371, 0.19286], [29.60464, 0.19257], [29.60507, 0.19243], [29.60507, 0.19243], [29.60528, 0.19217], [29.60564, 0.19172], [29.60628, 0.19029], [29.60663, 0.19009], [29.60678, 0.19], [29.6075, 0.19007], [29.60807, 0.19065], [29.6085, 0.1915], [29.6089, 0.19162], [29.60921, 0.19172], [29.60921, 0.19172], [29.60978, 0.19186], [29.60978, 0.19186], [29.61092, 0.19186], [29.61171, 0.19214], [29.61181, 0.19216], [29.61264, 0.19229], [29.61349, 0.19236], [29.61388, 0.19271], [29.61421, 0.193], [29.61421, 0.193], [29.61528, 0.19307], [29.61528, 0.19307], [29.61613, 0.19272], [29.61656, 0.192], [29.61671, 0.19185], [29.61699, 0.19157], [29.61731, 0.19112], [29.61749, 0.19086], [29.61849, 0.19022], [29.61892, 0.19022], [29.61892, 0.19022], [29.61999, 0.19029], [29.62035, 0.19051], [29.6207, 0.19072], [29.62099, 0.19107], [29.62099, 0.19107], [29.62156, 0.19107], [29.62202, 0.1915], [29.62242, 0.19186], [29.62334, 0.192], [29.62377, 0.19236], [29.62406, 0.19286], [29.62406, 0.19286], [29.62412, 0.19287], [29.6247, 0.19293], [29.62532, 0.19305], [29.62541, 0.19307], [29.62606, 0.1935], [29.62624, 0.19381], [29.62648, 0.19421], [29.62657, 0.19438], [29.62663, 0.1945], [29.62663, 0.1945], [29.6277, 0.1945], [29.6278, 0.19502], [29.62784, 0.19521], [29.62784, 0.19521], [29.62784, 0.19521], [29.62841, 0.19557], [29.62869, 0.19589], [29.62891, 0.19614], [29.62948, 0.1965], [29.62948, 0.1965], [29.63034, 0.19643], [29.63034, 0.19643], [29.63098, 0.19643], [29.63162, 0.19671], [29.63162, 0.19671], [29.63248, 0.19671], [29.63248, 0.19671]]]}}, {"type": "Feature", "properties": {"zone": "Boma Mangbetu", "province": "Haut-Uele", "confirmed_cases": 43, "confirmed_deaths": 19}, "geometry": {"type": "Polygon", "coordinates": [[[27.85755, 2.46679], [27.85938, 2.45536], [27.86697, 2.43647], [27.87305, 2.42435], [27.87784, 2.41481], [27.88213, 2.40051], [27.88311, 2.39201], [27.87823, 2.37936], [27.87836, 2.36724], [27.88362, 2.35937], [27.88625, 2.34792], [27.89373, 2.33273], [27.90039, 2.30322], [27.91276, 2.25849], [27.91371, 2.22422], [27.91371, 2.20614], [27.91371, 2.1871], [27.91276, 2.1576], [27.908, 2.1338], [27.90134, 2.11762], [27.89087, 2.10049], [27.8785, 2.08241], [27.86898, 2.06528], [27.84899, 2.04624], [27.83376, 2.03101], [27.80807, 2.01007], [27.79284, 1.99389], [27.7719, 1.99294], [27.75381, 1.99389], [27.73192, 2.00055], [27.71669, 2.00341], [27.70337, 2.00817], [27.68529, 2.01578], [27.66911, 2.01959], [27.64626, 2.02245], [27.62818, 2.03101], [27.62056, 2.0491], [27.6139, 2.07479], [27.6123, 2.0919], [27.61227, 2.09217], [27.61105, 2.10525], [27.61009, 2.11858], [27.60629, 2.13571], [27.60914, 2.15665], [27.60914, 2.18901], [27.60914, 2.20614], [27.61105, 2.21756], [27.61581, 2.23184], [27.61581, 2.24802], [27.61676, 2.26705], [27.62342, 2.2918], [27.62388, 2.298], [27.62532, 2.3175], [27.62532, 2.33463], [27.62532, 2.35081], [27.62627, 2.35557], [27.62437, 2.36985], [27.62056, 2.39174], [27.62723, 2.40221], [27.63579, 2.40982], [27.66244, 2.41839], [27.67291, 2.4222], [27.68909, 2.426], [27.70718, 2.426], [27.72241, 2.42315], [27.74525, 2.4222], [27.76048, 2.426], [27.79474, 2.43742], [27.80045, 2.44789], [27.81378, 2.45646], [27.82329, 2.45741], [27.84158, 2.46406], [27.84423, 2.46503], [27.85262, 2.46862], [27.85695, 2.47048], [27.85755, 2.46679]]]}}, {"type": "Feature", "properties": {"zone": "Pawa", "province": "Haut-Uele", "confirmed_cases": 92, "confirmed_deaths": 43}, "geometry": {"type": "Polygon", "coordinates": [[[27.76386, 2.68396], [27.78286, 2.66602], [27.79463, 2.66668], [27.79888, 2.66603], [27.80345, 2.6635], [27.80574, 2.66005], [27.80987, 2.64509], [27.8181, 2.61136], [27.82015, 2.58588], [27.82798, 2.54488], [27.8363, 2.51355], [27.84606, 2.48554], [27.85418, 2.47471], [27.8552, 2.47335], [27.85685, 2.47115], [27.85695, 2.4705], [27.85262, 2.46862], [27.84423, 2.46503], [27.84158, 2.46406], [27.82329, 2.45741], [27.81378, 2.45646], [27.80045, 2.44789], [27.79474, 2.43742], [27.76048, 2.426], [27.74525, 2.4222], [27.72241, 2.42315], [27.70718, 2.426], [27.68909, 2.426], [27.67291, 2.4222], [27.66244, 2.41839], [27.63579, 2.40982], [27.62723, 2.40221], [27.62056, 2.39174], [27.62437, 2.36985], [27.62627, 2.35557], [27.62532, 2.35081], [27.62532, 2.33463], [27.62532, 2.3175], [27.62388, 2.298], [27.62342, 2.2918], [27.61676, 2.26705], [27.61581, 2.24802], [27.61581, 2.23184], [27.61105, 2.21756], [27.60914, 2.20614], [27.60914, 2.18901], [27.60914, 2.15665], [27.60629, 2.13571], [27.61009, 2.11858], [27.61105, 2.10525], [27.61227, 2.09217], [27.59708, 2.07792], [27.59542, 2.06708], [27.59542, 2.06375], [27.59292, 2.06125], [27.59042, 2.05458], [27.58125, 2.05042], [27.57958, 2.05042], [27.57292, 2.05625], [27.56792, 2.05125], [27.56375, 2.04958], [27.56125, 2.04792], [27.56375, 2.04208], [27.56375, 2.03708], [27.56208, 2.03292], [27.55708, 2.02792], [27.55208, 2.02625], [27.54958, 2.02375], [27.54875, 2.02125], [27.54208, 2.01458], [27.53958, 2.01375], [27.52208, 2.01458], [27.51875, 2.00958], [27.51875, 2.00292], [27.51292, 1.99708], [27.50375, 1.99792], [27.50208, 1.99958], [27.49458, 2.00875], [27.49375, 2.02125], [27.49292, 2.02208], [27.49292, 2.02458], [27.49042, 2.02875], [27.49042, 2.03792], [27.49125, 2.03875], [27.49208, 2.04292], [27.48542, 2.05042], [27.47875, 2.05708], [27.46708, 2.07292], [27.46625, 2.07625], [27.46125, 2.08125], [27.45875, 2.08125], [27.45792, 2.08208], [27.45458, 2.08125], [27.45292, 2.07958], [27.45208, 2.07458], [27.45042, 2.07292], [27.45042, 2.06292], [27.44875, 2.06125], [27.44125, 2.05708], [27.43958, 2.05708], [27.43708, 2.05958], [27.43708, 2.06125], [27.43542, 2.06292], [27.43125, 2.06292], [27.42708, 2.06042], [27.42625, 2.05792], [27.42792, 2.05625], [27.42792, 2.04708], [27.43125, 2.04125], [27.42875, 2.03875], [27.42542, 2.03875], [27.42125, 2.04125], [27.41691, 2.04125], [27.41125, 2.04292], [27.41125, 2.04458], [27.40458, 2.05208], [27.40458, 2.05625], [27.40625, 2.05792], [27.40375, 2.06042], [27.39875, 2.06042], [27.39042, 2.05958], [27.38292, 2.06708], [27.37875, 2.06875], [27.37625, 2.06875], [27.36658, 2.05908], [27.36594, 2.05857], [27.34787, 2.07132], [27.34821, 2.07182], [27.34467, 2.07536], [27.34814, 2.08891], [27.34941, 2.09018], [27.35103, 2.09182], [27.35341, 2.09138], [27.35654, 2.09081], [27.36109, 2.08999], [27.36612, 2.0916], [27.37206, 2.09943], [27.3741, 2.11232], [27.37684, 2.11807], [27.38346, 2.12475], [27.38574, 2.13257], [27.38345, 2.13717], [27.38687, 2.14569], [27.3962, 2.15663], [27.3965, 2.1587], [27.39677, 2.1605], [27.40191, 2.19586], [27.41309, 2.22072], [27.40988, 2.2359], [27.40301, 2.24694], [27.39499, 2.25568], [27.39339, 2.26097], [27.39566, 2.26833], [27.3952, 2.27339], [27.39154, 2.28029], [27.38307, 2.28351], [27.37917, 2.2934], [27.38077, 2.29708], [27.38397, 2.29961], [27.39083, 2.29962], [27.39563, 2.30193], [27.39869, 2.3185], [27.40627, 2.32717], [27.42454, 2.33145], [27.46991, 2.33136], [27.46995, 2.33139], [27.4722, 2.33136], [27.4731, 2.33135], [27.47652, 2.3313], [27.48594, 2.33388], [27.49851, 2.34582], [27.50039, 2.34809], [27.5005, 2.34816], [27.50328, 2.35143], [27.50328, 2.35143], [27.50387, 2.35213], [27.50477, 2.3534], [27.50702, 2.35656], [27.50726, 2.35691], [27.5113, 2.36259], [27.50684, 2.38499], [27.5099, 2.39269], [27.51058, 2.40143], [27.50714, 2.41155], [27.50442, 2.426], [27.50435, 2.43267], [27.50868, 2.442], [27.52467, 2.46478], [27.53609, 2.47371], [27.54164, 2.47968], [27.54519, 2.48302], [27.54822, 2.48587], [27.54842, 2.48606], [27.54863, 2.48626], [27.54939, 2.48698], [27.54972, 2.48728], [27.55401, 2.49133], [27.55613, 2.49332], [27.56502, 2.50176], [27.57397, 2.50865], [27.58201, 2.51484], [27.59863, 2.53429], [27.61779, 2.5649], [27.62046, 2.57743], [27.62138, 2.58174], [27.62154, 2.58249], [27.62172, 2.58332], [27.6217, 2.58503], [27.62163, 2.5915], [27.62688, 2.59749], [27.63189, 2.59862], [27.64266, 2.58574], [27.64462, 2.57895], [27.64554, 2.57575], [27.64696, 2.57084], [27.65295, 2.56348], [27.66184, 2.56063], [27.68177, 2.57397], [27.68822, 2.57902], [27.69272, 2.58458], [27.69404, 2.58621], [27.69386, 2.60287], [27.70299, 2.60577], [27.70755, 2.60588], [27.71066, 2.60596], [27.72171, 2.62185], [27.72729, 2.6251], [27.73524, 2.62711], [27.74227, 2.63185], [27.74514, 2.63968], [27.74241, 2.64669], [27.73879, 2.65341], [27.74375, 2.65909], [27.75106, 2.66595], [27.75775, 2.67494], [27.75905, 2.68603], [27.76386, 2.68396]]]}}, {"type": "Feature", "properties": {"zone": "Drodro", "province": "Ituri", "confirmed_cases": 15, "confirmed_deaths": 7}, "geometry": {"type": "Polygon", "coordinates": [[[30.58924, 1.86427], [30.59092, 1.86435], [30.59228, 1.86223], [30.59656, 1.85724], [30.6037, 1.85367], [30.61226, 1.85367], [30.61869, 1.85081], [30.6244, 1.83868], [30.62654, 1.81298], [30.62868, 1.80299], [30.63725, 1.79728], [30.64296, 1.8037], [30.64724, 1.80798], [30.65438, 1.80513], [30.65855, 1.79956], [30.65866, 1.79942], [30.66866, 1.79371], [30.67722, 1.77586], [30.68793, 1.773], [30.69507, 1.76087], [30.70221, 1.73374], [30.70292, 1.72803], [30.70078, 1.71518], [30.69707, 1.71599], [30.69225, 1.72007], [30.66726, 1.70436], [30.65727, 1.6908], [30.64513, 1.68723], [30.63229, 1.6751], [30.62586, 1.66439], [30.6123, 1.65083], [30.61097, 1.64817], [30.61012, 1.64648], [30.60516, 1.63655], [30.59517, 1.62941], [30.58803, 1.61942], [30.57446, 1.61371], [30.56804, 1.60657], [30.56304, 1.60371], [30.55376, 1.598], [30.54377, 1.59372], [30.53449, 1.59229], [30.52378, 1.59229], [30.51522, 1.59229], [30.50808, 1.59229], [30.49666, 1.593], [30.48864, 1.59367], [30.48874, 1.59573], [30.49214, 1.60544], [30.47964, 1.61793], [30.47013, 1.62745], [30.46001, 1.63994], [30.45644, 1.65124], [30.45823, 1.66135], [30.46056, 1.66603], [30.46231, 1.66953], [30.46418, 1.67325], [30.46715, 1.68217], [30.47111, 1.68649], [30.46593, 1.68592], [30.45736, 1.69377], [30.45308, 1.69734], [30.43951, 1.70091], [30.43238, 1.71376], [30.43095, 1.72161], [30.42809, 1.72518], [30.42452, 1.73874], [30.41739, 1.7416], [30.41167, 1.74517], [30.40553, 1.74768], [30.40442, 1.74878], [30.402, 1.75116], [30.39886, 1.75933], [30.39425, 1.76416], [30.39454, 1.76444], [30.40239, 1.77086], [30.41167, 1.77729], [30.4181, 1.78157], [30.4231, 1.78657], [30.42738, 1.79156], [30.4338, 1.79228], [30.44094, 1.7987], [30.44166, 1.81084], [30.44023, 1.8194], [30.4438, 1.82726], [30.44461, 1.8279], [30.45094, 1.83297], [30.45522, 1.82369], [30.46307, 1.81155], [30.47663, 1.80941], [30.48663, 1.80941], [30.49305, 1.81512], [30.49805, 1.82155], [30.50733, 1.83939], [30.50519, 1.85153], [30.50233, 1.85652], [30.49377, 1.86081], [30.4852, 1.86795], [30.48454, 1.87189], [30.48542, 1.87625], [30.48958, 1.88125], [30.49208, 1.88292], [30.49375, 1.88292], [30.49625, 1.88042], [30.50042, 1.88208], [30.50375, 1.88542], [30.50458, 1.88792], [30.50792, 1.89208], [30.50792, 1.89375], [30.51042, 1.89792], [30.51125, 1.89875], [30.51292, 1.89708], [30.51708, 1.90125], [30.52125, 1.90042], [30.52292, 1.89875], [30.52292, 1.89625], [30.52542, 1.89375], [30.52792, 1.89375], [30.52875, 1.89625], [30.53125, 1.89625], [30.53708, 1.89292], [30.54292, 1.89375], [30.54625, 1.89125], [30.54792, 1.89125], [30.55208, 1.89625], [30.55625, 1.89208], [30.55542, 1.88708], [30.55792, 1.88542], [30.56125, 1.88458], [30.56625, 1.88125], [30.57292, 1.88208], [30.57458, 1.88375], [30.57875, 1.88292], [30.58042, 1.88208], [30.57958, 1.87875], [30.58042, 1.87625], [30.57875, 1.87375], [30.58042, 1.86875], [30.58542, 1.86375], [30.58924, 1.86427]]]}}, {"type": "Feature", "properties": {"zone": "Adja", "province": "Ituri", "confirmed_cases": 12, "confirmed_deaths": 1}, "geometry": {"type": "Polygon", "coordinates": [[[30.44364, 3.168], [30.45018, 3.16681], [30.45732, 3.16681], [30.46506, 3.16384], [30.47695, 3.16027], [30.48528, 3.15253], [30.4948, 3.14897], [30.50134, 3.13826], [30.50075, 3.13231], [30.50194, 3.11922], [30.50491, 3.10851], [30.51027, 3.09959], [30.51205, 3.09305], [30.51562, 3.08472], [30.51716, 3.08006], [30.52032, 3.07971], [30.53033, 3.08049], [30.54413, 3.08209], [30.57704, 3.08002], [30.599, 3.09372], [30.60494, 3.09022], [30.61065, 3.08665], [30.61922, 3.08379], [30.63064, 3.07451], [30.63278, 3.05952], [30.63064, 3.0531], [30.63635, 3.04667], [30.64277, 3.04453], [30.64991, 3.04453], [30.65919, 3.04167], [30.66205, 3.03382], [30.66776, 3.02668], [30.67347, 3.02097], [30.67989, 3.01598], [30.6856, 3.00527], [30.6906, 2.99742], [30.69131, 2.98814], [30.68412, 2.98114], [30.66811, 2.98071], [30.65404, 2.98107], [30.64812, 2.97732], [30.64109, 2.96708], [30.63571, 2.95925], [30.62621, 2.94856], [30.62372, 2.94592], [30.62268, 2.93587], [30.61794, 2.92915], [30.61017, 2.927], [30.60452, 2.92881], [30.59497, 2.92881], [30.58615, 2.92734], [30.57292, 2.92514], [30.56117, 2.9244], [30.54867, 2.9222], [30.53692, 2.91779], [30.5281, 2.91559], [30.51708, 2.91705], [30.50238, 2.91559], [30.49577, 2.91999], [30.48548, 2.92293], [30.47078, 2.92367], [30.46049, 2.91779], [30.45461, 2.91338], [30.43551, 2.91118], [30.4164, 2.91265], [30.38701, 2.91118], [30.37268, 2.91467], [30.38232, 2.93573], [30.39093, 2.94989], [30.39771, 2.95728], [30.38892, 2.96753], [30.34332, 2.98273], [30.33057, 2.98113], [30.28229, 2.9751], [30.2287, 2.95453], [30.21062, 2.97284], [30.19591, 2.94255], [30.19146, 2.93433], [30.17507, 2.94708], [30.1719, 2.96407], [30.16224, 2.98857], [30.16121, 2.99914], [30.15934, 3.00257], [30.15152, 3.00524], [30.14504, 3.01115], [30.13962, 3.02535], [30.14532, 3.03041], [30.15525, 3.03924], [30.15919, 3.04292], [30.17024, 3.0537], [30.18513, 3.0612], [30.19108, 3.06452], [30.20218, 3.07071], [30.20586, 3.07276], [30.22111, 3.08126], [30.22268, 3.08209], [30.22268, 3.08209], [30.23414, 3.08815], [30.2497, 3.10728], [30.26093, 3.12584], [30.28023, 3.15201], [30.29205, 3.16409], [30.31328, 3.1809], [30.31856, 3.18524], [30.32656, 3.1918], [30.33367, 3.19764], [30.35171, 3.21801], [30.35911, 3.22955], [30.36468, 3.2263], [30.36988, 3.22369], [30.37306, 3.22264], [30.37409, 3.22243], [30.38118, 3.22094], [30.3901, 3.21381], [30.39486, 3.20548], [30.39784, 3.20369], [30.40557, 3.20191], [30.41449, 3.19715], [30.42163, 3.18942], [30.42996, 3.17811], [30.43769, 3.17157], [30.44364, 3.168]]]}}, {"type": "Feature", "properties": {"zone": "Mambasa", "province": "Ituri", "confirmed_cases": 41, "confirmed_deaths": 17}, "geometry": {"type": "Polygon", "coordinates": [[[28.7457, 2.31294], [28.75302, 2.30373], [28.76537, 2.30901], [28.76857, 2.30786], [28.77451, 2.30233], [28.78183, 2.30186], [28.79897, 2.30745], [28.80729, 2.30528], [28.81706, 2.30052], [28.81903, 2.29956], [28.84192, 2.2959], [28.85714, 2.29015], [28.92234, 2.28062], [28.93574, 2.27769], [28.96878, 2.27047], [28.97759, 2.28559], [28.97691, 2.29112], [28.97989, 2.2941], [28.98106, 2.29834], [28.98674, 2.29443], [28.99567, 2.29233], [28.99986, 2.29915], [29.00404, 2.30408], [29.00479, 2.30483], [29.00634, 2.30636], [29.00649, 2.3065], [29.00695, 2.30695], [29.00762, 2.30728], [29.00846, 2.30769], [29.01032, 2.30861], [29.01163, 2.30858], [29.06446, 2.23322], [29.13611, 2.12477], [29.1766, 1.97544], [29.19081, 1.85986], [29.22422, 1.78518], [29.23781, 1.7056], [29.23946, 1.6959], [29.24044, 1.69019], [29.24958, 1.64792], [29.23625, 1.64375], [29.23458, 1.64125], [29.23458, 1.63958], [29.23125, 1.63625], [29.23042, 1.63708], [29.22875, 1.63542], [29.22292, 1.63375], [29.22458, 1.63125], [29.22875, 1.62792], [29.22875, 1.62542], [29.22625, 1.62125], [29.22042, 1.62208], [29.21875, 1.62042], [29.21708, 1.61625], [29.21708, 1.61042], [29.21458, 1.60792], [29.21458, 1.60125], [29.21542, 1.60042], [29.21208, 1.59708], [29.21208, 1.59542], [29.21792, 1.59125], [29.21792, 1.58875], [29.22042, 1.58625], [29.22042, 1.58458], [29.22208, 1.58292], [29.22208, 1.58042], [29.22625, 1.57625], [29.22625, 1.57375], [29.22542, 1.57208], [29.22625, 1.56542], [29.23042, 1.56208], [29.23042, 1.55958], [29.22958, 1.55875], [29.23042, 1.55125], [29.23875, 1.54875], [29.24042, 1.54708], [29.24042, 1.54458], [29.24125, 1.54375], [29.23792, 1.54125], [29.23792, 1.53542], [29.23708, 1.53458], [29.23708, 1.53042], [29.24042, 1.52625], [29.23708, 1.52375], [29.23708, 1.52125], [29.23375, 1.51958], [29.22958, 1.51542], [29.22708, 1.51125], [29.22708, 1.50875], [29.22542, 1.50708], [29.22542, 1.50542], [29.22208, 1.50292], [29.22042, 1.49958], [29.22042, 1.49792], [29.22292, 1.49458], [29.22708, 1.49125], [29.22542, 1.48875], [29.22458, 1.47958], [29.22292, 1.47792], [29.20792, 1.47792], [29.20625, 1.47792], [29.20292, 1.47458], [29.20042, 1.47375], [29.19875, 1.47375], [29.19542, 1.47625], [29.19125, 1.47208], [29.19292, 1.47042], [29.19458, 1.47042], [29.19792, 1.46708], [29.19792, 1.46042], [29.19542, 1.45792], [29.19542, 1.45375], [29.19458, 1.45292], [29.19375, 1.45208], [29.18625, 1.44042], [29.18458, 1.43708], [29.17958, 1.43542], [29.17958, 1.43125], [29.17875, 1.43042], [29.17125, 1.43042], [29.16875, 1.43208], [29.16542, 1.43208], [29.16375, 1.43042], [29.16375, 1.42875], [29.16542, 1.42708], [29.16542, 1.42458], [29.16292, 1.41542], [29.15708, 1.40875], [29.15625, 1.40792], [29.15125, 1.40875], [29.14792, 1.40625], [29.14375, 1.40625], [29.13875, 1.40208], [29.13625, 1.40125], [29.12958, 1.40958], [29.11875, 1.40958], [29.11708, 1.40792], [29.11458, 1.40792], [29.11375, 1.40708], [29.11125, 1.40792], [29.11023, 1.40878], [29.10898, 1.4073], [29.10825, 1.39863], [29.10572, 1.39686], [29.08518, 1.38196], [29.07638, 1.37557], [29.0682, 1.34606], [29.07305, 1.29851], [29.0893, 1.24439], [29.10017, 1.23343], [29.08744, 1.23475], [29.08011, 1.21935], [29.07233, 1.20373], [29.06066, 1.1842], [29.03986, 1.16238], [29.03597, 1.15364], [29.02317, 1.15159], [29.00946, 1.14149], [29.00958, 1.13042], [29.02208, 1.12708], [29.03458, 1.11292], [29.02458, 1.09292], [29.03792, 1.08042], [29.05542, 1.08458], [29.05859, 1.08499], [29.0513, 1.06302], [29.03213, 1.01969], [29.03449, 0.97153], [29.03449, 0.95865], [29.03446, 0.91374], [29.05834, 0.82945], [29.07266, 0.7837], [29.10614, 0.7596], [29.12286, 0.71385], [29.11327, 0.6657], [29.11159, 0.66366], [29.10713, 0.65828], [29.10382, 0.65429], [29.10396, 0.65362], [29.10167, 0.64236], [29.09892, 0.63914], [29.085, 0.63318], [29.0842, 0.63303], [29.08219, 0.63264], [29.08131, 0.63246], [29.07977, 0.63216], [29.07564, 0.63136], [29.07267, 0.62883], [29.07246, 0.62767], [29.0706, 0.61711], [29.06763, 0.61229], [29.06215, 0.60816], [29.05727, 0.60248], [29.04615, 0.58952], [29.04598, 0.58948], [29.04205, 0.58854], [29.03962, 0.58796], [29.03907, 0.58785], [29.03565, 0.58715], [29.0346, 0.58693], [29.03451, 0.58692], [29.02907, 0.58647], [29.01701, 0.58389], [29.0125, 0.57447], [29.01182, 0.5734], [29.00548, 0.56342], [28.99142, 0.56032], [28.97181, 0.5629], [28.9711, 0.56327], [28.96826, 0.56474], [28.96558, 0.56613], [28.96547, 0.56618], [28.96531, 0.56627], [28.95826, 0.5699], [28.95415, 0.572], [28.95415, 0.57199], [28.94818, 0.57506], [28.94063, 0.57799], [28.93208, 0.58205], [28.93148, 0.58219], [28.916, 0.58569], [28.90092, 0.58763], [28.88785, 0.58619], [28.87951, 0.58557], [28.87916, 0.58554], [28.87915, 0.58554], [28.87812, 0.58546], [28.87579, 0.58529], [28.87367, 0.58502], [28.86868, 0.58439], [28.86487, 0.58392], [28.86402, 0.58381], [28.86022, 0.58333], [28.85235, 0.5819], [28.84471, 0.58051], [28.84387, 0.58036], [28.84364, 0.58032], [28.84341, 0.58027], [28.84263, 0.58013], [28.84195, 0.58001], [28.84148, 0.57992], [28.84113, 0.57986], [28.84075, 0.57979], [28.84062, 0.57977], [28.82655, 0.5789], [28.81348, 0.57913], [28.80516, 0.57697], [28.80344, 0.57652], [28.80172, 0.57647], [28.79087, 0.57618], [28.78082, 0.57524], [28.77435, 0.57536], [28.76273, 0.57557], [28.75355, 0.5735], [28.74263, 0.57425], [28.73359, 0.57329], [28.7288, 0.57338], [28.72052, 0.57353], [28.70997, 0.57148], [28.68987, 0.57072], [28.67429, 0.57155], [28.66806, 0.57594], [28.66804, 0.57596], [28.66037, 0.58137], [28.65748, 0.57267], [28.65739, 0.57242], [28.65667, 0.57242], [28.65358, 0.57242], [28.65262, 0.57116], [28.64741, 0.56438], [28.6465, 0.55864], [28.63874, 0.55427], [28.63599, 0.54807], [28.63166, 0.54486], [28.62732, 0.54394], [28.61874, 0.54615], [28.61568, 0.54693], [28.61089, 0.54533], [28.60838, 0.54073], [28.60826, 0.54065], [28.60495, 0.53821], [28.5955, 0.53973], [28.59543, 0.53972], [28.59194, 0.54028], [28.57802, 0.52742], [28.57391, 0.52673], [28.56843, 0.5226], [28.55496, 0.51962], [28.55359, 0.52146], [28.55662, 0.52569], [28.55885, 0.52881], [28.55428, 0.53249], [28.55566, 0.5403], [28.55474, 0.54421], [28.54379, 0.5449], [28.54037, 0.54329], [28.53329, 0.54398], [28.53169, 0.54215], [28.52896, 0.54215], [28.52622, 0.54468], [28.52325, 0.54491], [28.52051, 0.54123], [28.51663, 0.54009], [28.51229, 0.53549], [28.50804, 0.53419], [28.50704, 0.53389], [28.50248, 0.53963], [28.49838, 0.54193], [28.49769, 0.54469], [28.49885, 0.54701], [28.49952, 0.54836], [28.49925, 0.54918], [28.49838, 0.55181], [28.50018, 0.55423], [28.50112, 0.55549], [28.50018, 0.55992], [28.5016, 0.56193], [28.505, 0.56675], [28.50285, 0.56869], [28.49838, 0.57272], [28.48789, 0.57778], [28.48218, 0.58606], [28.47693, 0.58721], [28.4771, 0.59166], [28.47716, 0.59318], [28.47535, 0.59453], [28.47208, 0.59696], [28.45891, 0.60675], [28.4565, 0.61025], [28.45552, 0.61167], [28.45549, 0.61171], [28.45275, 0.61571], [28.44934, 0.619], [28.44916, 0.61918], [28.44704, 0.62123], [28.44721, 0.62221], [28.44796, 0.62651], [28.44636, 0.62973], [28.44248, 0.62835], [28.44158, 0.62908], [28.43427, 0.63502], [28.43144, 0.63514], [28.42331, 0.63548], [28.42099, 0.63994], [28.41829, 0.64514], [28.41007, 0.65249], [28.40475, 0.65266], [28.40277, 0.65272], [28.39861, 0.65698], [28.39798, 0.65755], [28.39343, 0.65775], [28.39273, 0.65778], [28.39262, 0.65811], [28.3909, 0.66353], [28.38474, 0.66399], [28.38387, 0.66372], [28.37812, 0.66192], [28.37732, 0.66792], [28.37698, 0.67042], [28.3747, 0.67479], [28.37539, 0.67778], [28.37104, 0.68008], [28.35804, 0.68698], [28.35532, 0.68668], [28.35403, 0.68654], [28.35165, 0.68629], [28.35074, 0.68689], [28.34959, 0.68767], [28.34781, 0.68979], [28.34719, 0.69054], [28.34703, 0.69072], [28.34343, 0.69502], [28.33775, 0.69783], [28.33363, 0.69771], [28.32639, 0.6975], [28.32037, 0.69725], [28.31431, 0.697], [28.30696, 0.69591], [28.30474, 0.69558], [28.28779, 0.69307], [28.2848, 0.69263], [28.26996, 0.69043], [28.25915, 0.69098], [28.2485, 0.68802], [28.24646, 0.68798], [28.23967, 0.68786], [28.23825, 0.68778], [28.23283, 0.68746], [28.2222, 0.68682], [28.21685, 0.6865], [28.21246, 0.68624], [28.21177, 0.6862], [28.20834, 0.68599], [28.19905, 0.68544], [28.18289, 0.68447], [28.18024, 0.68456], [28.18005, 0.68456], [28.17985, 0.68457], [28.17985, 0.68459], [28.17985, 0.68459], [28.16829, 0.81296], [28.16592, 0.86355], [28.24254, 0.99119], [28.34785, 1.03451], [28.36938, 1.01764], [28.40529, 1.06098], [28.43026, 1.10434], [28.43164, 1.10673], [28.43165, 1.13625], [28.42125, 1.14625], [28.41458, 1.15458], [28.41458, 1.16792], [28.40125, 1.17042], [28.39125, 1.17292], [28.38461, 1.1827], [28.35272, 1.22239], [28.31207, 1.29467], [28.27145, 1.41031], [28.24036, 1.4561], [28.21165, 1.48502], [28.171, 1.55249], [28.18334, 1.5708], [28.1867, 1.5758], [28.19086, 1.58196], [28.19453, 1.58741], [28.22131, 1.62714], [28.229, 1.67921], [28.22969, 1.68386], [28.22846, 1.68406], [28.20921, 1.68302], [28.21214, 1.68437], [28.21377, 1.68707], [28.21548, 1.68989], [28.2096, 1.69791], [28.19954, 1.71019], [28.19071, 1.73781], [28.19191, 1.77641], [28.18813, 1.78486], [28.19063, 1.79598], [28.22526, 1.82357], [28.22653, 1.82459], [28.2312, 1.82831], [28.2404, 1.83466], [28.2517, 1.84144], [28.26468, 1.8454], [28.27672, 1.8498], [28.28692, 1.85353], [28.28829, 1.85403], [28.28895, 1.85427], [28.28966, 1.85574], [28.28985, 1.85613], [28.29856, 1.87411], [28.30085, 1.92243], [28.30386, 1.98571], [28.30399, 1.98843], [28.30857, 2.08462], [28.30873, 2.08799], [28.30745, 2.10663], [28.30893, 2.12394], [28.30977, 2.13365], [28.30982, 2.1355], [28.31057, 2.15925], [28.31204, 2.20535], [28.31204, 2.20535], [28.31266, 2.22404], [28.31343, 2.24315], [28.31343, 2.24316], [28.31453, 2.26637], [28.3147, 2.27005], [28.31586, 2.29463], [28.31667, 2.31189], [28.3168, 2.31445], [28.3139, 2.33613], [28.32138, 2.33529], [28.32138, 2.33529], [28.32138, 2.33529], [28.3218, 2.33524], [28.32213, 2.3352], [28.32601, 2.33318], [28.32732, 2.3325], [28.32774, 2.33229], [28.32775, 2.33228], [28.32903, 2.33162], [28.34069, 2.32555], [28.3453, 2.32315], [28.34912, 2.32116], [28.36072, 2.3115], [28.36076, 2.31147], [28.36419, 2.30861], [28.37887, 2.29638], [28.39125, 2.26961], [28.39957, 2.25163], [28.40999, 2.25193], [28.42537, 2.26072], [28.44037, 2.26596], [28.44946, 2.27116], [28.46064, 2.27756], [28.46422, 2.27918], [28.47778, 2.28535], [28.47947, 2.28612], [28.4956, 2.29393], [28.55668, 2.32352], [28.58058, 2.33397], [28.5879, 2.32637], [28.59018, 2.31257], [28.59658, 2.30083], [28.60115, 2.29645], [28.60138, 2.2884], [28.60458, 2.28472], [28.60937, 2.26907], [28.61417, 2.26976], [28.61966, 2.26469], [28.62515, 2.26561], [28.62812, 2.26285], [28.63612, 2.24144], [28.63955, 2.24052], [28.64641, 2.24351], [28.65281, 2.23913], [28.67133, 2.23222], [28.68116, 2.23152], [28.69008, 2.226], [28.69557, 2.22484], [28.69716, 2.21863], [28.71431, 2.21102], [28.71865, 2.20412], [28.72838, 2.20572], [28.73879, 2.20496], [28.75121, 2.1971], [28.76483, 2.18177], [28.7749, 2.19465], [28.77651, 2.20109], [28.77262, 2.20615], [28.77972, 2.21696], [28.77743, 2.22065], [28.77698, 2.22663], [28.7699, 2.23239], [28.76832, 2.23736], [28.76719, 2.24088], [28.76719, 2.24088], [28.76476, 2.24843], [28.7626, 2.25378], [28.75917, 2.2623], [28.75299, 2.2676], [28.75099, 2.27973], [28.75072, 2.28141], [28.74774, 2.28348], [28.74134, 2.28395], [28.74078, 2.28564], [28.7403, 2.28709], [28.73948, 2.28957], [28.73792, 2.2943], [28.72306, 2.3072], [28.71917, 2.31548], [28.713, 2.32193], [28.70935, 2.33068], [28.70935, 2.3362], [28.7153, 2.33366], [28.7233, 2.32538], [28.73587, 2.31961], [28.7457, 2.31294]]]}}, {"type": "Feature", "properties": {"zone": "Aungba", "province": "Ituri", "confirmed_cases": 12, "confirmed_deaths": 5}, "geometry": {"type": "Polygon", "coordinates": [[[30.3745, 2.87306], [30.39047, 2.84681], [30.39836, 2.8302], [30.41267, 2.82216], [30.42839, 2.81994], [30.43716, 2.81419], [30.45145, 2.7922], [30.46102, 2.77133], [30.46811, 2.75148], [30.47414, 2.7346], [30.48139, 2.72689], [30.49401, 2.72349], [30.5295, 2.72917], [30.53213, 2.72816], [30.53543, 2.72688], [30.54475, 2.71532], [30.5488, 2.71031], [30.56252, 2.71256], [30.57217, 2.73015], [30.58108, 2.75371], [30.58172, 2.75854], [30.58172, 2.75855], [30.58172, 2.75855], [30.58798, 2.76273], [30.60128, 2.77163], [30.60789, 2.77377], [30.60789, 2.77377], [30.60789, 2.77378], [30.6079, 2.77377], [30.61002, 2.77345], [30.62349, 2.77141], [30.62365, 2.77131], [30.62375, 2.77124], [30.62414, 2.77099], [30.62533, 2.77022], [30.62537, 2.77019], [30.63334, 2.76503], [30.63921, 2.76109], [30.64226, 2.75903], [30.64325, 2.75129], [30.6403, 2.74429], [30.63965, 2.74425], [30.63965, 2.74424], [30.63444, 2.74386], [30.63044, 2.74365], [30.62749, 2.7435], [30.62584, 2.74341], [30.62095, 2.72128], [30.61717, 2.71622], [30.60671, 2.71188], [30.60175, 2.70788], [30.60153, 2.70771], [30.59943, 2.70601], [30.59936, 2.70229], [30.59927, 2.69748], [30.60114, 2.68586], [30.60695, 2.67389], [30.61959, 2.66971], [30.63308, 2.67756], [30.64861, 2.69744], [30.66108, 2.7142], [30.67122, 2.74489], [30.67933, 2.74921], [30.69312, 2.74621], [30.70437, 2.73543], [30.71531, 2.72156], [30.71949, 2.71879], [30.72141, 2.71751], [30.72687, 2.71388], [30.73188, 2.71999], [30.73294, 2.72129], [30.7418, 2.72678], [30.75232, 2.72879], [30.76437, 2.71764], [30.77294, 2.70451], [30.78386, 2.69141], [30.80047, 2.68532], [30.80048, 2.68532], [30.79134, 2.65995], [30.79119, 2.65987], [30.79126, 2.65986], [30.79113, 2.65936], [30.773, 2.609], [30.757, 2.593], [30.75558, 2.58944], [30.755, 2.588], [30.755, 2.577], [30.75511, 2.57641], [30.75825, 2.55961], [30.75911, 2.5447], [30.75917, 2.54368], [30.75969, 2.53479], [30.761, 2.512], [30.759, 2.5], [30.75839, 2.49904], [30.75191, 2.48877], [30.747, 2.481], [30.746, 2.469], [30.74632, 2.46647], [30.747, 2.461], [30.748, 2.453], [30.753, 2.439], [30.755, 2.437], [30.761, 2.437], [30.76518, 2.42826], [30.76577, 2.42221], [30.76309, 2.41686], [30.75774, 2.41151], [30.75685, 2.40348], [30.75863, 2.39366], [30.75774, 2.38563], [30.75863, 2.37135], [30.75595, 2.36154], [30.75506, 2.35618], [30.75506, 2.34815], [30.75366, 2.33654], [30.75105, 2.3385], [30.73108, 2.35413], [30.67792, 2.39709], [30.67499, 2.40907], [30.66889, 2.4164], [30.6632, 2.42465], [30.65057, 2.43349], [30.64203, 2.43288], [30.63653, 2.43288], [30.61944, 2.44082], [30.60967, 2.44387], [30.5999, 2.44815], [30.59319, 2.44642], [30.57609, 2.44753], [30.56449, 2.45181], [30.55717, 2.4573], [30.55106, 2.4628], [30.53397, 2.46463], [30.52786, 2.4689], [30.51871, 2.47134], [30.50589, 2.47073], [30.4979, 2.46874], [30.46509, 2.49292], [30.40729, 2.47852], [30.39543, 2.47553], [30.39491, 2.4754], [30.39436, 2.47526], [30.39434, 2.47526], [30.39431, 2.47525], [30.39431, 2.47525], [30.39426, 2.47524], [30.39394, 2.47516], [30.39327, 2.47499], [30.3932, 2.47497], [30.39321, 2.475], [30.39339, 2.47557], [30.39361, 2.47628], [30.39413, 2.47796], [30.39433, 2.47859], [30.39433, 2.47859], [30.39549, 2.48229], [30.3955, 2.48235], [30.39558, 2.48258], [30.39878, 2.48575], [30.39902, 2.48598], [30.40039, 2.48733], [30.40147, 2.4884], [30.40226, 2.48882], [30.40232, 2.48886], [30.40236, 2.48888], [30.40237, 2.48888], [30.40239, 2.48889], [30.40573, 2.49069], [30.40597, 2.49081], [30.40639, 2.49104], [30.40668, 2.49119], [30.40713, 2.49143], [30.40716, 2.49145], [30.40781, 2.49238], [30.41076, 2.49655], [30.41745, 2.51295], [30.41775, 2.5132], [30.41822, 2.51358], [30.41916, 2.51435], [30.42086, 2.51575], [30.42314, 2.51635], [30.42497, 2.51683], [30.42532, 2.51692], [30.42542, 2.51695], [30.42481, 2.51889], [30.42474, 2.51913], [30.42462, 2.5195], [30.42431, 2.52047], [30.42417, 2.52094], [30.42234, 2.52676], [30.42233, 2.52683], [30.42231, 2.52683], [30.4221, 2.52749], [30.42919, 2.55235], [30.42846, 2.55679], [30.42834, 2.55746], [30.42821, 2.55825], [30.42808, 2.55905], [30.4272, 2.56435], [30.42895, 2.57196], [30.4306, 2.57451], [30.43667, 2.58387], [30.43762, 2.58534], [30.43888, 2.58728], [30.44066, 2.59003], [30.44263, 2.59879], [30.44144, 2.60269], [30.43875, 2.61341], [30.43816, 2.61572], [30.43672, 2.62148], [30.43608, 2.62401], [30.43573, 2.62542], [30.43526, 2.62726], [30.43498, 2.62838], [30.43503, 2.62895], [30.43589, 2.63886], [30.43603, 2.64049], [30.43616, 2.64205], [30.43632, 2.64391], [30.43804, 2.66383], [30.43678, 2.66741], [30.43604, 2.66953], [30.43001, 2.68675], [30.42932, 2.69558], [30.42842, 2.70722], [30.42835, 2.70806], [30.42829, 2.70881], [30.42825, 2.70937], [30.42762, 2.71754], [30.42536, 2.72451], [30.41846, 2.73319], [30.41842, 2.73324], [30.41731, 2.73463], [30.41712, 2.73487], [30.41635, 2.73584], [30.41627, 2.73595], [30.41612, 2.73613], [30.4161, 2.73616], [30.41558, 2.73681], [30.41516, 2.73734], [30.41456, 2.7381], [30.41449, 2.73818], [30.41364, 2.73924], [30.41253, 2.7417], [30.41247, 2.74182], [30.41177, 2.74336], [30.4115, 2.74844], [30.41148, 2.74884], [30.41139, 2.7505], [30.41119, 2.75417], [30.41014, 2.75623], [30.41001, 2.75648], [30.40792, 2.76057], [30.40227, 2.76476], [30.39691, 2.76873], [30.39476, 2.77032], [30.39446, 2.77068], [30.39358, 2.77171], [30.39308, 2.77229], [30.39258, 2.77289], [30.39215, 2.77338], [30.38757, 2.77875], [30.38199, 2.78976], [30.38189, 2.79331], [30.38183, 2.79523], [30.38175, 2.7977], [30.38761, 2.81809], [30.38665, 2.82222], [30.3847, 2.82474], [30.38453, 2.82497], [30.38096, 2.82961], [30.37982, 2.83109], [30.37974, 2.83119], [30.37949, 2.83151], [30.37879, 2.83398], [30.37841, 2.83531], [30.37778, 2.83753], [30.37731, 2.83782], [30.37666, 2.83823], [30.37612, 2.83856], [30.37574, 2.8388], [30.37086, 2.84183], [30.37085, 2.84183], [30.37086, 2.84184], [30.37023, 2.84322], [30.36995, 2.84384], [30.36911, 2.84569], [30.369, 2.84596], [30.36735, 2.84961], [30.36639, 2.85416], [30.36621, 2.85501], [30.36555, 2.85812], [30.36533, 2.85919], [30.36517, 2.85993], [30.35146, 2.85584], [30.34951, 2.85583], [30.3397, 2.85653], [30.32242, 2.87442], [30.33066, 2.88709], [30.34119, 2.88872], [30.3509, 2.8915], [30.35755, 2.89066], [30.36129, 2.89019], [30.36544, 2.88966], [30.3745, 2.87306]]]}}, {"type": "Feature", "properties": {"zone": "Logo", "province": "Ituri", "confirmed_cases": 14, "confirmed_deaths": 6}, "geometry": {"type": "Polygon", "coordinates": [[[30.9934, 2.16282], [30.99314, 2.16132], [30.99197, 2.15426], [30.99268, 2.14355], [30.99054, 2.13712], [30.98626, 2.13427], [30.98197, 2.13141], [30.9784, 2.1257], [30.97769, 2.11928], [30.97341, 2.11214], [30.96403, 2.10332], [30.96501, 2.09108], [30.96257, 2.07806], [30.96256, 2.078], [30.96185, 2.07422], [30.95658, 2.06262], [30.95605, 2.05313], [30.95342, 2.04311], [30.95183, 2.03626], [30.94656, 2.0331], [30.94608, 2.03323], [30.94004, 2.04048], [30.93271, 2.0483], [30.92485, 2.05498], [30.91973, 2.05957], [30.9164, 2.06256], [30.91305, 2.06556], [30.90738, 2.07399], [30.91619, 2.11053], [30.91619, 2.11053], [30.91665, 2.11246], [30.91832, 2.11937], [30.91921, 2.12949], [30.91189, 2.14092], [30.90179, 2.14869], [30.89456, 2.15023], [30.88684, 2.14777], [30.88426, 2.13515], [30.8838, 2.12885], [30.87487, 2.12544], [30.8712, 2.11943], [30.87077, 2.11228], [30.87076, 2.11199], [30.86242, 2.11351], [30.85341, 2.12207], [30.85278, 2.12267], [30.84892, 2.12634], [30.84333, 2.12906], [30.83929, 2.12897], [30.83533, 2.12888], [30.83569, 2.13068], [30.8363, 2.13531], [30.83649, 2.14093], [30.83673, 2.14471], [30.83551, 2.15112], [30.83313, 2.15491], [30.83313, 2.15912], [30.8335, 2.1629], [30.83331, 2.16772], [30.83472, 2.1781], [30.83588, 2.18292], [30.83832, 2.19012], [30.83972, 2.19513], [30.84052, 2.19788], [30.84131, 2.20148], [30.84192, 2.20868], [30.84478, 2.21329], [30.84491, 2.2135], [30.84896, 2.21262], [30.85318, 2.21094], [30.85571, 2.2063], [30.85655, 2.19955], [30.86077, 2.19997], [30.86583, 2.20081], [30.87258, 2.20461], [30.87806, 2.20925], [30.88059, 2.21515], [30.87932, 2.22232], [30.87468, 2.22907], [30.87258, 2.23455], [30.86878, 2.24088], [30.86414, 2.24341], [30.85908, 2.24931], [30.85655, 2.25311], [30.85655, 2.25817], [30.85781, 2.26449], [30.86245, 2.26534], [30.86667, 2.27209], [30.8703, 2.27832], [30.87988, 2.27588], [30.88568, 2.27252], [30.90289, 2.26727], [30.9079, 2.26672], [30.91211, 2.26532], [30.91571, 2.2641], [30.92151, 2.25989], [30.9259, 2.26032], [30.92732, 2.2613], [30.92792, 2.26172], [30.92987, 2.26288], [30.93347, 2.26312], [30.9361, 2.26349], [30.93909, 2.2619], [30.9425, 2.26007], [30.94312, 2.25653], [30.94867, 2.25134], [30.955, 2.24871], [30.9629, 2.2466], [30.96923, 2.24343], [30.97397, 2.23658], [30.97556, 2.2292], [30.97292, 2.22077], [30.97397, 2.21497], [30.97766, 2.20601], [30.97766, 2.19968], [30.9834, 2.19566], [30.98911, 2.1928], [30.99197, 2.18923], [30.99268, 2.18281], [30.99411, 2.17067], [30.9934, 2.16282]]]}}, {"type": "Feature", "properties": {"zone": "Rimba", "province": "Ituri", "confirmed_cases": 14, "confirmed_deaths": 5}, "geometry": {"type": "Polygon", "coordinates": [[[30.8703, 2.27832], [30.86667, 2.27209], [30.86245, 2.26534], [30.85781, 2.26449], [30.85655, 2.25817], [30.85655, 2.25311], [30.85908, 2.24931], [30.86414, 2.24341], [30.86878, 2.24088], [30.87258, 2.23455], [30.87468, 2.22907], [30.87932, 2.22232], [30.88059, 2.21515], [30.87806, 2.20925], [30.87258, 2.20461], [30.86583, 2.20081], [30.86077, 2.19997], [30.85655, 2.19955], [30.85571, 2.2063], [30.85318, 2.21094], [30.84896, 2.21262], [30.84491, 2.2135], [30.84478, 2.21329], [30.84192, 2.20868], [30.84131, 2.20148], [30.84052, 2.19788], [30.83972, 2.19513], [30.83832, 2.19012], [30.83588, 2.18292], [30.83472, 2.1781], [30.83331, 2.16772], [30.8335, 2.1629], [30.83313, 2.15912], [30.83313, 2.15491], [30.83551, 2.15112], [30.83673, 2.14471], [30.83649, 2.14093], [30.8363, 2.13531], [30.83569, 2.13068], [30.83533, 2.12888], [30.83336, 2.12883], [30.82835, 2.13043], [30.8221, 2.14], [30.81204, 2.14548], [30.7803, 2.15502], [30.77085, 2.15652], [30.76642, 2.15642], [30.74797, 2.14437], [30.74707, 2.14378], [30.74556, 2.1428], [30.73793, 2.13463], [30.73021, 2.1316], [30.71639, 2.12956], [30.69921, 2.14042], [30.68185, 2.13771], [30.66401, 2.13706], [30.65855, 2.13448], [30.65002, 2.1374], [30.65123, 2.14049], [30.65261, 2.1441], [30.65454, 2.14549], [30.65648, 2.14854], [30.65703, 2.15215], [30.65813, 2.15493], [30.66062, 2.16243], [30.6619, 2.17084], [30.66382, 2.18015], [30.66129, 2.1869], [30.65412, 2.18774], [30.64779, 2.19069], [30.64526, 2.19238], [30.64358, 2.19575], [30.63964, 2.20101], [30.64037, 2.20253], [30.6404, 2.20318], [30.64044, 2.20453], [30.64122, 2.20554], [30.64173, 2.20621], [30.64183, 2.2073], [30.64197, 2.20876], [30.64276, 2.21098], [30.64463, 2.2162], [30.64482, 2.21659], [30.64594, 2.21883], [30.646, 2.21962], [30.64611, 2.22091], [30.64633, 2.22347], [30.64721, 2.22484], [30.64882, 2.22736], [30.65024, 2.23103], [30.65224, 2.23935], [30.65227, 2.23943], [30.65305, 2.24178], [30.65311, 2.24224], [30.65334, 2.24386], [30.6536, 2.24579], [30.65372, 2.2467], [30.65396, 2.24737], [30.65478, 2.24971], [30.65604, 2.2517], [30.65752, 2.25404], [30.658, 2.25517], [30.65851, 2.25636], [30.66063, 2.2613], [30.6616, 2.26217], [30.66264, 2.26311], [30.66476, 2.26643], [30.66728, 2.26835], [30.67171, 2.27419], [30.67695, 2.27913], [30.67698, 2.27958], [30.67702, 2.28027], [30.68082, 2.28413], [30.68561, 2.289], [30.68592, 2.28932], [30.68856, 2.292], [30.69587, 2.29064], [30.70473, 2.29022], [30.7119, 2.28938], [30.71949, 2.28853], [30.73003, 2.28727], [30.73889, 2.28811], [30.75027, 2.28389], [30.75449, 2.28769], [30.75829, 2.29149], [30.76419, 2.2957], [30.7663, 2.29908], [30.76841, 2.30414], [30.77263, 2.30835], [30.77831, 2.31379], [30.78239, 2.31379], [30.78247, 2.31372], [30.78272, 2.31373], [30.78833, 2.3139], [30.79187, 2.31171], [30.79529, 2.30969], [30.80511, 2.30389], [30.81311, 2.30029], [30.82013, 2.29749], [30.82428, 2.29669], [30.82648, 2.29492], [30.8335, 2.29248], [30.83691, 2.2915], [30.84027, 2.28949], [30.84332, 2.28912], [30.84851, 2.28711], [30.85431, 2.28473], [30.86328, 2.28168], [30.86404, 2.28142], [30.8703, 2.27832]]]}}, {"type": "Feature", "properties": {"zone": "Kalunguta", "province": "Nord-Kivu", "confirmed_cases": 63, "confirmed_deaths": 22}, "geometry": {"type": "MultiPolygon", "coordinates": [[[[29.72918, 0.71836], [29.73001, 0.7167], [29.73096, 0.71551], [29.73144, 0.71301], [29.73358, 0.71194], [29.73453, 0.71075], [29.7337, 0.70813], [29.73334, 0.7067], [29.73417, 0.7054], [29.73417, 0.70349], [29.73322, 0.70111], [29.73334, 0.69945], [29.7337, 0.69695], [29.73239, 0.69374], [29.7306, 0.69338], [29.72822, 0.69397], [29.72608, 0.6935], [29.72489, 0.69183], [29.72656, 0.69005], [29.72882, 0.68898], [29.72834, 0.68719], [29.72727, 0.686], [29.72596, 0.68541], [29.72585, 0.68351], [29.72644, 0.68172], [29.72513, 0.68053], [29.72251, 0.67946], [29.72085, 0.67958], [29.71954, 0.67732], [29.71799, 0.67351], [29.71823, 0.67054], [29.71954, 0.66816], [29.7193, 0.66459], [29.71859, 0.66138], [29.71704, 0.65733], [29.71526, 0.65531], [29.71442, 0.65293], [29.71371, 0.65043], [29.71252, 0.64817], [29.7124, 0.64484], [29.71085, 0.64341], [29.70907, 0.64424], [29.70645, 0.64579], [29.70407, 0.64591], [29.70241, 0.64496], [29.70372, 0.64377], [29.70491, 0.64258], [29.70538, 0.64091], [29.70479, 0.63913], [29.70348, 0.63841], [29.70169, 0.6377], [29.70181, 0.63663], [29.70276, 0.63413], [29.70491, 0.63294], [29.70491, 0.63139], [29.70407, 0.6308], [29.703, 0.63056], [29.70098, 0.63032], [29.70169, 0.62878], [29.70157, 0.62711], [29.69991, 0.62699], [29.69824, 0.62711], [29.69801, 0.62652], [29.69848, 0.62533], [29.69896, 0.6239], [29.69777, 0.62211], [29.69634, 0.62128], [29.69527, 0.62033], [29.69551, 0.61938], [29.69729, 0.6189], [29.6986, 0.61926], [29.69955, 0.61843], [29.7011, 0.6151], [29.70015, 0.61438], [29.69836, 0.61474], [29.69729, 0.6145], [29.69705, 0.61212], [29.69812, 0.59523], [29.69765, 0.59463], [29.69574, 0.5957], [29.69456, 0.59546], [29.69384, 0.59439], [29.6936, 0.59249], [29.69301, 0.5913], [29.69182, 0.59142], [29.6898, 0.59285], [29.68849, 0.59249], [29.68789, 0.59118], [29.68718, 0.58987], [29.68492, 0.58964], [29.68266, 0.59059], [29.68064, 0.59118], [29.67909, 0.59118], [29.67921, 0.58952], [29.68075, 0.58833], [29.68242, 0.58726], [29.68206, 0.58583], [29.68004, 0.58547], [29.67885, 0.58404], [29.67992, 0.58214], [29.68218, 0.58143], [29.68385, 0.58131], [29.68385, 0.57976], [29.6823, 0.57917], [29.68111, 0.57786], [29.67945, 0.57536], [29.67742, 0.5731], [29.67683, 0.57084], [29.67588, 0.56977], [29.67421, 0.56846], [29.67421, 0.56703], [29.67421, 0.56703], [29.6735, 0.56525], [29.67345, 0.56471], [29.67338, 0.56394], [29.67433, 0.56322], [29.67433, 0.56322], [29.67659, 0.56322], [29.67754, 0.56263], [29.67695, 0.56108], [29.67719, 0.55858], [29.67849, 0.55727], [29.67754, 0.55632], [29.676, 0.55632], [29.67445, 0.5568], [29.67445, 0.5568], [29.6729, 0.55739], [29.6729, 0.55739], [29.67245, 0.5576], [29.67136, 0.55811], [29.67136, 0.55811], [29.67136, 0.55811], [29.67109, 0.55771], [29.67088, 0.55739], [29.67106, 0.55694], [29.67136, 0.5562], [29.67143, 0.55535], [29.67147, 0.55478], [29.67117, 0.55422], [29.67076, 0.55347], [29.66945, 0.55275], [29.66779, 0.5524], [29.66779, 0.5524], [29.66588, 0.55216], [29.66588, 0.55216], [29.66554, 0.55155], [29.66529, 0.55109], [29.66469, 0.5499], [29.66636, 0.54704], [29.6666, 0.54538], [29.6666, 0.54419], [29.66655, 0.54365], [29.66648, 0.54288], [29.66581, 0.54187], [29.66529, 0.54109], [29.66469, 0.53943], [29.66279, 0.53943], [29.66089, 0.54014], [29.66057, 0.54082], [29.66005, 0.54193], [29.65998, 0.54279], [29.65993, 0.54335], [29.65886, 0.54431], [29.65565, 0.54431], [29.65482, 0.54288], [29.6523, 0.53763], [29.65042, 0.53372], [29.64975, 0.53317], [29.64899, 0.53253], [29.64816, 0.53227], [29.64708, 0.53193], [29.64685, 0.52979], [29.64613, 0.52801], [29.64609, 0.52546], [29.64601, 0.5217], [29.64646, 0.52103], [29.6472, 0.51992], [29.64804, 0.51837], [29.64839, 0.51785], [29.64899, 0.51694], [29.64865, 0.51612], [29.64839, 0.51552], [29.64649, 0.51468], [29.64625, 0.51242], [29.64744, 0.51064], [29.65054, 0.50921], [29.65422, 0.50885], [29.65422, 0.50885], [29.6551, 0.50912], [29.65577, 0.50933], [29.65744, 0.5098], [29.65958, 0.50909], [29.65798, 0.50444], [29.65577, 0.49803], [29.65479, 0.49698], [29.65399, 0.49612], [29.65291, 0.49279], [29.65077, 0.48898], [29.65027, 0.48773], [29.64958, 0.48601], [29.64744, 0.48625], [29.64744, 0.48625], [29.64411, 0.48708], [29.64185, 0.48791], [29.64185, 0.48791], [29.63911, 0.48791], [29.63911, 0.48791], [29.63662, 0.48699], [29.63459, 0.48625], [29.63174, 0.48518], [29.62983, 0.48518], [29.62945, 0.48543], [29.62841, 0.48613], [29.62329, 0.48565], [29.62329, 0.48565], [29.62309, 0.48563], [29.61948, 0.4853], [29.61948, 0.4853], [29.61925, 0.48339], [29.61889, 0.48254], [29.61841, 0.48137], [29.6171, 0.4803], [29.61639, 0.47923], [29.61556, 0.47768], [29.61486, 0.47706], [29.61437, 0.47661], [29.61187, 0.47661], [29.61187, 0.47661], [29.61032, 0.47625], [29.61032, 0.47625], [29.60969, 0.47575], [29.60913, 0.4753], [29.60675, 0.47471], [29.60675, 0.47471], [29.60473, 0.47483], [29.60473, 0.47483], [29.60354, 0.47471], [29.60354, 0.47471], [29.60199, 0.47376], [29.60141, 0.47341], [29.6008, 0.47304], [29.59914, 0.47292], [29.59914, 0.47292], [29.59688, 0.47292], [29.59688, 0.47292], [29.596, 0.47265], [29.59533, 0.47245], [29.59526, 0.47103], [29.59521, 0.47007], [29.59319, 0.46935], [29.59152, 0.4684], [29.59069, 0.46674], [29.58974, 0.46436], [29.58937, 0.46323], [29.58855, 0.46079], [29.5884, 0.45851], [29.58831, 0.4571], [29.58831, 0.4552], [29.58843, 0.45294], [29.58803, 0.45202], [29.58748, 0.45079], [29.5872, 0.44961], [29.587, 0.44877], [29.58605, 0.44687], [29.58641, 0.44461], [29.58807, 0.44247], [29.58807, 0.44139], [29.58712, 0.44021], [29.58671, 0.43953], [29.58617, 0.43866], [29.58557, 0.43772], [29.5851, 0.43699], [29.58505, 0.43593], [29.58498, 0.43438], [29.58462, 0.432], [29.58435, 0.43095], [29.58415, 0.43021], [29.5832, 0.42914], [29.58251, 0.4283], [29.58165, 0.42724], [29.58058, 0.42569], [29.5799, 0.42516], [29.57951, 0.42486], [29.57772, 0.42486], [29.57772, 0.42486], [29.5763, 0.42474], [29.5763, 0.42474], [29.57581, 0.42426], [29.57523, 0.42367], [29.57487, 0.42129], [29.57421, 0.4205], [29.57368, 0.41986], [29.57201, 0.41831], [29.57059, 0.41796], [29.57059, 0.41796], [29.56963, 0.41689], [29.56916, 0.41615], [29.5688, 0.41558], [29.56761, 0.41736], [29.56761, 0.41736], [29.56595, 0.41736], [29.56392, 0.41843], [29.56297, 0.41974], [29.56302, 0.42056], [29.56309, 0.42176], [29.56302, 0.42255], [29.56297, 0.42307], [29.56107, 0.42438], [29.55935, 0.42417], [29.55916, 0.42414], [29.55916, 0.42414], [29.55907, 0.42327], [29.55893, 0.422], [29.55879, 0.42081], [29.55869, 0.41998], [29.55845, 0.41879], [29.5575, 0.41677], [29.55738, 0.41344], [29.55725, 0.41259], [29.55702, 0.41106], [29.55702, 0.40963], [29.55668, 0.40902], [29.55643, 0.40856], [29.55512, 0.40844], [29.55512, 0.40844], [29.55298, 0.40844], [29.55298, 0.40844], [29.55245, 0.40786], [29.55179, 0.40713], [29.55119, 0.40633], [29.55072, 0.4057], [29.55095, 0.4038], [29.55042, 0.40321], [29.54977, 0.40249], [29.54858, 0.4013], [29.54715, 0.40201], [29.54715, 0.40404], [29.54572, 0.40713], [29.54572, 0.40713], [29.54346, 0.40642], [29.54249, 0.40579], [29.54144, 0.40511], [29.5409, 0.40423], [29.54049, 0.40356], [29.53894, 0.40201], [29.53799, 0.40083], [29.53775, 0.39892], [29.53765, 0.39838], [29.53751, 0.39761], [29.53644, 0.39642], [29.53515, 0.39587], [29.53477, 0.39571], [29.53409, 0.39486], [29.53323, 0.39381], [29.53243, 0.39281], [29.5318, 0.39202], [29.53013, 0.39036], [29.52954, 0.38786], [29.52787, 0.38786], [29.52787, 0.38786], [29.52573, 0.3875], [29.52573, 0.3875], [29.52419, 0.38631], [29.52332, 0.38511], [29.52264, 0.38417], [29.52204, 0.38215], [29.5219, 0.38126], [29.52157, 0.37917], [29.52121, 0.37739], [29.51895, 0.37655], [29.51789, 0.3758], [29.51693, 0.37513], [29.51491, 0.37382], [29.51431, 0.37156], [29.513, 0.3718], [29.513, 0.3718], [29.51146, 0.37227], [29.51146, 0.37227], [29.51146, 0.37227], [29.51091, 0.37197], [29.51038, 0.37168], [29.50812, 0.3693], [29.50777, 0.36716], [29.50812, 0.36597], [29.50724, 0.36525], [29.50622, 0.36442], [29.50594, 0.36359], [29.50574, 0.36299], [29.50586, 0.36121], [29.50574, 0.35907], [29.50546, 0.35861], [29.50479, 0.35752], [29.5042, 0.35657], [29.50194, 0.35573], [29.50184, 0.35481], [29.5017, 0.35347], [29.50146, 0.35193], [29.50087, 0.35066], [29.50063, 0.35014], [29.50218, 0.348], [29.50313, 0.34622], [29.50384, 0.34538], [29.50384, 0.34538], [29.50501, 0.34562], [29.50563, 0.34574], [29.50563, 0.34574], [29.50753, 0.34586], [29.5086, 0.34528], [29.50908, 0.34503], [29.50979, 0.34348], [29.51205, 0.34241], [29.51256, 0.34177], [29.51348, 0.34062], [29.51443, 0.3392], [29.5145, 0.33798], [29.51455, 0.33717], [29.51431, 0.33503], [29.51336, 0.33396], [29.51181, 0.33384], [29.51181, 0.33384], [29.5111, 0.33313], [29.51103, 0.33228], [29.51098, 0.3317], [29.51205, 0.33027], [29.5136, 0.32908], [29.51355, 0.32817], [29.51348, 0.32682], [29.51334, 0.32577], [29.51324, 0.32504], [29.51431, 0.32361], [29.51458, 0.32312], [29.51502, 0.3223], [29.51457, 0.32185], [29.51419, 0.32147], [29.51384, 0.3204], [29.51384, 0.3204], [29.51418, 0.3197], [29.51443, 0.31921], [29.5161, 0.31885], [29.51617, 0.31814], [29.51621, 0.31766], [29.51562, 0.316], [29.51598, 0.31572], [29.51669, 0.31516], [29.51669, 0.31516], [29.51836, 0.31564], [29.51848, 0.31563], [29.51966, 0.31552], [29.52169, 0.31433], [29.52169, 0.31433], [29.52312, 0.31528], [29.52371, 0.31588], [29.52621, 0.31588], [29.52621, 0.31588], [29.52871, 0.31588], [29.52871, 0.31588], [29.53025, 0.31576], [29.53025, 0.31576], [29.53251, 0.3154], [29.53251, 0.3154], [29.5337, 0.31576], [29.53287, 0.31707], [29.53299, 0.31873], [29.53537, 0.3198], [29.53707, 0.32039], [29.53846, 0.32088], [29.53846, 0.32088], [29.54084, 0.32076], [29.54179, 0.31957], [29.54179, 0.31957], [29.54441, 0.31957], [29.54441, 0.31957], [29.54584, 0.31933], [29.54584, 0.31802], [29.54703, 0.31683], [29.54834, 0.31552], [29.54869, 0.31374], [29.54965, 0.31255], [29.54965, 0.31255], [29.55191, 0.31219], [29.55191, 0.31219], [29.55357, 0.31219], [29.55357, 0.31219], [29.55524, 0.3116], [29.55542, 0.31104], [29.55571, 0.31017], [29.55579, 0.30945], [29.55583, 0.30898], [29.55655, 0.30791], [29.55659, 0.30743], [29.55667, 0.30672], [29.55762, 0.30493], [29.55823, 0.30457], [29.56, 0.3035], [29.56083, 0.30255], [29.56059, 0.30136], [29.56154, 0.30017], [29.56285, 0.29934], [29.56285, 0.29934], [29.56499, 0.29994], [29.5654, 0.299], [29.56571, 0.29827], [29.56404, 0.29732], [29.56404, 0.29732], [29.56404, 0.29732], [29.56443, 0.29616], [29.56476, 0.29518], [29.56511, 0.29327], [29.56642, 0.29196], [29.56569, 0.29154], [29.56499, 0.29113], [29.56202, 0.28994], [29.56166, 0.28932], [29.56119, 0.28851], [29.56023, 0.28732], [29.55893, 0.28673], [29.559, 0.28573], [29.55904, 0.28506], [29.55935, 0.28463], [29.55988, 0.28387], [29.55952, 0.28257], [29.55945, 0.28179], [29.5594, 0.28126], [29.56047, 0.28078], [29.56047, 0.28078], [29.56202, 0.28066], [29.56233, 0.28017], [29.56285, 0.27935], [29.56278, 0.27829], [29.56273, 0.27757], [29.56238, 0.27614], [29.56214, 0.27571], [29.56154, 0.27459], [29.56059, 0.2734], [29.56059, 0.27269], [29.56112, 0.27187], [29.56142, 0.27138], [29.56166, 0.26984], [29.56131, 0.26805], [29.56071, 0.26579], [29.56076, 0.26517], [29.56083, 0.26424], [29.56134, 0.26402], [29.5625, 0.26353], [29.56392, 0.26305], [29.56371, 0.26251], [29.56321, 0.26127], [29.56214, 0.25996], [29.56227, 0.25906], [29.56238, 0.2583], [29.56238, 0.25675], [29.56265, 0.25616], [29.56309, 0.2552], [29.56416, 0.25342], [29.56559, 0.25275], [29.56618, 0.25247], [29.56618, 0.25247], [29.56651, 0.25233], [29.56737, 0.25199], [29.56737, 0.25199], [29.56963, 0.25199], [29.56963, 0.25199], [29.57189, 0.25187], [29.57189, 0.25187], [29.57439, 0.25223], [29.57487, 0.25187], [29.57582, 0.25116], [29.57784, 0.24973], [29.57828, 0.24956], [29.57998, 0.2489], [29.58236, 0.24925], [29.58355, 0.24913], [29.58355, 0.24913], [29.58486, 0.24997], [29.58507, 0.25042], [29.58558, 0.25151], [29.58784, 0.25294], [29.59081, 0.25294], [29.59081, 0.25294], [29.59271, 0.25282], [29.59415, 0.25215], [29.59474, 0.25187], [29.59557, 0.25092], [29.59545, 0.24961], [29.5954, 0.24903], [29.59533, 0.24818], [29.59526, 0.24698], [29.59521, 0.24616], [29.59526, 0.2454], [29.59533, 0.24426], [29.59485, 0.24309], [29.5945, 0.24223], [29.59378, 0.24021], [29.59374, 0.23925], [29.59367, 0.23783], [29.59396, 0.23631], [29.59414, 0.23533], [29.59521, 0.23367], [29.59521, 0.23367], [29.59688, 0.23414], [29.59819, 0.23533], [29.59878, 0.23807], [29.59938, 0.2395], [29.60001, 0.24024], [29.6008, 0.24116], [29.60283, 0.24223], [29.60556, 0.24247], [29.60556, 0.24247], [29.60723, 0.24211], [29.60763, 0.24145], [29.6083, 0.24033], [29.60881, 0.23908], [29.60913, 0.23831], [29.60949, 0.23688], [29.61091, 0.23571], [29.61151, 0.23521], [29.61203, 0.23453], [29.61294, 0.23331], [29.61294, 0.23224], [29.61246, 0.23117], [29.61115, 0.22938], [29.61047, 0.22854], [29.60961, 0.22748], [29.60954, 0.22663], [29.60949, 0.22605], [29.60954, 0.22529], [29.60961, 0.22415], [29.61028, 0.22296], [29.61068, 0.22225], [29.61131, 0.22177], [29.61258, 0.22082], [29.61258, 0.22082], [29.61365, 0.22082], [29.61365, 0.22082], [29.61508, 0.22165], [29.61578, 0.22206], [29.61651, 0.22248], [29.61711, 0.22335], [29.61758, 0.22403], [29.61758, 0.22701], [29.61855, 0.22802], [29.61972, 0.22927], [29.62139, 0.23046], [29.62246, 0.23069], [29.62412, 0.2295], [29.62543, 0.2282], [29.62543, 0.2282], [29.62561, 0.22822], [29.62698, 0.22843], [29.62735, 0.22895], [29.62793, 0.22974], [29.62853, 0.23004], [29.62912, 0.23034], [29.63043, 0.22855], [29.63043, 0.22534], [29.63043, 0.22189], [29.6316, 0.22087], [29.63221, 0.22034], [29.6334, 0.21844], [29.63412, 0.21701], [29.63352, 0.21499], [29.63281, 0.2138], [29.63114, 0.21237], [29.63058, 0.21125], [29.62983, 0.20975], [29.63043, 0.20845], [29.63072, 0.20771], [29.6309, 0.20726], [29.62995, 0.20678], [29.62888, 0.20654], [29.62793, 0.20511], [29.62793, 0.20345], [29.62848, 0.20316], [29.62971, 0.2025], [29.63209, 0.2019], [29.6332, 0.20104], [29.63376, 0.20059], [29.63407, 0.20001], [29.63459, 0.19905], [29.63474, 0.19797], [29.63483, 0.19726], [29.63376, 0.19583], [29.63373, 0.19579], [29.63372, 0.19577], [29.63284, 0.19621], [29.63248, 0.19671], [29.63248, 0.19671], [29.63162, 0.19671], [29.63162, 0.19671], [29.63098, 0.19643], [29.63034, 0.19643], [29.63034, 0.19643], [29.62948, 0.1965], [29.62948, 0.1965], [29.62891, 0.19614], [29.62869, 0.19589], [29.62841, 0.19557], [29.62784, 0.19521], [29.62784, 0.19521], [29.62784, 0.19521], [29.6278, 0.19502], [29.6277, 0.1945], [29.62663, 0.1945], [29.62663, 0.1945], [29.62657, 0.19438], [29.62648, 0.19421], [29.62624, 0.19381], [29.62606, 0.1935], [29.62541, 0.19307], [29.62532, 0.19305], [29.6247, 0.19293], [29.62412, 0.19287], [29.62406, 0.19286], [29.62406, 0.19286], [29.62377, 0.19236], [29.62334, 0.192], [29.62242, 0.19186], [29.62202, 0.1915], [29.62156, 0.19107], [29.62099, 0.19107], [29.62099, 0.19107], [29.6207, 0.19072], [29.62035, 0.19051], [29.61999, 0.19029], [29.61892, 0.19022], [29.61892, 0.19022], [29.61849, 0.19022], [29.61749, 0.19086], [29.61731, 0.19112], [29.61699, 0.19157], [29.61671, 0.19185], [29.61656, 0.192], [29.61613, 0.19272], [29.61528, 0.19307], [29.61528, 0.19307], [29.61421, 0.193], [29.61421, 0.193], [29.61388, 0.19271], [29.61349, 0.19236], [29.61264, 0.19229], [29.61181, 0.19216], [29.61171, 0.19214], [29.61092, 0.19186], [29.60978, 0.19186], [29.60978, 0.19186], [29.60921, 0.19172], [29.60921, 0.19172], [29.6089, 0.19162], [29.6085, 0.1915], [29.60807, 0.19065], [29.6075, 0.19007], [29.60678, 0.19], [29.60663, 0.19009], [29.60628, 0.19029], [29.60564, 0.19172], [29.60528, 0.19217], [29.60507, 0.19243], [29.60507, 0.19243], [29.60464, 0.19257], [29.60371, 0.19286], [29.60371, 0.19286], [29.60371, 0.19286], [29.60307, 0.1925], [29.6025, 0.1925], [29.6025, 0.1925], [29.60129, 0.19264], [29.60106, 0.19275], [29.6005, 0.193], [29.6005, 0.193], [29.6005, 0.193], [29.60003, 0.19275], [29.59957, 0.1925], [29.59815, 0.19243], [29.59815, 0.19243], [29.59764, 0.19214], [29.59715, 0.19186], [29.59681, 0.19171], [29.5965, 0.19157], [29.59558, 0.19236], [29.59558, 0.19236], [29.59465, 0.19236], [29.59465, 0.19236], [29.59405, 0.19195], [29.59351, 0.19157], [29.59322, 0.19079], [29.59297, 0.19041], [29.59265, 0.18993], [29.5922, 0.18959], [29.59179, 0.18929], [29.59086, 0.18879], [29.58958, 0.18836], [29.58931, 0.18858], [29.58879, 0.189], [29.58879, 0.189], [29.58879, 0.189], [29.58815, 0.18872], [29.58807, 0.18843], [29.58801, 0.18822], [29.58737, 0.18786], [29.58622, 0.18772], [29.58622, 0.18772], [29.58537, 0.18758], [29.58528, 0.18711], [29.58515, 0.18643], [29.58471, 0.18614], [29.5843, 0.18586], [29.58373, 0.18629], [29.58373, 0.18629], [29.58315, 0.18651], [29.58315, 0.18651], [29.58251, 0.18629], [29.58208, 0.18593], [29.58154, 0.18568], [29.58101, 0.18543], [29.58077, 0.1854], [29.58009, 0.18529], [29.57909, 0.18422], [29.57874, 0.18375], [29.5783, 0.18315], [29.57737, 0.18265], [29.57587, 0.18265], [29.57587, 0.18265], [29.5738, 0.18279], [29.5738, 0.18279], [29.57195, 0.18294], [29.57081, 0.18479], [29.57051, 0.18509], [29.56995, 0.18565], [29.56937, 0.18603], [29.56909, 0.18622], [29.56909, 0.18622], [29.56909, 0.18622], [29.56724, 0.18572], [29.56617, 0.18479], [29.56531, 0.18472], [29.56531, 0.18472], [29.56474, 0.18422], [29.56433, 0.18396], [29.56395, 0.18372], [29.56281, 0.18351], [29.56281, 0.18351], [29.56238, 0.18308], [29.56203, 0.18272], [29.56095, 0.18187], [29.56082, 0.18183], [29.55981, 0.18158], [29.55882, 0.18127], [29.55867, 0.18122], [29.55767, 0.18122], [29.55767, 0.18122], [29.55681, 0.18144], [29.55681, 0.18144], [29.55657, 0.1811], [29.55624, 0.18065], [29.55546, 0.18072], [29.55546, 0.18072], [29.55453, 0.18094], [29.55453, 0.18094], [29.55339, 0.18072], [29.55308, 0.18029], [29.55267, 0.17972], [29.55167, 0.17887], [29.55125, 0.17844], [29.55089, 0.17808], [29.54946, 0.17815], [29.54866, 0.17842], [29.54839, 0.17851], [29.54839, 0.17851], [29.54782, 0.17851], [29.54782, 0.17851], [29.54754, 0.17815], [29.54732, 0.17787], [29.54694, 0.17763], [29.54653, 0.17737], [29.54631, 0.17731], [29.54596, 0.17723], [29.54591, 0.17759], [29.54582, 0.17815], [29.54582, 0.17815], [29.54518, 0.17815], [29.54518, 0.17815], [29.54425, 0.17815], [29.54425, 0.17815], [29.54375, 0.17815], [29.54375, 0.17815], [29.54375, 0.17751], [29.54332, 0.17694], [29.54304, 0.17687], [29.54268, 0.17744], [29.54268, 0.17744], [29.54244, 0.17736], [29.54225, 0.1773], [29.54197, 0.1768], [29.54132, 0.17651], [29.54068, 0.17673], [29.54068, 0.17673], [29.53982, 0.17673], [29.53982, 0.17673], [29.53925, 0.17665], [29.53925, 0.17665], [29.53883, 0.17551], [29.5389, 0.17401], [29.5389, 0.17323], [29.53842, 0.17307], [29.53804, 0.17294], [29.53718, 0.17287], [29.53718, 0.17287], [29.53626, 0.17287], [29.53626, 0.17287], [29.53476, 0.17287], [29.53476, 0.17287], [29.53369, 0.1728], [29.53295, 0.17252], [29.53276, 0.17244], [29.53253, 0.17224], [29.53226, 0.17201], [29.53097, 0.17123], [29.53071, 0.17104], [29.53047, 0.17087], [29.5304, 0.16973], [29.5304, 0.1688], [29.53034, 0.16845], [29.53026, 0.16795], [29.53022, 0.16752], [29.53019, 0.16723], [29.52993, 0.16697], [29.52962, 0.16666], [29.52869, 0.1663], [29.52798, 0.16588], [29.52772, 0.16573], [29.52748, 0.16559], [29.52683, 0.16623], [29.52683, 0.16623], [29.52612, 0.16602], [29.52597, 0.16574], [29.52576, 0.16538], [29.52564, 0.165], [29.52555, 0.16473], [29.52483, 0.16416], [29.52391, 0.16388], [29.52301, 0.16346], [29.5224, 0.16308], [29.52217, 0.1629], [29.52192, 0.1627], [29.52168, 0.16238], [29.52149, 0.16213], [29.52111, 0.16175], [29.52073, 0.1616], [29.5204, 0.16146], [29.51978, 0.1617], [29.51954, 0.16179], [29.51954, 0.16179], [29.51931, 0.16148], [29.51916, 0.16127], [29.51849, 0.16132], [29.51849, 0.16132], [29.51787, 0.16141], [29.51787, 0.16227], [29.51783, 0.16308], [29.51764, 0.1637], [29.51687, 0.16436], [29.51687, 0.16436], [29.51588, 0.16456], [29.51588, 0.16456], [29.51507, 0.16384], [29.51435, 0.16308], [29.51383, 0.16303], [29.51383, 0.16303], [29.51342, 0.16285], [29.51297, 0.16265], [29.51273, 0.16213], [29.51234, 0.16179], [29.51174, 0.16127], [29.51088, 0.16061], [29.50997, 0.15994], [29.5097, 0.15983], [29.5094, 0.1597], [29.50883, 0.15975], [29.50883, 0.15975], [29.50831, 0.15984], [29.50831, 0.15984], [29.5081, 0.15961], [29.50793, 0.15942], [29.50755, 0.15918], [29.50693, 0.15946], [29.50631, 0.1598], [29.50631, 0.1598], [29.5056, 0.1598], [29.5056, 0.1598], [29.50498, 0.15937], [29.50407, 0.15922], [29.50354, 0.1594], [29.50336, 0.15946], [29.50336, 0.15999], [29.50412, 0.16046], [29.50407, 0.16127], [29.50407, 0.16127], [29.50407, 0.16127], [29.5036, 0.16142], [29.50345, 0.16146], [29.50345, 0.16146], [29.5026, 0.16146], [29.5026, 0.16146], [29.50207, 0.16122], [29.502, 0.16093], [29.50188, 0.16051], [29.50155, 0.16013], [29.50127, 0.16013], [29.50127, 0.16013], [29.50065, 0.15937], [29.50031, 0.1587], [29.4997, 0.15818], [29.49912, 0.15756], [29.49861, 0.1574], [29.49822, 0.15727], [29.49755, 0.15694], [29.49754, 0.15694], [29.49646, 0.15685], [29.49646, 0.15685], [29.49575, 0.1567], [29.49517, 0.15646], [29.49441, 0.15646], [29.49441, 0.15646], [29.49498, 0.15589], [29.49565, 0.15561], [29.49554, 0.15533], [29.49546, 0.15513], [29.49541, 0.15513], [29.49479, 0.15508], [29.4945, 0.15477], [29.49422, 0.15447], [29.49397, 0.15409], [29.49365, 0.15361], [29.49335, 0.15301], [29.49313, 0.15256], [29.49294, 0.15233], [29.4927, 0.15204], [29.49259, 0.15165], [29.49251, 0.15137], [29.49213, 0.15108], [29.4917, 0.15075], [29.49056, 0.15075], [29.49056, 0.15075], [29.48927, 0.15075], [29.48927, 0.15075], [29.48808, 0.15075], [29.48808, 0.15075], [29.48699, 0.15085], [29.48658, 0.1505], [29.48632, 0.15028], [29.4857, 0.15028], [29.48499, 0.15085], [29.48442, 0.15118], [29.48394, 0.15118], [29.4835, 0.15135], [29.48332, 0.15142], [29.48291, 0.15159], [29.48275, 0.15166], [29.48275, 0.15166], [29.48247, 0.15113], [29.48275, 0.1508], [29.48275, 0.1508], [29.48347, 0.15066], [29.48347, 0.15018], [29.48285, 0.14985], [29.48213, 0.15042], [29.48213, 0.15042], [29.48156, 0.15042], [29.48114, 0.15075], [29.48095, 0.15133], [29.48052, 0.15166], [29.48052, 0.15166], [29.47999, 0.15166], [29.47999, 0.15166], [29.47947, 0.15137], [29.47899, 0.1518], [29.47899, 0.1518], [29.47838, 0.1518], [29.47838, 0.1518], [29.47747, 0.1518], [29.47747, 0.1518], [29.47742, 0.15118], [29.47742, 0.15118], [29.47742, 0.15118], [29.47753, 0.15106], [29.4778, 0.15075], [29.4778, 0.15014], [29.47728, 0.1499], [29.47675, 0.14978], [29.47666, 0.14975], [29.4765, 0.1499], [29.47619, 0.15018], [29.47614, 0.1508], [29.47614, 0.15147], [29.47585, 0.15194], [29.47585, 0.15194], [29.47585, 0.15194], [29.47626, 0.15281], [29.47583, 0.15314], [29.47569, 0.15366], [29.47564, 0.15442], [29.47545, 0.15499], [29.47507, 0.15571], [29.47488, 0.1568], [29.47422, 0.15766], [29.47374, 0.1589], [29.47279, 0.15947], [29.47241, 0.16023], [29.47227, 0.16094], [29.47227, 0.16232], [29.47217, 0.1638], [29.47179, 0.16475], [29.47079, 0.16585], [29.47012, 0.16623], [29.46865, 0.16684], [29.46736, 0.1677], [29.46679, 0.16861], [29.46679, 0.16965], [29.46703, 0.17051], [29.46708, 0.17146], [29.46703, 0.17284], [29.46694, 0.17455], [29.46613, 0.17532], [29.46498, 0.17541], [29.46351, 0.17555], [29.46199, 0.17555], [29.4608, 0.17579], [29.45999, 0.17636], [29.45851, 0.17665], [29.45756, 0.17622], [29.45666, 0.17655], [29.45532, 0.17708], [29.45366, 0.17722], [29.45204, 0.17755], [29.45052, 0.17769], [29.44904, 0.17774], [29.44833, 0.17779], [29.44652, 0.17812], [29.44542, 0.17836], [29.44438, 0.17874], [29.44404, 0.17988], [29.44324, 0.18012], [29.44266, 0.17998], [29.44219, 0.18045], [29.44143, 0.18117], [29.44114, 0.18193], [29.44114, 0.18283], [29.4409, 0.18412], [29.4409, 0.18474], [29.4409, 0.18564], [29.44043, 0.18645], [29.43967, 0.18769], [29.43948, 0.18878], [29.43886, 0.18935], [29.43843, 0.19007], [29.43791, 0.19016], [29.43657, 0.19031], [29.43391, 0.19026], [29.43248, 0.19021], [29.43105, 0.19016], [29.42996, 0.18983], [29.42953, 0.19026], [29.4282, 0.19021], [29.42696, 0.19026], [29.42525, 0.19026], [29.42425, 0.19016], [29.42339, 0.19016], [29.42287, 0.19045], [29.42211, 0.19031], [29.42049, 0.19054], [29.41911, 0.19054], [29.41792, 0.1905], [29.41597, 0.19054], [29.41463, 0.19012], [29.41344, 0.19007], [29.41283, 0.18988], [29.41149, 0.18954], [29.41049, 0.1895], [29.40973, 0.1894], [29.40873, 0.18897], [29.40792, 0.18845], [29.40731, 0.18778], [29.4065, 0.18778], [29.40588, 0.1884], [29.40545, 0.18893], [29.40483, 0.18935], [29.40412, 0.18954], [29.40364, 0.18973], [29.40312, 0.19054], [29.40283, 0.19035], [29.40231, 0.18983], [29.40145, 0.18964], [29.4005, 0.18969], [29.40012, 0.18926], [29.39917, 0.18888], [29.3986, 0.18855], [29.39874, 0.18788], [29.39922, 0.18736], [29.3996, 0.18697], [29.39907, 0.18664], [29.39817, 0.18688], [29.39741, 0.18659], [29.39698, 0.1875], [29.39669, 0.18802], [29.39636, 0.1884], [29.3955, 0.18869], [29.39446, 0.18855], [29.39436, 0.18921], [29.39436, 0.19031], [29.39408, 0.19102], [29.39312, 0.19102], [29.39241, 0.19173], [29.39293, 0.19259], [29.39303, 0.19307], [29.39308, 0.19373], [29.39312, 0.19497], [29.39322, 0.19602], [29.3935, 0.19725], [29.3935, 0.19821], [29.39422, 0.2002], [29.39384, 0.2012], [29.39441, 0.20177], [29.39441, 0.20254], [29.39408, 0.20344], [29.39503, 0.20454], [29.39512, 0.20544], [29.39541, 0.20677], [29.3945, 0.20758], [29.39341, 0.20777], [29.39279, 0.20863], [29.39327, 0.20967], [29.39331, 0.21086], [29.39341, 0.21191], [29.39265, 0.21224], [29.39174, 0.21201], [29.39051, 0.21177], [29.38965, 0.21243], [29.38875, 0.21324], [29.38813, 0.21467], [29.38784, 0.21658], [29.38718, 0.21876], [29.38803, 0.22214], [29.38813, 0.22324], [29.38803, 0.22728], [29.38832, 0.23038], [29.3896, 0.23395], [29.39103, 0.23637], [29.39227, 0.23809], [29.39327, 0.23932], [29.39412, 0.2407], [29.39498, 0.24223], [29.39622, 0.24251], [29.39841, 0.24427], [29.39917, 0.2457], [29.4015, 0.2476], [29.4035, 0.25003], [29.40507, 0.25236], [29.40612, 0.2526], [29.40842, 0.25505], [29.40846, 0.25504], [29.41026, 0.25623], [29.4115, 0.25723], [29.41312, 0.25832], [29.41417, 0.25842], [29.41574, 0.25932], [29.41831, 0.26051], [29.41945, 0.2606], [29.4204, 0.26065], [29.42169, 0.26089], [29.4223, 0.26151], [29.4223, 0.26265], [29.42264, 0.26289], [29.42354, 0.26317], [29.42402, 0.26365], [29.4244, 0.26417], [29.42492, 0.26451], [29.42564, 0.26441], [29.42616, 0.26465], [29.42635, 0.26493], [29.42711, 0.26522], [29.42754, 0.26584], [29.42835, 0.26579], [29.4292, 0.26598], [29.43039, 0.26612], [29.43144, 0.26693], [29.43215, 0.26684], [29.43277, 0.26741], [29.43349, 0.2677], [29.43458, 0.2676], [29.4353, 0.2676], [29.43568, 0.26831], [29.43606, 0.26893], [29.4362, 0.27003], [29.43696, 0.27107], [29.43777, 0.27155], [29.43853, 0.2716], [29.43915, 0.27226], [29.43977, 0.27312], [29.44063, 0.27412], [29.44229, 0.27498], [29.44301, 0.27545], [29.44324, 0.27621], [29.44323, 0.27624], [29.44324, 0.27625], [29.44285, 0.27701], [29.44266, 0.27773], [29.44248, 0.27841], [29.44286, 0.27902], [29.44285, 0.27905], [29.44285, 0.27906], [29.44253, 0.27958], [29.44243, 0.28064], [29.44243, 0.28159], [29.44229, 0.28235], [29.44229, 0.28235], [29.44228, 0.28239], [29.44157, 0.28334], [29.44143, 0.28421], [29.44153, 0.28545], [29.44196, 0.28578], [29.44286, 0.28625], [29.44334, 0.28702], [29.44415, 0.28773], [29.44462, 0.28787], [29.44534, 0.28773], [29.44586, 0.28863], [29.44638, 0.28882], [29.44672, 0.28935], [29.44681, 0.29016], [29.44734, 0.29197], [29.44857, 0.29287], [29.44967, 0.29368], [29.45052, 0.2943], [29.45143, 0.29606], [29.45124, 0.29744], [29.45129, 0.29915], [29.452, 0.30034], [29.45262, 0.30158], [29.45248, 0.30234], [29.45247, 0.30234], [29.45247, 0.30238], [29.45219, 0.30316], [29.45276, 0.3041], [29.45276, 0.30572], [29.45275, 0.30573], [29.45275, 0.30576], [29.45223, 0.30661], [29.452, 0.30796], [29.45233, 0.3091], [29.45238, 0.31005], [29.45237, 0.31007], [29.45237, 0.31009], [29.4521, 0.31064], [29.45229, 0.31181], [29.45252, 0.31276], [29.45257, 0.31428], [29.45295, 0.31495], [29.45309, 0.31571], [29.45309, 0.31771], [29.453, 0.31876], [29.45286, 0.31981], [29.453, 0.32042], [29.45295, 0.32104], [29.45333, 0.3218], [29.45376, 0.32218], [29.45428, 0.3228], [29.45457, 0.32342], [29.45456, 0.32346], [29.45456, 0.32346], [29.45443, 0.32414], [29.45509, 0.3249], [29.45581, 0.32542], [29.45666, 0.3258], [29.45704, 0.32618], [29.45738, 0.32671], [29.45785, 0.32737], [29.45784, 0.3274], [29.45785, 0.32741], [29.45748, 0.328], [29.45771, 0.32828], [29.45819, 0.32851], [29.45817, 0.32855], [29.45818, 0.32855], [29.45787, 0.32913], [29.45823, 0.32913], [29.45919, 0.32909], [29.46023, 0.32989], [29.46061, 0.3307], [29.46123, 0.3307], [29.46209, 0.3308], [29.46218, 0.33142], [29.46261, 0.33137], [29.46333, 0.33199], [29.46409, 0.33251], [29.46433, 0.33332], [29.46418, 0.33461], [29.46418, 0.33461], [29.46417, 0.33464], [29.46356, 0.3356], [29.46295, 0.33639], [29.46314, 0.33751], [29.46337, 0.33822], [29.46337, 0.33917], [29.46337, 0.3392], [29.46337, 0.33921], [29.46313, 0.33997], [29.46247, 0.34045], [29.46242, 0.34103], [29.46295, 0.34198], [29.46304, 0.34298], [29.46323, 0.3437], [29.46328, 0.34469], [29.46342, 0.34579], [29.46423, 0.34636], [29.46433, 0.34703], [29.46413, 0.34807], [29.46475, 0.34893], [29.46594, 0.34941], [29.46709, 0.34936], [29.46747, 0.34941], [29.46747, 0.34998], [29.46746, 0.34999], [29.46746, 0.35002], [29.46705, 0.35065], [29.46761, 0.35136], [29.46794, 0.35188], [29.46808, 0.35245], [29.46799, 0.35297], [29.46799, 0.35298], [29.46798, 0.35301], [29.46776, 0.35341], [29.46823, 0.35412], [29.46821, 0.35415], [29.46822, 0.35416], [29.46767, 0.35544], [29.46794, 0.35577], [29.46875, 0.35639], [29.46904, 0.3571], [29.46942, 0.35719], [29.46975, 0.35781], [29.46989, 0.35834], [29.47004, 0.35891], [29.47065, 0.35972], [29.47064, 0.35974], [29.47065, 0.35976], [29.47008, 0.36056], [29.46975, 0.36118], [29.46965, 0.36186], [29.47018, 0.36233], [29.47084, 0.36252], [29.47099, 0.36305], [29.47137, 0.36348], [29.4718, 0.36381], [29.47218, 0.36433], [29.47241, 0.36528], [29.47241, 0.36605], [29.47241, 0.36662], [29.47241, 0.36662], [29.47241, 0.36666], [29.4715, 0.36685], [29.47093, 0.36694], [29.47056, 0.36736], [29.47056, 0.3679], [29.47061, 0.36857], [29.47094, 0.36947], [29.47089, 0.37057], [29.47089, 0.37058], [29.47088, 0.37061], [29.47046, 0.3714], [29.47046, 0.37195], [29.47108, 0.37252], [29.47132, 0.37285], [29.4713, 0.37287], [29.47131, 0.37289], [29.47099, 0.37326], [29.47108, 0.3739], [29.47127, 0.37456], [29.47156, 0.37499], [29.47156, 0.37561], [29.47189, 0.37618], [29.47232, 0.37642], [29.47322, 0.3769], [29.4737, 0.37747], [29.47408, 0.37828], [29.4746, 0.37894], [29.47503, 0.37975], [29.47541, 0.37999], [29.47579, 0.38037], [29.47617, 0.38099], [29.47613, 0.38147], [29.47655, 0.38166], [29.4776, 0.38151], [29.47817, 0.38166], [29.47874, 0.38185], [29.4796, 0.38185], [29.48031, 0.38208], [29.48065, 0.3828], [29.48103, 0.38327], [29.48127, 0.38399], [29.48131, 0.38475], [29.4813, 0.38477], [29.48131, 0.38479], [29.48116, 0.38512], [29.48064, 0.38531], [29.48055, 0.38566], [29.48055, 0.38622], [29.48054, 0.38624], [29.48054, 0.38626], [29.48021, 0.38688], [29.47945, 0.3874], [29.47907, 0.38793], [29.47826, 0.38817], [29.47764, 0.38769], [29.47636, 0.38769], [29.47541, 0.3875], [29.47455, 0.38798], [29.47403, 0.38816], [29.47403, 0.38832], [29.47398, 0.38879], [29.47398, 0.3888], [29.47398, 0.38883], [29.47355, 0.38955], [29.47326, 0.39031], [29.47236, 0.39074], [29.47174, 0.39093], [29.47138, 0.39138], [29.4717, 0.39189], [29.47168, 0.3919], [29.47169, 0.39193], [29.47108, 0.39244], [29.47113, 0.39327], [29.47112, 0.39328], [29.47112, 0.39331], [29.47069, 0.39378], [29.4705, 0.39407], [29.46946, 0.39416], [29.46808, 0.39483], [29.46698, 0.39516], [29.46613, 0.39516], [29.46536, 0.39535], [29.46432, 0.39526], [29.4637, 0.39559], [29.46289, 0.39569], [29.46213, 0.39578], [29.4617, 0.39626], [29.4608, 0.39688], [29.4597, 0.39697], [29.45875, 0.39678], [29.45675, 0.39654], [29.45513, 0.39597], [29.45428, 0.39549], [29.45318, 0.39511], [29.45075, 0.39497], [29.44909, 0.39497], [29.44818, 0.39507], [29.44742, 0.3954], [29.44657, 0.39549], [29.44538, 0.39549], [29.44452, 0.39502], [29.44376, 0.39431], [29.44319, 0.39392], [29.44219, 0.39331], [29.44124, 0.39307], [29.44043, 0.39302], [29.43933, 0.39245], [29.43862, 0.39254], [29.43795, 0.39259], [29.43705, 0.39259], [29.43643, 0.3924], [29.43532, 0.39248], [29.43528, 0.39297], [29.43537, 0.39368], [29.43561, 0.3944], [29.43571, 0.39516], [29.43556, 0.39597], [29.43556, 0.39597], [29.43555, 0.39601], [29.43511, 0.39636], [29.43551, 0.39668], [29.43571, 0.39778], [29.4358, 0.39868], [29.43579, 0.39869], [29.43579, 0.39872], [29.43508, 0.39924], [29.43504, 0.40011], [29.43503, 0.40013], [29.43503, 0.40015], [29.43466, 0.40126], [29.43475, 0.4022], [29.43485, 0.40287], [29.43484, 0.40287], [29.43484, 0.40291], [29.43394, 0.40305], [29.43347, 0.40305], [29.43342, 0.40406], [29.43352, 0.40477], [29.43351, 0.40479], [29.43351, 0.40481], [29.4331, 0.40536], [29.43337, 0.40596], [29.43366, 0.4062], [29.43375, 0.40706], [29.43375, 0.40815], [29.4338, 0.4092], [29.43356, 0.41115], [29.43361, 0.41286], [29.43371, 0.41415], [29.43433, 0.41481], [29.43494, 0.41538], [29.43528, 0.41648], [29.43566, 0.41743], [29.43571, 0.41876], [29.43542, 0.42029], [29.43618, 0.42148], [29.43616, 0.42149], [29.43617, 0.42151], [29.43546, 0.42204], [29.4348, 0.42321], [29.4348, 0.42405], [29.43479, 0.42407], [29.43479, 0.42408], [29.43451, 0.42489], [29.43433, 0.42576], [29.43499, 0.42652], [29.43523, 0.42723], [29.43522, 0.42726], [29.43522, 0.42727], [29.43466, 0.42835], [29.43475, 0.42928], [29.43466, 0.43028], [29.43465, 0.43028], [29.43465, 0.43032], [29.43379, 0.43051], [29.43279, 0.43056], [29.43213, 0.43056], [29.43156, 0.43022], [29.43089, 0.42956], [29.43008, 0.4288], [29.42946, 0.42832], [29.4287, 0.42765], [29.42818, 0.42713], [29.42723, 0.42703], [29.42694, 0.42746], [29.42618, 0.4287], [29.42547, 0.4287], [29.4248, 0.42846], [29.4239, 0.42813], [29.42242, 0.42846], [29.42171, 0.42927], [29.42085, 0.43027], [29.41985, 0.43137], [29.41961, 0.43198], [29.41866, 0.43246], [29.41799, 0.43246], [29.41714, 0.43251], [29.41652, 0.43213], [29.41604, 0.43132], [29.41557, 0.43098], [29.41566, 0.43003], [29.41538, 0.42937], [29.41476, 0.42899], [29.41419, 0.42984], [29.4139, 0.43098], [29.41319, 0.43227], [29.41271, 0.43198], [29.4119, 0.43179], [29.41124, 0.43184], [29.41048, 0.43122], [29.40948, 0.43041], [29.40857, 0.43018], [29.40748, 0.43018], [29.40676, 0.43051], [29.40605, 0.43132], [29.40553, 0.43198], [29.40505, 0.43275], [29.40453, 0.43365], [29.40429, 0.43453], [29.4042, 0.43537], [29.40406, 0.43637], [29.40405, 0.43639], [29.40405, 0.43641], [29.40367, 0.43798], [29.40338, 0.43855], [29.40267, 0.43912], [29.40167, 0.43931], [29.40115, 0.43898], [29.40067, 0.43969], [29.40021, 0.44039], [29.40035, 0.44089], [29.40058, 0.44127], [29.40082, 0.44208], [29.40125, 0.44232], [29.40144, 0.44308], [29.40142, 0.44308], [29.40143, 0.44312], [29.40072, 0.44293], [29.39986, 0.44355], [29.39886, 0.44402], [29.39815, 0.44445], [29.39796, 0.44431], [29.39715, 0.44402], [29.39672, 0.44431], [29.39591, 0.44483], [29.3951, 0.44598], [29.39425, 0.4464], [29.39411, 0.44717], [29.39411, 0.44717], [29.3941, 0.44721], [29.39344, 0.44764], [29.39287, 0.44831], [29.39226, 0.44872], [29.3924, 0.44917], [29.39235, 0.44979], [29.39235, 0.4498], [29.39234, 0.44983], [29.39206, 0.45031], [29.39177, 0.45069], [29.3912, 0.45069], [29.39044, 0.45135], [29.39026, 0.45265], [29.39025, 0.45265], [29.39025, 0.45269], [29.38956, 0.45356], [29.39002, 0.45403], [29.39001, 0.45406], [29.39001, 0.45407], [29.38968, 0.45497], [29.38897, 0.45535], [29.38873, 0.45604], [29.38869, 0.45698], [29.38869, 0.4575], [29.38868, 0.45752], [29.38868, 0.45754], [29.38849, 0.45811], [29.38782, 0.45825], [29.3872, 0.45816], [29.38654, 0.45797], [29.38592, 0.45863], [29.3853, 0.4594], [29.38502, 0.45987], [29.38466, 0.46031], [29.38521, 0.4605], [29.38559, 0.46102], [29.38569, 0.46145], [29.38564, 0.46212], [29.38564, 0.46288], [29.38574, 0.4635], [29.38621, 0.46378], [29.3862, 0.46382], [29.3862, 0.46382], [29.38597, 0.46434], [29.38521, 0.4642], [29.3843, 0.46463], [29.38398, 0.46509], [29.38407, 0.46573], [29.38406, 0.46576], [29.38406, 0.46577], [29.38384, 0.4665], [29.38412, 0.46697], [29.38497, 0.46745], [29.38507, 0.46821], [29.38506, 0.46822], [29.38506, 0.46825], [29.38449, 0.46891], [29.38398, 0.46984], [29.38417, 0.47078], [29.38415, 0.47079], [29.38416, 0.47082], [29.38344, 0.47129], [29.38321, 0.4721], [29.38225, 0.47229], [29.38211, 0.47282], [29.38164, 0.47362], [29.38107, 0.47381], [29.38045, 0.4742], [29.38, 0.47515], [29.37988, 0.47543], [29.37935, 0.47515], [29.37873, 0.47448], [29.37792, 0.47372], [29.37726, 0.47291], [29.3765, 0.47291], [29.37597, 0.47286], [29.37531, 0.47234], [29.37455, 0.47224], [29.37374, 0.47153], [29.37293, 0.47167], [29.37188, 0.47148], [29.37083, 0.47191], [29.36945, 0.47248], [29.36812, 0.47301], [29.36617, 0.47424], [29.36431, 0.475], [29.36289, 0.47553], [29.36203, 0.47539], [29.36117, 0.47486], [29.36041, 0.47586], [29.35998, 0.47524], [29.35941, 0.47439], [29.35852, 0.47448], [29.35861, 0.47487], [29.35861, 0.47544], [29.3586, 0.47545], [29.3586, 0.47548], [29.35813, 0.47614], [29.35809, 0.47706], [29.35808, 0.47707], [29.35808, 0.4771], [29.35737, 0.47772], [29.35703, 0.47862], [29.35653, 0.47922], [29.35671, 0.47953], [29.35733, 0.47963], [29.35728, 0.47966], [29.35732, 0.47967], [29.35679, 0.4801], [29.35551, 0.48062], [29.35494, 0.48024], [29.35422, 0.47986], [29.35361, 0.47981], [29.35289, 0.47981], [29.35242, 0.47972], [29.35194, 0.48019], [29.35089, 0.48119], [29.35089, 0.48067], [29.35089, 0.47972], [29.35075, 0.47881], [29.35013, 0.47838], [29.34885, 0.47829], [29.3488, 0.47776], [29.34813, 0.4771], [29.3478, 0.47672], [29.34623, 0.47738], [29.34548, 0.47748], [29.34548, 0.4783], [29.34547, 0.47832], [29.34547, 0.47834], [29.34514, 0.47919], [29.34495, 0.47978], [29.34514, 0.48049], [29.34529, 0.4813], [29.34533, 0.48196], [29.34532, 0.48197], [29.34533, 0.482], [29.34475, 0.48262], [29.34409, 0.48305], [29.34385, 0.48371], [29.34362, 0.4845], [29.34362, 0.48496], [29.34361, 0.48497], [29.34361, 0.485], [29.34304, 0.48543], [29.34257, 0.48571], [29.3418, 0.48519], [29.34119, 0.48561], [29.34119, 0.48624], [29.34124, 0.48715], [29.34123, 0.48715], [29.34123, 0.48719], [29.34071, 0.48742], [29.34067, 0.4881], [29.34066, 0.48811], [29.34066, 0.48814], [29.34033, 0.48871], [29.33942, 0.48895], [29.3389, 0.48857], [29.33862, 0.488], [29.33819, 0.48733], [29.33776, 0.48738], [29.33752, 0.48771], [29.33709, 0.48833], [29.33662, 0.48862], [29.33624, 0.48919], [29.33547, 0.48942], [29.33467, 0.48947], [29.33343, 0.4898], [29.33219, 0.48942], [29.33157, 0.48881], [29.33105, 0.48857], [29.33057, 0.48809], [29.33, 0.48752], [29.32957, 0.48743], [29.32915, 0.48743], [29.32843, 0.48704], [29.32834, 0.48652], [29.32824, 0.48595], [29.32786, 0.48543], [29.3273, 0.48515], [29.32544, 0.48009], [29.32368, 0.48079], [29.32245, 0.48185], [29.31999, 0.4822], [29.31911, 0.48132], [29.31735, 0.47921], [29.31506, 0.48185], [29.31383, 0.48325], [29.31155, 0.48571], [29.30891, 0.48694], [29.30663, 0.48835], [29.3054, 0.48888], [29.30258, 0.48888], [29.30083, 0.48993], [29.29766, 0.4887], [29.29608, 0.49099], [29.2945, 0.49274], [29.29239, 0.49257], [29.28977, 0.49257], [29.29029, 0.4964], [29.29027, 0.49639], [29.29028, 0.49644], [29.2887, 0.49573], [29.28486, 0.49538], [29.28589, 0.49728], [29.28554, 0.49974], [29.28554, 0.49974], [29.28553, 0.49978], [29.28237, 0.50083], [29.27956, 0.50118], [29.27657, 0.50118], [29.27552, 0.50329], [29.27325, 0.50573], [29.27412, 0.50694], [29.27587, 0.50958], [29.27869, 0.51222], [29.28027, 0.51433], [29.2815, 0.51608], [29.28343, 0.51854], [29.28572, 0.51872], [29.28853, 0.51714], [29.29011, 0.51696], [29.29187, 0.51819], [29.29292, 0.51995], [29.29539, 0.51925], [29.29679, 0.52083], [29.29837, 0.52206], [29.30083, 0.52153], [29.30312, 0.52188], [29.30417, 0.52224], [29.30523, 0.52347], [29.30716, 0.52417], [29.3091, 0.52593], [29.31156, 0.52593], [29.31296, 0.52628], [29.31384, 0.52716], [29.31525, 0.52716], [29.31595, 0.52821], [29.31788, 0.53067], [29.31929, 0.53173], [29.32009, 0.53559], [29.32066, 0.5365], [29.32094, 0.53717], [29.32109, 0.53764], [29.32151, 0.53812], [29.32194, 0.53874], [29.32228, 0.53893], [29.32289, 0.53902], [29.32318, 0.53935], [29.32313, 0.54012], [29.32313, 0.54013], [29.32313, 0.54015], [29.3227, 0.54092], [29.32242, 0.54166], [29.32232, 0.54302], [29.32261, 0.54449], [29.3228, 0.54549], [29.32285, 0.54702], [29.32284, 0.54705], [29.32284, 0.54705], [29.32266, 0.54778], [29.3227, 0.54854], [29.32275, 0.54997], [29.3228, 0.55097], [29.32285, 0.55235], [29.32294, 0.55306], [29.32323, 0.5542], [29.3238, 0.55439], [29.32427, 0.55549], [29.32437, 0.55658], [29.32461, 0.55796], [29.32475, 0.55906], [29.32475, 0.56006], [29.32475, 0.56106], [29.32475, 0.56215], [29.32475, 0.56329], [29.32518, 0.56439], [29.32551, 0.5652], [29.32551, 0.566], [29.3255, 0.56601], [29.3255, 0.56604], [29.3246, 0.56623], [29.32432, 0.56711], [29.32447, 0.56796], [29.3247, 0.56862], [29.32504, 0.56924], [29.32518, 0.56991], [29.32561, 0.57072], [29.32551, 0.57162], [29.32589, 0.57229], [29.32627, 0.57281], [29.32642, 0.57343], [29.32651, 0.57409], [29.32708, 0.57524], [29.3278, 0.57619], [29.32856, 0.577], [29.3287, 0.5779], [29.32856, 0.57881], [29.32856, 0.57881], [29.32855, 0.57884], [29.32818, 0.57973], [29.32813, 0.58047], [29.32813, 0.58138], [29.32822, 0.58247], [29.32861, 0.58347], [29.32913, 0.58423], [29.32956, 0.58471], [29.32994, 0.58518], [29.33041, 0.58556], [29.33089, 0.58542], [29.33137, 0.58594], [29.33165, 0.58656], [29.33232, 0.58666], [29.33322, 0.5869], [29.33384, 0.58751], [29.33465, 0.58804], [29.33489, 0.58856], [29.33593, 0.58837], [29.33698, 0.58832], [29.33798, 0.58847], [29.3386, 0.58894], [29.33922, 0.5897], [29.33969, 0.5897], [29.34074, 0.58932], [29.34179, 0.58975], [29.34203, 0.59032], [29.34207, 0.59151], [29.34207, 0.59237], [29.34226, 0.59346], [29.34217, 0.59427], [29.34207, 0.59494], [29.3425, 0.59589], [29.34283, 0.59675], [29.34307, 0.59751], [29.34369, 0.59856], [29.34432, 0.59964], [29.34431, 0.59967], [29.34432, 0.59968], [29.34459, 0.59922], [29.34675, 0.59689], [29.348, 0.59437], [29.34998, 0.59312], [29.35106, 0.59312], [29.35267, 0.59168], [29.35285, 0.58881], [29.35483, 0.58701], [29.35644, 0.58665], [29.35896, 0.58665], [29.36022, 0.58449], [29.36076, 0.58216], [29.36165, 0.57875], [29.36291, 0.57641], [29.36273, 0.57354], [29.36399, 0.573], [29.36578, 0.5739], [29.36686, 0.57246], [29.36758, 0.56977], [29.3683, 0.56887], [29.36992, 0.56779], [29.37171, 0.56581], [29.37405, 0.56438], [29.37477, 0.56366], [29.37674, 0.56312], [29.37836, 0.56312], [29.38033, 0.56312], [29.38195, 0.5642], [29.3841, 0.56474], [29.38554, 0.5624], [29.3868, 0.56097], [29.38806, 0.56025], [29.38949, 0.55881], [29.39165, 0.55683], [29.39362, 0.55683], [29.3965, 0.55522], [29.39811, 0.55486], [29.39973, 0.55683], [29.40207, 0.55863], [29.40602, 0.55845], [29.40781, 0.55827], [29.40943, 0.55683], [29.41087, 0.55683], [29.41194, 0.55791], [29.41428, 0.55648], [29.41697, 0.55791], [29.42021, 0.55809], [29.42254, 0.55845], [29.42524, 0.55827], [29.42667, 0.55755], [29.42829, 0.55899], [29.42973, 0.55989], [29.4326, 0.55881], [29.43386, 0.55989], [29.43511, 0.56186], [29.43601, 0.56348], [29.43745, 0.5651], [29.43943, 0.56546], [29.44086, 0.56546], [29.44356, 0.56546], [29.44589, 0.56546], [29.4502, 0.56853], [29.45521, 0.56892], [29.47068, 0.57011], [29.48475, 0.57152], [29.49447, 0.57249], [29.50804, 0.57312], [29.50912, 0.57362], [29.5104, 0.57512], [29.51111, 0.57569], [29.51183, 0.57662], [29.51204, 0.57776], [29.51276, 0.57804], [29.51361, 0.57897], [29.51454, 0.57976], [29.51547, 0.5804], [29.51625, 0.58033], [29.5174, 0.58097], [29.51854, 0.58169], [29.51932, 0.58254], [29.52032, 0.58183], [29.52089, 0.5824], [29.52182, 0.58354], [29.52239, 0.58326], [29.52204, 0.5819], [29.52239, 0.5809], [29.52332, 0.58019], [29.52375, 0.57919], [29.52511, 0.57819], [29.52653, 0.57797], [29.52782, 0.57783], [29.52853, 0.57904], [29.52903, 0.57797], [29.52982, 0.57726], [29.53132, 0.57712], [29.53203, 0.57776], [29.5331, 0.57776], [29.53424, 0.57683], [29.53503, 0.57719], [29.53531, 0.57797], [29.53617, 0.57797], [29.53738, 0.57854], [29.53853, 0.57876], [29.53917, 0.57983], [29.5401, 0.58111], [29.5416, 0.58233], [29.54217, 0.58347], [29.54302, 0.58483], [29.54374, 0.58611], [29.54481, 0.58718], [29.54581, 0.58718], [29.54709, 0.58725], [29.54873, 0.5874], [29.5498, 0.58775], [29.55066, 0.58825], [29.55216, 0.58847], [29.55323, 0.58875], [29.55444, 0.58911], [29.55487, 0.59025], [29.55502, 0.59146], [29.5558, 0.59175], [29.55666, 0.59189], [29.55751, 0.59211], [29.55901, 0.59311], [29.5598, 0.59403], [29.56073, 0.59525], [29.56144, 0.59632], [29.56273, 0.59725], [29.5643, 0.59846], [29.56522, 0.59917], [29.56572, 0.59989], [29.56601, 0.60089], [29.56694, 0.60217], [29.56779, 0.60324], [29.56836, 0.60439], [29.56929, 0.60496], [29.57008, 0.60574], [29.57058, 0.60631], [29.57108, 0.6071], [29.57258, 0.60745], [29.5735, 0.60881], [29.57429, 0.6091], [29.5755, 0.60924], [29.57615, 0.6096], [29.57629, 0.61052], [29.57686, 0.61138], [29.57757, 0.61209], [29.57879, 0.61281], [29.58036, 0.61438], [29.581, 0.61516], [29.58178, 0.61602], [29.58264, 0.61616], [29.58293, 0.61688], [29.58421, 0.61738], [29.5855, 0.61766], [29.58678, 0.61831], [29.58735, 0.61938], [29.58799, 0.62045], [29.58842, 0.62209], [29.58864, 0.62337], [29.58935, 0.62444], [29.59049, 0.62551], [29.59121, 0.62623], [29.59085, 0.62716], [29.59142, 0.62858], [29.59214, 0.62923], [29.59221, 0.63044], [29.59299, 0.6318], [29.59399, 0.63194], [29.59499, 0.63237], [29.59599, 0.63251], [29.5972, 0.63251], [29.59827, 0.63244], [29.59906, 0.63337], [29.60063, 0.63351], [29.60177, 0.6338], [29.60256, 0.63465], [29.60377, 0.63508], [29.60577, 0.63544], [29.60684, 0.63601], [29.60805, 0.63686], [29.60984, 0.63708], [29.61162, 0.63786], [29.61205, 0.63736], [29.61291, 0.63665], [29.61426, 0.63608], [29.61569, 0.63601], [29.61712, 0.63637], [29.61848, 0.63715], [29.61976, 0.63744], [29.62083, 0.63808], [29.62212, 0.63865], [29.62297, 0.63915], [29.62461, 0.63958], [29.6249, 0.64008], [29.6264, 0.64022], [29.62711, 0.64101], [29.6274, 0.64165], [29.62833, 0.64186], [29.62876, 0.64243], [29.62961, 0.64265], [29.63104, 0.64222], [29.63211, 0.64229], [29.63332, 0.6425], [29.63418, 0.64322], [29.63482, 0.64393], [29.63532, 0.64457], [29.63661, 0.64479], [29.63711, 0.64579], [29.63868, 0.64593], [29.63903, 0.64664], [29.63975, 0.64714], [29.64053, 0.64864], [29.64125, 0.649], [29.64218, 0.64921], [29.64289, 0.64993], [29.64317, 0.65078], [29.64317, 0.6515], [29.64389, 0.6525], [29.64375, 0.65335], [29.64467, 0.654], [29.64546, 0.65471], [29.64682, 0.65485], [29.64767, 0.6555], [29.64817, 0.65642], [29.64824, 0.65757], [29.6491, 0.65857], [29.64946, 0.65935], [29.64946, 0.66064], [29.64967, 0.66149], [29.6501, 0.66213], [29.65074, 0.66213], [29.65174, 0.66192], [29.65253, 0.66221], [29.65295, 0.66285], [29.65303, 0.66406], [29.6531, 0.66506], [29.65374, 0.66599], [29.65403, 0.6667], [29.65445, 0.66756], [29.65495, 0.66813], [29.65617, 0.66899], [29.65695, 0.66906], [29.65788, 0.66992], [29.65809, 0.6707], [29.65817, 0.6717], [29.65859, 0.67241], [29.65988, 0.67284], [29.66088, 0.67291], [29.66152, 0.67363], [29.66223, 0.67463], [29.66323, 0.67577], [29.66373, 0.67698], [29.66473, 0.67777], [29.66568, 0.67823], [29.66739, 0.67729], [29.66941, 0.67745], [29.67128, 0.67869], [29.67299, 0.68041], [29.67508, 0.68289], [29.67554, 0.68335], [29.67577, 0.68398], [29.67622, 0.68449], [29.67691, 0.68518], [29.67748, 0.68609], [29.678, 0.68649], [29.67822, 0.68712], [29.67863, 0.68769], [29.67903, 0.68827], [29.67994, 0.68878], [29.68046, 0.68992], [29.68097, 0.69061], [29.68131, 0.69113], [29.68137, 0.6917], [29.68154, 0.69244], [29.68223, 0.69256], [29.68291, 0.69296], [29.68291, 0.69358], [29.68383, 0.69353], [29.6844, 0.69307], [29.68509, 0.6937], [29.68589, 0.69427], [29.68686, 0.69461], [29.68766, 0.69399], [29.68846, 0.69433], [29.68886, 0.69519], [29.68898, 0.69593], [29.68961, 0.69667], [29.69018, 0.69656], [29.69098, 0.69656], [29.69127, 0.69719], [29.69064, 0.69776], [29.69069, 0.69845], [29.69178, 0.69936], [29.69235, 0.69999], [29.69281, 0.69993], [29.69355, 0.6997], [29.69395, 0.69919], [29.69401, 0.69839], [29.69464, 0.69833], [29.69487, 0.69908], [29.69498, 0.69959], [29.69573, 0.6997], [29.69613, 0.70016], [29.6967, 0.70039], [29.69716, 0.70068], [29.69681, 0.70165], [29.69739, 0.70205], [29.69784, 0.70297], [29.69824, 0.70342], [29.69904, 0.70325], [29.70007, 0.70359], [29.7007, 0.70377], [29.70139, 0.70382], [29.70168, 0.70422], [29.70299, 0.70451], [29.70316, 0.70491], [29.70373, 0.70565], [29.70345, 0.70623], [29.70373, 0.70674], [29.70385, 0.70737], [29.70413, 0.70817], [29.70562, 0.70891], [29.70648, 0.70954], [29.70694, 0.71029], [29.70717, 0.71109], [29.70797, 0.71132], [29.70808, 0.71092], [29.7086, 0.71052], [29.70911, 0.7108], [29.70963, 0.71126], [29.70957, 0.71189], [29.71014, 0.71206], [29.71083, 0.7124], [29.71134, 0.7124], [29.71146, 0.71189], [29.71083, 0.71103], [29.71134, 0.71103], [29.71214, 0.71114], [29.71271, 0.71177], [29.71317, 0.71177], [29.71346, 0.71137], [29.71409, 0.71149], [29.7142, 0.71189], [29.71483, 0.71206], [29.71603, 0.71257], [29.71706, 0.7132], [29.71872, 0.71366], [29.71958, 0.71406], [29.72049, 0.71418], [29.72101, 0.71498], [29.72192, 0.71538], [29.72227, 0.71578], [29.72318, 0.71658], [29.72301, 0.71744], [29.72381, 0.71772], [29.72432, 0.71721], [29.72461, 0.71709], [29.72461, 0.71784], [29.72495, 0.71835], [29.72553, 0.71801], [29.72564, 0.71738], [29.72633, 0.71721], [29.72678, 0.71801], [29.72718, 0.71795], [29.7273, 0.71755], [29.72736, 0.71686], [29.7277, 0.71681], [29.72839, 0.71686], [29.7289, 0.71744], [29.72918, 0.71836]]], [[[29.47351, 0.52233], [29.46878, 0.52134], [29.46482, 0.52046], [29.45733, 0.5176], [29.4504, 0.51331], [29.44632, 0.51188], [29.44126, 0.50604], [29.44093, 0.50065], [29.44137, 0.4936], [29.44467, 0.48821], [29.44632, 0.48326], [29.4526, 0.48007], [29.45843, 0.47665], [29.46273, 0.47599], [29.46922, 0.47489], [29.47538, 0.47566], [29.47946, 0.47764], [29.48199, 0.48007], [29.48584, 0.48183], [29.4898, 0.4837], [29.49332, 0.48557], [29.49343, 0.48953], [29.49509, 0.49228], [29.49553, 0.49845], [29.49531, 0.50406], [29.49399, 0.50945], [29.49123, 0.51419], [29.48936, 0.52145], [29.48573, 0.52497], [29.48166, 0.52784], [29.4788, 0.52729], [29.47814, 0.52475], [29.47351, 0.52233]]]]}}, {"type": "Feature", "properties": {"zone": "Ariwara", "province": "Ituri", "confirmed_cases": 8, "confirmed_deaths": 2}, "geometry": {"type": "Polygon", "coordinates": [[[30.89687, 3.3849], [30.89507, 3.36494], [30.8986, 3.36279], [30.89861, 3.36278], [30.8986, 3.36277], [30.89881, 3.36234], [30.89923, 3.36145], [30.89927, 3.36139], [30.89928, 3.36138], [30.89998, 3.36035], [30.90294, 3.35604], [30.90294, 3.35604], [30.90292, 3.35602], [30.89136, 3.34169], [30.89, 3.34], [30.887, 3.33], [30.887, 3.3198], [30.887, 3.31836], [30.887, 3.316], [30.885, 3.311], [30.87074, 3.27988], [30.86374, 3.2784], [30.84528, 3.27448], [30.8452, 3.27454], [30.84509, 3.27444], [30.843, 3.274], [30.8406, 3.2716], [30.833, 3.264], [30.829, 3.255], [30.82291, 3.23414], [30.81759, 3.21591], [30.81546, 3.20862], [30.81006, 3.19009], [30.80465, 3.17157], [30.80313, 3.1657], [30.80127, 3.1582], [30.79584, 3.13619], [30.78689, 3.09994], [30.779, 3.068], [30.777, 3.065], [30.77184, 3.05984], [30.77162, 3.05962], [30.77123, 3.05923], [30.766, 3.054], [30.763, 3.048], [30.769, 3.032], [30.77024, 3.0303], [30.77024, 3.03028], [30.76579, 3.02664], [30.7577, 3.02169], [30.75415, 3.00951], [30.7468, 3.00229], [30.73785, 2.99862], [30.73082, 2.99777], [30.72454, 2.99702], [30.71594, 2.99598], [30.70559, 2.99742], [30.69917, 2.99313], [30.69131, 2.98814], [30.6906, 2.99742], [30.6856, 3.00527], [30.67989, 3.01598], [30.67347, 3.02097], [30.66776, 3.02668], [30.66205, 3.03382], [30.65919, 3.04167], [30.64991, 3.04453], [30.64277, 3.04453], [30.63635, 3.04667], [30.63064, 3.0531], [30.63278, 3.05952], [30.63064, 3.07451], [30.61922, 3.08379], [30.61065, 3.08665], [30.60494, 3.09022], [30.599, 3.09372], [30.60128, 3.10078], [30.60187, 3.10732], [30.60069, 3.11446], [30.60782, 3.11863], [30.61318, 3.12339], [30.61853, 3.12933], [30.62091, 3.13588], [30.62805, 3.14837], [30.62686, 3.1686], [30.62091, 3.1793], [30.61556, 3.18763], [30.61615, 3.19774], [30.61972, 3.20488], [30.62567, 3.21083], [30.63162, 3.21559], [30.64887, 3.22213], [30.65541, 3.22987], [30.66077, 3.23641], [30.67103, 3.24447], [30.67103, 3.24836], [30.67574, 3.25816], [30.67574, 3.25816], [30.69077, 3.25936], [30.70412, 3.26795], [30.7108, 3.27844], [30.71653, 3.29084], [30.71779, 3.29855], [30.72508, 3.30624], [30.73196, 3.3115], [30.73883, 3.30867], [30.74895, 3.30098], [30.75826, 3.29653], [30.76514, 3.29451], [30.7708, 3.29208], [30.7789, 3.29006], [30.78577, 3.29087], [30.78982, 3.30058], [30.79468, 3.30543], [30.79913, 3.31069], [30.80156, 3.31555], [30.80277, 3.32121], [30.80439, 3.32607], [30.80924, 3.33497], [30.81503, 3.34308], [30.82348, 3.34214], [30.83408, 3.34097], [30.83884, 3.34765], [30.84266, 3.36882], [30.85133, 3.36775], [30.8578, 3.36937], [30.86347, 3.37342], [30.87075, 3.37665], [30.87804, 3.37908], [30.88734, 3.38191], [30.8926, 3.38272], [30.89687, 3.3849]]]}}, {"type": "Feature", "properties": {"zone": "Lolwa", "province": "Ituri", "confirmed_cases": 35, "confirmed_deaths": 9}, "geometry": {"type": "Polygon", "coordinates": [[[29.3103, 2.41797], [29.3151, 2.41796], [29.31785, 2.4198], [29.32356, 2.41795], [29.32791, 2.41381], [29.33362, 2.41403], [29.34347, 2.41723], [29.3485, 2.41539], [29.35028, 2.41591], [29.35399, 2.41699], [29.35799, 2.41718], [29.36794, 2.41766], [29.38054, 2.42033], [29.38054, 2.42033], [29.38304, 2.42086], [29.38441, 2.42177], [29.38441, 2.42177], [29.38922, 2.42499], [29.39245, 2.42478], [29.39245, 2.42478], [29.41027, 2.42358], [29.41668, 2.42702], [29.42149, 2.4353], [29.42607, 2.43644], [29.43155, 2.43367], [29.44391, 2.43619], [29.44939, 2.44602], [29.44939, 2.44602], [29.4516, 2.44998], [29.45295, 2.4524], [29.4794, 2.46006], [29.47781, 2.46536], [29.47918, 2.46742], [29.49383, 2.472], [29.50711, 2.47958], [29.52793, 2.48276], [29.54899, 2.49286], [29.56386, 2.49214], [29.57096, 2.49512], [29.57439, 2.49488], [29.58147, 2.48889], [29.58719, 2.48819], [29.59034, 2.48824], [29.60069, 2.4884], [29.61373, 2.49344], [29.62151, 2.49365], [29.63157, 2.49133], [29.63276, 2.48186], [29.63277, 2.48187], [29.63348, 2.47621], [29.63382, 2.47349], [29.63992, 2.46], [29.64999, 2.42526], [29.64815, 2.41997], [29.64828, 2.41432], [29.64846, 2.40664], [29.64858, 2.40179], [29.64771, 2.39594], [29.64742, 2.39397], [29.64534, 2.38998], [29.64237, 2.38431], [29.63915, 2.3735], [29.63936, 2.36384], [29.64164, 2.35464], [29.64487, 2.3416], [29.64756, 2.33309], [29.64121, 2.32461], [29.64319, 2.31468], [29.64939, 2.31039], [29.65383, 2.30695], [29.66041, 2.30183], [29.6651, 2.28622], [29.65948, 2.27986], [29.64548, 2.27072], [29.62543, 2.27932], [29.60741, 2.28366], [29.60594, 2.27587], [29.60809, 2.26746], [29.61393, 2.24464], [29.61622, 2.23507], [29.61975, 2.22034], [29.62124, 2.21413], [29.61008, 2.21064], [29.60997, 2.20071], [29.61332, 2.18935], [29.62284, 2.18722], [29.62311, 2.18417], [29.62391, 2.15579], [29.65034, 2.12554], [29.65203, 2.11341], [29.66461, 2.10109], [29.67007, 2.08936], [29.66966, 2.08099], [29.67176, 2.07676], [29.68222, 2.08123], [29.6906, 2.07643], [29.70671, 2.03309], [29.70899, 2.0294], [29.7147, 2.02502], [29.71651, 2.01627], [29.72198, 2.00959], [29.71793, 1.99823], [29.7083, 1.997], [29.71669, 1.98569], [29.72508, 1.97809], [29.72815, 1.96321], [29.72845, 1.96174], [29.78527, 1.91564], [29.81215, 1.89383], [29.8387, 1.87229], [29.86068, 1.85655], [29.8869, 1.83746], [29.89947, 1.83072], [29.93907, 1.80418], [29.94013, 1.80347], [29.94025, 1.80341], [29.94031, 1.80336], [29.946, 1.8001], [29.95144, 1.79753], [29.95148, 1.79751], [29.95522, 1.79575], [29.96215, 1.79234], [29.96808, 1.78942], [29.97432, 1.78634], [29.97552, 1.78575], [29.97552, 1.78574], [29.9785, 1.78428], [29.98922, 1.779], [29.98895, 1.77811], [29.98842, 1.77637], [29.98836, 1.77619], [29.98818, 1.77559], [29.98786, 1.77453], [29.98692, 1.77142], [29.98918, 1.7606], [30.0, 1.75905], [30.0, 1.75251], [30.0, 1.75167], [30.0, 1.74702], [30.0, 1.74592], [30.0, 1.74509], [29.99782, 1.74126], [29.99734, 1.72884], [30.0, 1.7238], [29.99938, 1.72309], [29.99766, 1.72274], [29.9966, 1.72253], [29.99367, 1.72195], [29.9929, 1.71856], [29.99265, 1.71746], [29.99265, 1.71746], [29.99205, 1.71482], [29.9854, 1.70403], [29.96574, 1.67924], [29.94805, 1.65696], [29.94279, 1.65329], [29.93605, 1.65293], [29.93603, 1.65293], [29.93433, 1.65284], [29.93067, 1.64963], [29.92219, 1.63493], [29.92132, 1.631], [29.92101, 1.62958], [29.92057, 1.62757], [29.92015, 1.627], [29.91924, 1.62577], [29.91736, 1.62321], [29.91667, 1.61838], [29.91643, 1.6179], [29.91625, 1.61751], [29.91353, 1.61186], [29.91289, 1.61053], [29.912, 1.6087], [29.91125, 1.60713], [29.91125, 1.60708], [29.91123, 1.60709], [29.91123, 1.60709], [29.90405, 1.59219], [29.90197, 1.58207], [29.89754, 1.5803], [29.89053, 1.5775], [29.86772, 1.58239], [29.85082, 1.5863], [29.83658, 1.58656], [29.82354, 1.58977], [29.8208, 1.59045], [29.81767, 1.59122], [29.8044, 1.5848], [29.80359, 1.58423], [29.80336, 1.58407], [29.78999, 1.57471], [29.78999, 1.57471], [29.78998, 1.57471], [29.78197, 1.56369], [29.78084, 1.56336], [29.77984, 1.56306], [29.77808, 1.56255], [29.76872, 1.56463], [29.76878, 1.56271], [29.76881, 1.56173], [29.76893, 1.55819], [29.76089, 1.53475], [29.75654, 1.52901], [29.75767, 1.52464], [29.75378, 1.51797], [29.75468, 1.51107], [29.7533, 1.50901], [29.74713, 1.50649], [29.74689, 1.50166], [29.74369, 1.49983], [29.73765, 1.47818], [29.73541, 1.47017], [29.72785, 1.45547], [29.7268, 1.45215], [29.72646, 1.45104], [29.72611, 1.44994], [29.72417, 1.44375], [29.72416, 1.43938], [29.7242, 1.4392], [29.7244, 1.4384], [29.72459, 1.43763], [29.72484, 1.43662], [29.72459, 1.43658], [29.7198, 1.43588], [29.71929, 1.4358], [29.71024, 1.43448], [29.71024, 1.43448], [29.69536, 1.4323], [29.68348, 1.43209], [29.68052, 1.43394], [29.67389, 1.43326], [29.66704, 1.43626], [29.66453, 1.4388], [29.66323, 1.44125], [29.66321, 1.44176], [29.66309, 1.44151], [29.65519, 1.45629], [29.63303, 1.45702], [29.62045, 1.44969], [29.61405, 1.4428], [29.6003, 1.42449], [29.59856, 1.42218], [29.58749, 1.40743], [29.58748, 1.40743], [29.58458, 1.36796], [29.56001, 1.36723], [29.56001, 1.36723], [29.54515, 1.36128], [29.52845, 1.34682], [29.52822, 1.34406], [29.53186, 1.33647], [29.52796, 1.32566], [29.52954, 1.31531], [29.51833, 1.30475], [29.51215, 1.29649], [29.50507, 1.29351], [29.49592, 1.28594], [29.4806, 1.27952], [29.479, 1.27424], [29.48104, 1.26595], [29.48104, 1.26595], [29.47872, 1.25215], [29.47842, 1.25041], [29.47799, 1.24784], [29.47518, 1.23113], [29.47505, 1.23032], [29.47321, 1.22665], [29.47312, 1.22562], [29.47312, 1.22562], [29.47229, 1.2163], [29.47387, 1.20963], [29.47022, 1.20588], [29.46875, 1.20437], [29.46427, 1.19976], [29.46037, 1.19195], [29.45488, 1.18989], [29.4494, 1.18783], [29.44508, 1.19841], [29.4412, 1.20141], [29.43595, 1.20141], [29.43389, 1.19889], [29.44392, 1.18784], [29.44342, 1.18714], [29.44316, 1.18677], [29.44208, 1.18526], [29.44187, 1.18496], [29.44163, 1.18462], [29.43703, 1.18231], [29.43628, 1.18194], [29.43508, 1.18134], [29.43426, 1.18092], [29.43386, 1.18072], [29.43128, 1.18215], [29.42427, 1.18603], [29.41584, 1.18404], [29.41521, 1.18389], [29.4146, 1.18375], [29.41262, 1.18329], [29.40669, 1.17343], [29.40625, 1.17269], [29.4053, 1.17111], [29.40552, 1.16835], [29.40881, 1.16801], [29.40956, 1.16794], [29.41237, 1.16765], [29.41397, 1.16535], [29.40344, 1.15111], [29.39864, 1.14583], [29.39749, 1.141], [29.39908, 1.13433], [29.39519, 1.12698], [29.38833, 1.12032], [29.37392, 1.11161], [29.37232, 1.10471], [29.37641, 1.09229], [29.37526, 1.08195], [29.37776, 1.07597], [29.37637, 1.06563], [29.37317, 1.05965], [29.37369, 1.05221], [29.37369, 1.05214], [29.37375, 1.05131], [29.37375, 1.0513], [29.37375, 1.0513], [29.37382, 1.05025], [29.37429, 1.04356], [29.37177, 1.04057], [29.36555, 1.03946], [29.36538, 1.03943], [29.36035, 1.03622], [29.35876, 1.03124], [29.35875, 1.03121], [29.35851, 1.03048], [29.35758, 1.01622], [29.35187, 1.01164], [29.35094, 1.00221], [29.35018, 0.99635], [29.35011, 0.99578], [29.35002, 0.99509], [29.34842, 0.99302], [29.33699, 0.98775], [29.32512, 0.98731], [29.31576, 0.99169], [29.31375, 0.99118], [29.31375, 0.99118], [29.31302, 0.991], [29.31191, 0.98933], [29.31191, 0.98933], [29.31183, 0.98921], [29.31175, 0.98909], [29.30072, 1.00278], [29.30001, 1.00366], [29.29111, 1.01469], [29.26833, 1.04258], [29.23742, 1.08851], [29.21952, 1.11148], [29.19348, 1.14429], [29.17069, 1.1689], [29.14631, 1.23614], [29.13493, 1.26894], [29.13659, 1.29846], [29.14313, 1.32468], [29.08941, 1.3772], [29.08518, 1.38196], [29.10572, 1.39686], [29.10825, 1.39863], [29.10898, 1.4073], [29.11023, 1.40878], [29.11125, 1.40792], [29.11375, 1.40708], [29.11458, 1.40792], [29.11708, 1.40792], [29.11875, 1.40958], [29.12958, 1.40958], [29.13625, 1.40125], [29.13875, 1.40208], [29.14375, 1.40625], [29.14792, 1.40625], [29.15125, 1.40875], [29.15625, 1.40792], [29.15708, 1.40875], [29.16292, 1.41542], [29.16542, 1.42458], [29.16542, 1.42708], [29.16375, 1.42875], [29.16375, 1.43042], [29.16542, 1.43208], [29.16875, 1.43208], [29.17125, 1.43042], [29.17875, 1.43042], [29.17958, 1.43125], [29.17958, 1.43542], [29.18458, 1.43708], [29.18625, 1.44042], [29.19375, 1.45208], [29.19458, 1.45292], [29.19542, 1.45375], [29.19542, 1.45792], [29.19792, 1.46042], [29.19792, 1.46708], [29.19458, 1.47042], [29.19292, 1.47042], [29.19125, 1.47208], [29.19542, 1.47625], [29.19875, 1.47375], [29.20042, 1.47375], [29.20292, 1.47458], [29.20625, 1.47792], [29.20792, 1.47792], [29.22292, 1.47792], [29.22458, 1.47958], [29.22542, 1.48875], [29.22708, 1.49125], [29.22292, 1.49458], [29.22042, 1.49792], [29.22042, 1.49958], [29.22208, 1.50292], [29.22542, 1.50542], [29.22542, 1.50708], [29.22708, 1.50875], [29.22708, 1.51125], [29.22958, 1.51542], [29.23375, 1.51958], [29.23708, 1.52125], [29.23708, 1.52375], [29.24042, 1.52625], [29.23708, 1.53042], [29.23708, 1.53458], [29.23792, 1.53542], [29.23792, 1.54125], [29.24125, 1.54375], [29.24042, 1.54458], [29.24042, 1.54708], [29.23875, 1.54875], [29.23042, 1.55125], [29.22958, 1.55875], [29.23042, 1.55958], [29.23042, 1.56208], [29.22625, 1.56542], [29.22542, 1.57208], [29.22625, 1.57375], [29.22625, 1.57625], [29.22208, 1.58042], [29.22208, 1.58292], [29.22042, 1.58458], [29.22042, 1.58625], [29.21792, 1.58875], [29.21792, 1.59125], [29.21208, 1.59542], [29.21208, 1.59708], [29.21542, 1.60042], [29.21458, 1.60125], [29.21458, 1.60792], [29.21708, 1.61042], [29.21708, 1.61625], [29.21875, 1.62042], [29.22042, 1.62208], [29.22625, 1.62125], [29.22875, 1.62542], [29.22875, 1.62792], [29.22458, 1.63125], [29.22292, 1.63375], [29.22875, 1.63542], [29.23042, 1.63708], [29.23125, 1.63625], [29.23458, 1.63958], [29.23458, 1.64125], [29.23625, 1.64375], [29.24958, 1.64792], [29.24044, 1.69019], [29.23946, 1.6959], [29.23781, 1.7056], [29.22422, 1.78518], [29.19081, 1.85986], [29.1766, 1.97544], [29.13611, 2.12477], [29.06446, 2.23322], [29.01163, 2.30858], [29.01032, 2.30861], [29.00846, 2.30769], [29.00762, 2.30728], [29.00695, 2.30695], [29.00649, 2.3065], [29.00634, 2.30636], [29.00479, 2.30483], [29.00404, 2.30408], [28.99986, 2.29915], [28.99567, 2.29233], [28.98674, 2.29443], [28.98106, 2.29834], [28.98177, 2.30093], [28.98209, 2.30207], [28.98575, 2.31532], [28.98815, 2.32401], [28.99388, 2.33597], [29.00052, 2.34355], [28.99709, 2.34793], [29.00053, 2.35713], [28.99825, 2.36496], [28.98751, 2.37279], [28.98638, 2.38913], [28.97815, 2.39719], [28.97404, 2.40571], [28.97222, 2.41376], [28.96879, 2.41676], [28.96742, 2.4232], [28.96971, 2.42918], [28.97451, 2.42389], [28.98252, 2.42043], [28.99028, 2.40661], [28.99875, 2.40776], [29.00515, 2.41373], [29.01179, 2.41465], [29.01568, 2.41924], [29.01911, 2.41878], [29.02322, 2.40957], [29.02445, 2.4087], [29.02566, 2.40785], [29.02647, 2.40728], [29.02779, 2.40635], [29.03167, 2.39483], [29.04247, 2.40054], [29.0439, 2.40407], [29.03992, 2.42181], [29.04506, 2.42385], [29.053, 2.427], [29.06578, 2.43586], [29.07205, 2.43725], [29.08239, 2.4294], [29.08271, 2.42931], [29.09555, 2.42579], [29.09305, 2.43081], [29.08671, 2.44356], [29.09375, 2.45203], [29.11036, 2.44557], [29.11949, 2.45474], [29.12715, 2.45682], [29.13477, 2.45466], [29.14786, 2.44467], [29.15094, 2.43921], [29.15244, 2.43654], [29.16626, 2.41198], [29.17518, 2.40131], [29.18007, 2.41259], [29.18141, 2.41558], [29.18141, 2.41558], [29.19085, 2.43667], [29.19927, 2.44442], [29.20426, 2.45574], [29.20512, 2.47062], [29.20521, 2.47907], [29.2053, 2.48692], [29.20299, 2.52946], [29.20864, 2.53793], [29.22925, 2.54372], [29.2354, 2.52415], [29.23811, 2.51996], [29.23995, 2.51712], [29.2405, 2.51627], [29.25595, 2.49237], [29.26302, 2.47303], [29.26873, 2.46612], [29.27236, 2.44357], [29.28402, 2.44194], [29.29843, 2.43433], [29.30161, 2.42443], [29.3103, 2.41797]]]}}, {"type": "Feature", "properties": {"zone": "Aru", "province": "Ituri", "confirmed_cases": 8, "confirmed_deaths": 6}, "geometry": {"type": "Polygon", "coordinates": [[[30.80048, 2.68532], [30.80047, 2.68532], [30.78386, 2.69141], [30.77294, 2.70451], [30.76437, 2.71764], [30.75232, 2.72879], [30.7418, 2.72678], [30.73294, 2.72129], [30.73188, 2.71999], [30.72687, 2.71388], [30.72141, 2.71751], [30.71949, 2.71879], [30.71531, 2.72156], [30.70437, 2.73543], [30.69312, 2.74621], [30.67933, 2.74921], [30.67122, 2.74489], [30.66108, 2.7142], [30.64861, 2.69744], [30.63308, 2.67756], [30.61959, 2.66971], [30.60695, 2.67389], [30.60114, 2.68586], [30.59927, 2.69748], [30.59936, 2.70229], [30.59943, 2.70601], [30.60153, 2.70771], [30.60175, 2.70788], [30.60671, 2.71188], [30.61717, 2.71622], [30.62095, 2.72128], [30.62584, 2.74341], [30.62749, 2.7435], [30.63044, 2.74365], [30.63444, 2.74386], [30.63965, 2.74424], [30.63965, 2.74425], [30.6403, 2.74429], [30.64325, 2.75129], [30.64226, 2.75903], [30.63921, 2.76109], [30.63334, 2.76503], [30.62537, 2.77019], [30.62533, 2.77022], [30.62414, 2.77099], [30.62375, 2.77124], [30.62365, 2.77131], [30.62349, 2.77141], [30.61002, 2.77345], [30.6079, 2.77377], [30.60789, 2.77378], [30.60789, 2.77377], [30.60789, 2.77377], [30.60128, 2.77163], [30.58798, 2.76273], [30.58172, 2.75855], [30.58172, 2.75855], [30.57979, 2.76818], [30.58157, 2.77545], [30.58354, 2.78589], [30.58404, 2.7945], [30.58549, 2.80808], [30.58747, 2.82186], [30.59462, 2.8359], [30.60123, 2.84885], [30.60488, 2.86252], [30.60591, 2.86982], [30.60797, 2.88453], [30.61261, 2.90015], [30.60684, 2.90966], [30.61017, 2.927], [30.61794, 2.92915], [30.62268, 2.93587], [30.62372, 2.94592], [30.62621, 2.94856], [30.63571, 2.95925], [30.64109, 2.96708], [30.64812, 2.97732], [30.65404, 2.98107], [30.66811, 2.98071], [30.68412, 2.98114], [30.69131, 2.98814], [30.69917, 2.99313], [30.70559, 2.99742], [30.71594, 2.99598], [30.72454, 2.99702], [30.73082, 2.99777], [30.73785, 2.99862], [30.7468, 3.00229], [30.75415, 3.00951], [30.7577, 3.02169], [30.76579, 3.02664], [30.77024, 3.03028], [30.77025, 3.03029], [30.77468, 3.02426], [30.78, 3.017], [30.78068, 3.0164], [30.7808, 3.01636], [30.78398, 3.01382], [30.788, 3.01], [30.796, 3.007], [30.805, 3.001], [30.812, 3.0], [30.816, 2.996], [30.828, 2.978], [30.846, 2.962], [30.85281, 2.94376], [30.861, 2.92], [30.864, 2.912], [30.86638, 2.90922], [30.86782, 2.90754], [30.88888, 2.88282], [30.89044, 2.87136], [30.88976, 2.86861], [30.88656, 2.85559], [30.881, 2.833], [30.879, 2.823], [30.87, 2.802], [30.87, 2.801], [30.861, 2.791], [30.848, 2.773], [30.839, 2.768], [30.829, 2.756], [30.817, 2.727], [30.816, 2.722], [30.804, 2.697], [30.80048, 2.68532], [30.80048, 2.68532]]]}}, {"type": "Feature", "properties": {"zone": "Masereka", "province": "Nord-Kivu", "confirmed_cases": 34, "confirmed_deaths": 11}, "geometry": {"type": "Polygon", "coordinates": [[[29.25827, 0.02015], [29.25927, 0.01944], [29.26013, 0.01944], [29.26141, 0.01908], [29.26263, 0.01908], [29.26348, 0.01951], [29.26413, 0.02001], [29.26484, 0.02072], [29.26591, 0.02022], [29.26713, 0.02079], [29.26812, 0.02051], [29.2692, 0.02001], [29.27019, 0.0193], [29.27191, 0.01922], [29.27426, 0.01915], [29.27555, 0.01915], [29.27726, 0.01901], [29.27805, 0.01837], [29.27876, 0.01751], [29.27933, 0.01701], [29.28055, 0.01687], [29.28147, 0.01687], [29.28283, 0.01658], [29.28376, 0.01687], [29.28426, 0.01787], [29.28511, 0.01837], [29.28583, 0.01844], [29.28754, 0.01808], [29.28847, 0.01737], [29.28975, 0.01708], [29.29075, 0.01665], [29.29197, 0.01665], [29.29282, 0.01737], [29.29347, 0.01744], [29.29461, 0.01744], [29.29715, 0.01757], [29.29715, 0.01758], [29.29715, 0.01758], [29.30248, 0.01048], [29.31913, 0.00334], [29.31913, -0.01331], [29.31913, -0.02997], [29.31438, -0.04425], [29.3001, -0.05614], [29.29772, -0.07042], [29.30962, -0.07994], [29.32865, -0.08708], [29.34531, -0.09184], [29.36196, -0.10611], [29.38814, -0.11563], [29.40242, -0.12991], [29.40872, -0.12991], [29.41007, -0.13609], [29.41717, -0.1332], [29.42105, -0.13162], [29.4283, -0.12764], [29.43225, -0.127], [29.43916, -0.12622], [29.4454, -0.12639], [29.45165, -0.12736], [29.45839, -0.12962], [29.46266, -0.13186], [29.4817, -0.14102], [29.48631, -0.14214], [29.49502, -0.14152], [29.5062, -0.14346], [29.51475, -0.14412], [29.52199, -0.14414], [29.52725, -0.14479], [29.53906, -0.15248], [29.54402, -0.15068], [29.54933, -0.14977], [29.55484, -0.14847], [29.56116, -0.14826], [29.57023, -0.14567], [29.57381, -0.14504], [29.57824, -0.14461], [29.58409, -0.14218], [29.58949, -0.14102], [29.59263, -0.13883], [29.59913, -0.13776], [29.60482, -0.13694], [29.60704, -0.13749], [29.60799, -0.13751], [29.60903, -0.13724], [29.61382, -0.13477], [29.61559, -0.13409], [29.61986, -0.13356], [29.62168, -0.13308], [29.6249, -0.13294], [29.63059, -0.13128], [29.63234, -0.13129], [29.6365, -0.13017], [29.64001, -0.12975], [29.64142, -0.12939], [29.64301, -0.12869], [29.645, -0.12752], [29.64738, -0.12597], [29.65007, -0.12392], [29.65239, -0.12185], [29.65401, -0.11904], [29.65494, -0.11806], [29.65766, -0.11657], [29.66, -0.1155], [29.66719, -0.11324], [29.67095, -0.11172], [29.67424, -0.11018], [29.67648, -0.10891], [29.67836, -0.1076], [29.68142, -0.10449], [29.68272, -0.10276], [29.68299, -0.10061], [29.68321, -0.09997], [29.68479, -0.09777], [29.68642, -0.09617], [29.687, -0.09435], [29.68903, -0.091], [29.68969, -0.08893], [29.69184, -0.08598], [29.69283, -0.08301], [29.69362, -0.08193], [29.6963, -0.07888], [29.69657, -0.07754], [29.69661, -0.07555], [29.69719, -0.07521], [29.69807, -0.07385], [29.69885, -0.07333], [29.70018, -0.07312], [29.70368, -0.07305], [29.70456, -0.0727], [29.70511, -0.07189], [29.70468, -0.07154], [29.70188, -0.0719], [29.70026, -0.07188], [29.69786, -0.07155], [29.6973, -0.07133], [29.69671, -0.07089], [29.69675, -0.06965], [29.69713, -0.06876], [29.69932, -0.06812], [29.70128, -0.0663], [29.70187, -0.06597], [29.70248, -0.06677], [29.70285, -0.06794], [29.70365, -0.06805], [29.70412, -0.0677], [29.70552, -0.06949], [29.70658, -0.06868], [29.70725, -0.06863], [29.70954, -0.06945], [29.71283, -0.07157], [29.71521, -0.0725], [29.71652, -0.07282], [29.71959, -0.07323], [29.72452, -0.07463], [29.72545, -0.07449], [29.72651, -0.07327], [29.72921, -0.07333], [29.73321, -0.07277], [29.73631, -0.07281], [29.73979, -0.07314], [29.74257, -0.0737], [29.74596, -0.0746], [29.75261, -0.07786], [29.75286, -0.07736], [29.7527, -0.07685], [29.74856, -0.07474], [29.748, -0.07433], [29.74809, -0.07399], [29.7486, -0.0737], [29.75081, -0.07309], [29.75269, -0.07154], [29.75471, -0.07077], [29.75584, -0.06964], [29.75774, -0.06731], [29.75782, -0.06808], [29.7574, -0.07151], [29.75707, -0.07673], [29.75299, -0.08562], [29.74925, -0.09892], [29.74177, -0.11025], [29.74228, -0.11988], [29.74395, -0.13869], [29.74622, -0.16442], [29.73473, -0.21351], [29.72218, -0.26714], [29.70436, -0.3433], [29.69347, -0.38986], [29.6831, -0.38168], [29.67839, -0.37899], [29.66965, -0.37361], [29.66226, -0.36958], [29.65217, -0.35815], [29.63738, -0.34807], [29.62125, -0.33731], [29.60848, -0.32857], [29.59436, -0.31916], [29.57957, -0.30437], [29.5715, -0.29227], [29.55604, -0.28084], [29.54461, -0.26807], [29.5352, -0.26068], [29.52714, -0.24656], [29.51436, -0.22908], [29.50697, -0.22101], [29.49621, -0.21093], [29.4851, -0.19878], [29.48485, -0.1987], [29.48431, -0.19852], [29.48326, -0.19747], [29.48233, -0.19691], [29.48136, -0.19519], [29.47423, -0.19186], [29.46828, -0.19162], [29.46352, -0.19138], [29.45567, -0.19043], [29.4471, -0.18424], [29.4421, -0.18115], [29.43616, -0.17996], [29.43306, -0.17734], [29.42878, -0.17568], [29.42616, -0.1733], [29.42093, -0.17092], [29.41974, -0.16973], [29.4145, -0.16806], [29.40951, -0.16378], [29.40356, -0.15974], [29.40304, -0.15946], [29.39737, -0.1564], [29.39261, -0.15498], [29.38999, -0.1526], [29.38404, -0.14879], [29.37857, -0.14689], [29.3712, -0.14332], [29.36334, -0.13832], [29.35644, -0.13689], [29.35216, -0.13285], [29.34978, -0.1319], [29.34407, -0.12999], [29.34098, -0.12761], [29.33669, -0.12642], [29.33098, -0.12619], [29.32765, -0.12666], [29.32384, -0.1269], [29.32099, -0.12547], [29.32099, -0.12285], [29.31766, -0.12], [29.31314, -0.11928], [29.30933, -0.11928], [29.30576, -0.11786], [29.301, -0.11714], [29.29743, -0.11667], [29.2941, -0.11524], [29.28982, -0.11357], [29.28197, -0.10977], [29.27935, -0.10596], [29.27649, -0.10429], [29.26674, -0.10215], [29.26269, -0.10168], [29.26269, -0.09763], [29.26198, -0.09478], [29.25984, -0.0943], [29.25555, -0.09311], [29.25413, -0.08978], [29.25413, -0.08645], [29.25365, -0.08216], [29.2527, -0.07979], [29.24984, -0.07979], [29.24604, -0.08026], [29.24604, -0.07837], [29.24723, -0.07599], [29.24746, -0.07337], [29.24746, -0.07337], [29.24746, -0.07336], [29.24342, -0.07384], [29.23914, -0.07336], [29.23818, -0.06979], [29.2358, -0.06979], [29.23271, -0.07003], [29.23081, -0.06932], [29.23033, -0.06717], [29.22867, -0.06504], [29.22944, -0.0613], [29.22944, -0.06129], [29.22944, -0.06129], [29.22944, -0.06057], [29.22896, -0.05926], [29.22896, -0.05807], [29.22873, -0.05582], [29.22932, -0.05368], [29.22932, -0.05367], [29.22932, -0.05367], [29.22932, -0.05201], [29.22861, -0.05082], [29.22778, -0.04951], [29.22801, -0.04869], [29.22884, -0.0475], [29.22908, -0.04571], [29.22908, -0.0457], [29.22908, -0.0457], [29.22896, -0.04392], [29.2292, -0.04238], [29.2298, -0.04095], [29.23003, -0.03988], [29.23122, -0.03869], [29.2317, -0.0375], [29.23169, -0.0375], [29.2317, -0.03749], [29.23075, -0.03737], [29.22873, -0.03749], [29.22539, -0.03832], [29.22147, -0.03844], [29.21921, -0.03797], [29.21921, -0.03667], [29.2204, -0.03548], [29.22147, -0.03453], [29.22208, -0.03396], [29.22315, -0.03324], [29.22465, -0.03331], [29.22587, -0.03296], [29.22701, -0.03203], [29.22836, -0.03182], [29.22965, -0.03074], [29.23108, -0.03003], [29.23208, -0.02903], [29.23272, -0.02782], [29.23293, -0.02675], [29.23315, -0.02539], [29.23386, -0.02403], [29.23386, -0.02403], [29.23386, -0.02402], [29.2333, -0.02317], [29.23465, -0.02239], [29.2355, -0.02175], [29.23593, -0.02111], [29.23714, -0.02118], [29.23836, -0.02104], [29.23914, -0.02004], [29.23957, -0.01925], [29.24028, -0.01904], [29.24078, -0.01904], [29.24136, -0.01854], [29.24171, -0.0179], [29.24228, -0.01761], [29.243, -0.0174], [29.24378, -0.01747], [29.24378, -0.01882], [29.24443, -0.01911], [29.24521, -0.01832], [29.246, -0.0179], [29.24628, -0.01711], [29.24685, -0.01664], [29.24755, -0.0154], [29.24861, -0.01496], [29.24959, -0.0139], [29.24959, -0.01388], [29.24959, -0.01388], [29.24959, -0.01212], [29.24835, -0.01212], [29.24782, -0.01132], [29.24817, -0.01009], [29.24817, -0.01009], [29.24817, -0.01008], [29.24773, -0.00849], [29.2472, -0.00699], [29.2472, -0.00628], [29.24711, -0.00495], [29.24702, -0.00336], [29.24614, -0.00239], [29.24508, -0.00159], [29.24481, 0.00071], [29.24472, 0.00193], [29.24517, 0.00414], [29.24623, 0.00538], [29.24773, 0.006], [29.24906, 0.00724], [29.25153, 0.00812], [29.25277, 0.00892], [29.25366, 0.01042], [29.25498, 0.01192], [29.25542, 0.01343], [29.25542, 0.01344], [29.25542, 0.01344], [29.25542, 0.01538], [29.25542, 0.0176], [29.2548, 0.01928], [29.2548, 0.0205], [29.25587, 0.02112], [29.2568, 0.02172], [29.25785, 0.02072], [29.25827, 0.02015]]]}}, {"type": "Feature", "properties": {"zone": "Oicha", "province": "Nord-Kivu", "confirmed_cases": 34, "confirmed_deaths": 16}, "geometry": {"type": "Polygon", "coordinates": [[[29.86267, 0.94054], [29.86275, 0.93157], [29.86276, 0.93075], [29.86138, 0.92546], [29.8617, 0.91976], [29.86195, 0.91531], [29.86196, 0.9151], [29.86204, 0.91374], [29.86184, 0.91196], [29.86181, 0.91171], [29.86166, 0.91037], [29.86166, 0.91037], [29.86018, 0.89742], [29.86496, 0.88983], [29.86839, 0.8889], [29.87524, 0.89073], [29.87683, 0.88819], [29.87496, 0.86659], [29.87883, 0.85785], [29.88248, 0.85508], [29.88794, 0.84749], [29.89524, 0.84379], [29.89864, 0.83436], [29.89977, 0.82425], [29.90575, 0.81729], [29.90414, 0.81716], [29.89436, 0.81516], [29.88087, 0.81102], [29.87416, 0.80688], [29.87173, 0.80474], [29.87073, 0.80338], [29.87044, 0.80188], [29.87002, 0.80081], [29.86902, 0.8001], [29.86802, 0.79981], [29.86645, 0.80103], [29.86445, 0.8021], [29.86131, 0.8016], [29.85959, 0.80117], [29.85724, 0.80003], [29.8569, 0.79982], [29.85538, 0.79889], [29.85303, 0.79917], [29.85096, 0.8006], [29.84932, 0.80153], [29.84824, 0.80203], [29.84682, 0.80181], [29.84603, 0.80017], [29.84525, 0.79853], [29.8446, 0.79703], [29.84339, 0.79603], [29.84068, 0.79689], [29.83868, 0.7971], [29.83711, 0.7971], [29.83632, 0.79539], [29.83568, 0.7936], [29.83361, 0.79246], [29.83126, 0.79189], [29.82935, 0.79046], [29.82769, 0.78927], [29.82709, 0.78832], [29.82769, 0.78713], [29.82792, 0.78558], [29.82804, 0.78428], [29.82638, 0.78285], [29.82554, 0.78082], [29.82531, 0.77892], [29.824, 0.77714], [29.82269, 0.77595], [29.82067, 0.7763], [29.81793, 0.77619], [29.81674, 0.77488], [29.8165, 0.77381], [29.81519, 0.77333], [29.814, 0.77428], [29.81305, 0.77666], [29.81139, 0.77785], [29.8096, 0.77761], [29.80877, 0.77583], [29.80841, 0.77392], [29.80889, 0.77131], [29.80758, 0.76905], [29.80591, 0.76774], [29.80246, 0.76619], [29.80187, 0.76417], [29.80389, 0.76322], [29.80556, 0.76155], [29.80698, 0.76036], [29.80663, 0.75834], [29.80663, 0.75691], [29.80734, 0.75584], [29.8096, 0.75501], [29.81079, 0.75227], [29.8121, 0.74977], [29.81258, 0.74775], [29.81139, 0.74608], [29.80925, 0.74585], [29.80675, 0.74656], [29.80508, 0.74656], [29.80306, 0.74597], [29.80151, 0.74454], [29.80068, 0.74252], [29.80092, 0.74073], [29.79985, 0.73907], [29.79794, 0.73883], [29.79568, 0.73811], [29.79366, 0.73835], [29.7914, 0.7374], [29.79033, 0.7355], [29.78843, 0.73466], [29.78616, 0.73466], [29.78474, 0.73562], [29.78248, 0.7368], [29.78069, 0.73621], [29.77926, 0.73633], [29.77819, 0.73752], [29.77688, 0.73776], [29.77605, 0.73657], [29.77403, 0.73562], [29.77248, 0.73609], [29.77141, 0.73859], [29.77129, 0.74085], [29.77022, 0.7418], [29.7682, 0.7418], [29.76772, 0.73942], [29.76749, 0.73776], [29.76606, 0.73633], [29.76404, 0.73562], [29.76178, 0.73431], [29.76023, 0.73359], [29.75844, 0.73347], [29.75583, 0.73502], [29.75357, 0.73716], [29.75035, 0.73752], [29.74857, 0.73799], [29.74678, 0.73728], [29.74524, 0.73692], [29.74286, 0.7355], [29.7425, 0.73466], [29.74274, 0.73324], [29.74226, 0.73157], [29.74107, 0.73086], [29.73965, 0.73169], [29.73798, 0.73276], [29.73596, 0.73181], [29.73513, 0.73002], [29.73524, 0.72717], [29.73382, 0.72372], [29.73417, 0.72146], [29.7337, 0.71967], [29.73156, 0.7192], [29.72918, 0.71836], [29.7289, 0.71744], [29.72839, 0.71686], [29.7277, 0.71681], [29.72736, 0.71686], [29.7273, 0.71755], [29.72718, 0.71795], [29.72678, 0.71801], [29.72633, 0.71721], [29.72564, 0.71738], [29.72553, 0.71801], [29.72495, 0.71835], [29.72461, 0.71784], [29.72461, 0.71709], [29.72432, 0.71721], [29.72381, 0.71772], [29.72301, 0.71744], [29.72318, 0.71658], [29.72227, 0.71578], [29.72192, 0.71538], [29.72101, 0.71498], [29.72049, 0.71418], [29.71958, 0.71406], [29.71872, 0.71366], [29.71706, 0.7132], [29.71603, 0.71257], [29.71483, 0.71206], [29.7142, 0.71189], [29.71409, 0.71149], [29.71346, 0.71137], [29.71317, 0.71177], [29.71271, 0.71177], [29.71214, 0.71114], [29.71134, 0.71103], [29.71083, 0.71103], [29.71146, 0.71189], [29.71134, 0.7124], [29.71083, 0.7124], [29.71014, 0.71206], [29.70957, 0.71189], [29.70963, 0.71126], [29.70911, 0.7108], [29.7086, 0.71052], [29.70808, 0.71092], [29.70797, 0.71132], [29.70717, 0.71109], [29.70694, 0.71029], [29.70648, 0.70954], [29.70562, 0.70891], [29.70413, 0.70817], [29.70385, 0.70737], [29.70373, 0.70674], [29.70345, 0.70623], [29.70373, 0.70565], [29.70316, 0.70491], [29.70299, 0.70451], [29.70168, 0.70422], [29.70139, 0.70382], [29.7007, 0.70377], [29.70007, 0.70359], [29.69904, 0.70325], [29.69824, 0.70342], [29.69784, 0.70297], [29.69739, 0.70205], [29.69681, 0.70165], [29.69716, 0.70068], [29.6967, 0.70039], [29.69613, 0.70016], [29.69573, 0.6997], [29.69498, 0.69959], [29.69487, 0.69908], [29.69464, 0.69833], [29.69401, 0.69839], [29.69395, 0.69919], [29.69355, 0.6997], [29.69281, 0.69993], [29.69235, 0.69999], [29.69178, 0.69936], [29.69069, 0.69845], [29.69064, 0.69776], [29.69127, 0.69719], [29.69098, 0.69656], [29.69018, 0.69656], [29.68961, 0.69667], [29.68898, 0.69593], [29.68886, 0.69519], [29.68846, 0.69433], [29.68766, 0.69399], [29.68686, 0.69461], [29.68589, 0.69427], [29.68509, 0.6937], [29.6844, 0.69307], [29.68383, 0.69353], [29.68291, 0.69358], [29.68291, 0.69296], [29.68223, 0.69256], [29.68154, 0.69244], [29.68137, 0.6917], [29.68131, 0.69113], [29.68097, 0.69061], [29.68046, 0.68992], [29.67994, 0.68878], [29.67903, 0.68827], [29.67863, 0.68769], [29.67822, 0.68712], [29.678, 0.68649], [29.67748, 0.68609], [29.67691, 0.68518], [29.67622, 0.68449], [29.67577, 0.68398], [29.67554, 0.68335], [29.67508, 0.68289], [29.67299, 0.68041], [29.67128, 0.67869], [29.66941, 0.67745], [29.66739, 0.67729], [29.66568, 0.67823], [29.66473, 0.67777], [29.66373, 0.67698], [29.66323, 0.67577], [29.66223, 0.67463], [29.66152, 0.67363], [29.66088, 0.67291], [29.65988, 0.67284], [29.65859, 0.67241], [29.65817, 0.6717], [29.65809, 0.6707], [29.65788, 0.66992], [29.65695, 0.66906], [29.65617, 0.66899], [29.65495, 0.66813], [29.65445, 0.66756], [29.65403, 0.6667], [29.65374, 0.66599], [29.6531, 0.66506], [29.65303, 0.66406], [29.65295, 0.66285], [29.65253, 0.66221], [29.65174, 0.66192], [29.65074, 0.66213], [29.6501, 0.66213], [29.64967, 0.66149], [29.64946, 0.66064], [29.64946, 0.65935], [29.6491, 0.65857], [29.64824, 0.65757], [29.64817, 0.65642], [29.64767, 0.6555], [29.64682, 0.65485], [29.64546, 0.65471], [29.64467, 0.654], [29.64375, 0.65335], [29.64389, 0.6525], [29.64317, 0.6515], [29.64317, 0.65078], [29.64289, 0.64993], [29.64218, 0.64921], [29.64125, 0.649], [29.64053, 0.64864], [29.63975, 0.64714], [29.63903, 0.64664], [29.63868, 0.64593], [29.63711, 0.64579], [29.63661, 0.64479], [29.63532, 0.64457], [29.63482, 0.64393], [29.63418, 0.64322], [29.63332, 0.6425], [29.63211, 0.64229], [29.63104, 0.64222], [29.62961, 0.64265], [29.62876, 0.64243], [29.62833, 0.64186], [29.6274, 0.64165], [29.62711, 0.64101], [29.6264, 0.64022], [29.6249, 0.64008], [29.62461, 0.63958], [29.62297, 0.63915], [29.62212, 0.63865], [29.62083, 0.63808], [29.61976, 0.63744], [29.61848, 0.63715], [29.61712, 0.63637], [29.61569, 0.63601], [29.61426, 0.63608], [29.61291, 0.63665], [29.61205, 0.63736], [29.61162, 0.63786], [29.60984, 0.63708], [29.60805, 0.63686], [29.60684, 0.63601], [29.60577, 0.63544], [29.60377, 0.63508], [29.60256, 0.63465], [29.60177, 0.6338], [29.60063, 0.63351], [29.59906, 0.63337], [29.59827, 0.63244], [29.5972, 0.63251], [29.59599, 0.63251], [29.59499, 0.63237], [29.59399, 0.63194], [29.59299, 0.6318], [29.59221, 0.63044], [29.59214, 0.62923], [29.59142, 0.62858], [29.59085, 0.62716], [29.59121, 0.62623], [29.59049, 0.62551], [29.58935, 0.62444], [29.58864, 0.62337], [29.58842, 0.62209], [29.58799, 0.62045], [29.58735, 0.61938], [29.58678, 0.61831], [29.5855, 0.61766], [29.58421, 0.61738], [29.58293, 0.61688], [29.58264, 0.61616], [29.58178, 0.61602], [29.581, 0.61516], [29.58036, 0.61438], [29.57879, 0.61281], [29.57757, 0.61209], [29.57686, 0.61138], [29.57629, 0.61052], [29.57615, 0.6096], [29.5755, 0.60924], [29.57429, 0.6091], [29.5735, 0.60881], [29.57258, 0.60745], [29.57108, 0.6071], [29.57058, 0.60631], [29.57008, 0.60574], [29.56929, 0.60496], [29.56836, 0.60439], [29.56779, 0.60324], [29.56694, 0.60217], [29.56601, 0.60089], [29.56572, 0.59989], [29.56522, 0.59917], [29.5643, 0.59846], [29.56273, 0.59725], [29.56144, 0.59632], [29.56073, 0.59525], [29.5598, 0.59403], [29.55901, 0.59311], [29.55751, 0.59211], [29.55666, 0.59189], [29.5558, 0.59175], [29.55502, 0.59146], [29.55487, 0.59025], [29.55444, 0.58911], [29.55323, 0.58875], [29.55216, 0.58847], [29.55066, 0.58825], [29.5498, 0.58775], [29.54873, 0.5874], [29.54709, 0.58725], [29.54581, 0.58718], [29.54481, 0.58718], [29.54374, 0.58611], [29.54302, 0.58483], [29.54217, 0.58347], [29.5416, 0.58233], [29.5401, 0.58111], [29.53917, 0.57983], [29.53853, 0.57876], [29.53738, 0.57854], [29.53617, 0.57797], [29.53531, 0.57797], [29.53503, 0.57719], [29.53424, 0.57683], [29.5331, 0.57776], [29.53203, 0.57776], [29.53132, 0.57712], [29.52982, 0.57726], [29.52903, 0.57797], [29.52853, 0.57904], [29.52782, 0.57783], [29.52653, 0.57797], [29.52511, 0.57819], [29.52375, 0.57919], [29.52332, 0.58019], [29.52239, 0.5809], [29.52204, 0.5819], [29.52239, 0.58326], [29.52182, 0.58354], [29.52089, 0.5824], [29.52032, 0.58183], [29.51932, 0.58254], [29.51854, 0.58169], [29.5174, 0.58097], [29.51625, 0.58033], [29.51547, 0.5804], [29.51454, 0.57976], [29.51361, 0.57897], [29.51276, 0.57804], [29.51204, 0.57776], [29.51183, 0.57662], [29.51111, 0.57569], [29.5104, 0.57512], [29.50912, 0.57362], [29.50804, 0.57312], [29.49447, 0.57249], [29.48475, 0.57152], [29.47068, 0.57011], [29.45521, 0.56892], [29.4502, 0.56853], [29.44589, 0.56546], [29.44356, 0.56546], [29.44086, 0.56546], [29.43943, 0.56546], [29.43745, 0.5651], [29.43601, 0.56348], [29.43511, 0.56186], [29.43386, 0.55989], [29.4326, 0.55881], [29.42973, 0.55989], [29.42829, 0.55899], [29.42667, 0.55755], [29.42524, 0.55827], [29.42254, 0.55845], [29.42021, 0.55809], [29.41697, 0.55791], [29.41428, 0.55648], [29.41194, 0.55791], [29.41087, 0.55683], [29.40943, 0.55683], [29.40781, 0.55827], [29.40602, 0.55845], [29.40207, 0.55863], [29.39973, 0.55683], [29.39811, 0.55486], [29.3965, 0.55522], [29.39362, 0.55683], [29.39165, 0.55683], [29.38949, 0.55881], [29.38806, 0.56025], [29.3868, 0.56097], [29.38554, 0.5624], [29.3841, 0.56474], [29.38195, 0.5642], [29.38033, 0.56312], [29.37836, 0.56312], [29.37674, 0.56312], [29.37477, 0.56366], [29.37405, 0.56438], [29.37171, 0.56581], [29.36992, 0.56779], [29.3683, 0.56887], [29.36758, 0.56977], [29.36686, 0.57246], [29.36578, 0.5739], [29.36399, 0.573], [29.36273, 0.57354], [29.36291, 0.57641], [29.36165, 0.57875], [29.36076, 0.58216], [29.36022, 0.58449], [29.35896, 0.58665], [29.35644, 0.58665], [29.35483, 0.58701], [29.35285, 0.58881], [29.35267, 0.59168], [29.35106, 0.59312], [29.34998, 0.59312], [29.348, 0.59437], [29.34675, 0.59689], [29.34459, 0.59922], [29.34432, 0.59968], [29.34352, 0.60101], [29.34352, 0.60403], [29.34351, 0.60406], [29.34351, 0.60407], [29.34244, 0.60802], [29.34046, 0.61126], [29.33866, 0.61377], [29.33813, 0.61661], [29.33813, 0.61661], [29.33812, 0.61664], [29.33705, 0.61897], [29.33687, 0.62038], [29.33687, 0.62038], [29.33687, 0.62042], [29.33507, 0.62113], [29.334, 0.62414], [29.33925, 0.62505], [29.34747, 0.62274], [29.3591, 0.61629], [29.36135, 0.61643], [29.36617, 0.61674], [29.36708, 0.61536], [29.36434, 0.61261], [29.36502, 0.611], [29.38126, 0.59632], [29.38303, 0.59739], [29.39218, 0.60293], [29.40927, 0.60405], [29.42209, 0.60639], [29.43372, 0.60851], [29.44526, 0.61194], [29.45688, 0.61539], [29.47392, 0.6253], [29.46952, 0.64872], [29.43191, 0.65133], [29.41134, 0.6658], [29.39428, 0.67145], [29.38945, 0.68369], [29.37675, 0.69704], [29.36286, 0.6931], [29.35014, 0.7042], [29.34701, 0.70979], [29.34731, 0.7118], [29.34762, 0.71341], [29.35428, 0.7175], [29.36123, 0.72361], [29.37009, 0.747], [29.37056, 0.75343], [29.36435, 0.76381], [29.36572, 0.77587], [29.36955, 0.78756], [29.36942, 0.79201], [29.3691, 0.80362], [29.3706, 0.81328], [29.37026, 0.81671], [29.37025, 0.81689], [29.36973, 0.82211], [29.37751, 0.82782], [29.38267, 0.82563], [29.38267, 0.82563], [29.38674, 0.82086], [29.38837, 0.81895], [29.3889, 0.81878], [29.39612, 0.81641], [29.39799, 0.81281], [29.39863, 0.81158], [29.40456, 0.80997], [29.40959, 0.81501], [29.41393, 0.81549], [29.41576, 0.8157], [29.41988, 0.82327], [29.4297, 0.83015], [29.44204, 0.83404], [29.44478, 0.83726], [29.44708, 0.84737], [29.45188, 0.85196], [29.45486, 0.85862], [29.45806, 0.86022], [29.47495, 0.85303], [29.4754, 0.85284], [29.47599, 0.85205], [29.48132, 0.84501], [29.48611, 0.84202], [29.48868, 0.83174], [29.48988, 0.82693], [29.49147, 0.82055], [29.49294, 0.8113], [29.49457, 0.80102], [29.50964, 0.79021], [29.52114, 0.78986], [29.53686, 0.78872], [29.53231, 0.80625], [29.52912, 0.81304], [29.52913, 0.81451], [29.52914, 0.81532], [29.52922, 0.8234], [29.52923, 0.82472], [29.52924, 0.8259], [29.52887, 0.83015], [29.52877, 0.83119], [29.52862, 0.83296], [29.52821, 0.83753], [29.52164, 0.8471], [29.52085, 0.85432], [29.52291, 0.86117], [29.5285, 0.86244], [29.53735, 0.86334], [29.54754, 0.86948], [29.55979, 0.87484], [29.56672, 0.87371], [29.57253, 0.87096], [29.58595, 0.86188], [29.59086, 0.86073], [29.60014, 0.86123], [29.60796, 0.85851], [29.61384, 0.85456], [29.61875, 0.85341], [29.62319, 0.85346], [29.62749, 0.85632], [29.62791, 0.86355], [29.62617, 0.87357], [29.62735, 0.88162], [29.63399, 0.88611], [29.63673, 0.89538], [29.64087, 0.90105], [29.64853, 0.90153], [29.65912, 0.90768], [29.66365, 0.90612], [29.66895, 0.89775], [29.68148, 0.88388], [29.68162, 0.88373], [29.68175, 0.88358], [29.68291, 0.8823], [29.68383, 0.88128], [29.68551, 0.87942], [29.68555, 0.87937], [29.68574, 0.87916], [29.68575, 0.87916], [29.68893, 0.87566], [29.69073, 0.87379], [29.69075, 0.87378], [29.69094, 0.87357], [29.69599, 0.86833], [29.70469, 0.86441], [29.71441, 0.86411], [29.72388, 0.86518], [29.72679, 0.86551], [29.73225, 0.87128], [29.73251, 0.87156], [29.73525, 0.87445], [29.73879, 0.87473], [29.74096, 0.8749], [29.7419, 0.87757], [29.74532, 0.88731], [29.74351, 0.89696], [29.74919, 0.90186], [29.75185, 0.9051], [29.75615, 0.90796], [29.76295, 0.90924], [29.77466, 0.90858], [29.7808, 0.90823], [29.78692, 0.9071], [29.79364, 0.90647], [29.79464, 0.90638], [29.79475, 0.90648], [29.79811, 0.90963], [29.80471, 0.91025], [29.80726, 0.9105], [29.80776, 0.91054], [29.81092, 0.91491], [29.81304, 0.91783], [29.81673, 0.9243], [29.82165, 0.93078], [29.82603, 0.93203], [29.83024, 0.9365], [29.83806, 0.94141], [29.84336, 0.94066], [29.85148, 0.93995], [29.85484, 0.94521], [29.85523, 0.94576], [29.86121, 0.9542], [29.86249, 0.95073], [29.86257, 0.95052], [29.86258, 0.94993], [29.86258, 0.9498], [29.86267, 0.94062], [29.86267, 0.94054]]]}}, {"type": "Feature", "properties": {"zone": "Mahagi", "province": "Ituri", "confirmed_cases": 4, "confirmed_deaths": 1}, "geometry": {"type": "Polygon", "coordinates": [[[30.92399, 2.3373], [30.931, 2.336], [30.937, 2.34], [30.941, 2.353], [30.94005, 2.35998], [30.938, 2.375], [30.944, 2.393], [30.948, 2.398], [30.961, 2.406], [30.971, 2.40704], [30.98438, 2.40883], [30.9953, 2.40253], [31.00104, 2.39783], [31.02179, 2.38339], [31.0316, 2.38487], [31.03544, 2.38545], [31.057, 2.36551], [31.06562, 2.34933], [31.06567, 2.34925], [31.069, 2.343], [31.07063, 2.33728], [31.07121, 2.33527], [31.073, 2.329], [31.07442, 2.32135], [31.076, 2.31281], [31.076, 2.31124], [31.076, 2.303], [31.078, 2.301], [31.092, 2.293], [31.10119, 2.28534], [31.09893, 2.27823], [31.09898, 2.27799], [31.09912, 2.27789], [31.09907, 2.27749], [31.09833, 2.27133], [31.09833, 2.26276], [31.09762, 2.25491], [31.09333, 2.24634], [31.08619, 2.23992], [31.08024, 2.22911], [31.06671, 2.20312], [31.07016, 2.20049], [31.06335, 2.19566], [31.06192, 2.18995], [31.05978, 2.18138], [31.05693, 2.17496], [31.05693, 2.17139], [31.04979, 2.16996], [31.04336, 2.17424], [31.03123, 2.17496], [31.02837, 2.16925], [31.02123, 2.16782], [31.01195, 2.16639], [31.00553, 2.16639], [30.9934, 2.16282], [30.99411, 2.17067], [30.99268, 2.18281], [30.99197, 2.18923], [30.98911, 2.1928], [30.9834, 2.19566], [30.97766, 2.19968], [30.97766, 2.20601], [30.97397, 2.21497], [30.97292, 2.22077], [30.97556, 2.2292], [30.97397, 2.23658], [30.96923, 2.24343], [30.9629, 2.2466], [30.955, 2.24871], [30.94867, 2.25134], [30.94312, 2.25653], [30.9425, 2.26007], [30.93909, 2.2619], [30.9361, 2.26349], [30.93347, 2.26312], [30.92987, 2.26288], [30.92792, 2.26172], [30.92732, 2.2613], [30.9259, 2.26032], [30.92151, 2.25989], [30.91571, 2.2641], [30.91211, 2.26532], [30.9079, 2.26672], [30.90289, 2.26727], [30.88568, 2.27252], [30.87988, 2.27588], [30.8703, 2.27832], [30.86404, 2.28142], [30.86328, 2.28168], [30.85431, 2.28473], [30.84851, 2.28711], [30.84332, 2.28912], [30.84027, 2.28949], [30.83691, 2.2915], [30.8335, 2.29248], [30.82648, 2.29492], [30.82428, 2.29669], [30.82013, 2.29749], [30.81311, 2.30029], [30.80511, 2.30389], [30.79529, 2.30969], [30.79187, 2.31171], [30.78833, 2.3139], [30.78272, 2.31373], [30.78247, 2.31372], [30.78239, 2.31379], [30.77831, 2.31379], [30.77038, 2.32336], [30.75366, 2.33654], [30.75506, 2.34815], [30.75506, 2.35618], [30.75595, 2.36154], [30.75863, 2.37135], [30.75774, 2.38563], [30.75863, 2.39366], [30.75685, 2.40348], [30.75774, 2.41151], [30.76309, 2.41686], [30.76577, 2.42221], [30.76518, 2.42826], [30.761, 2.437], [30.769, 2.44], [30.775, 2.441], [30.78269, 2.43883], [30.79289, 2.4344], [30.79303, 2.43433], [30.79463, 2.43364], [30.803, 2.43], [30.834, 2.426], [30.858, 2.39], [30.87212, 2.36177], [30.87494, 2.35613], [30.87891, 2.3495], [30.881, 2.346], [30.886, 2.344], [30.89788, 2.34192], [30.91456, 2.339], [30.91878, 2.33826], [30.92399, 2.3373]]]}}, {"type": "Feature", "properties": {"zone": "Makiso-Kisangani", "province": "Tshopo", "confirmed_cases": 27, "confirmed_deaths": 11}, "geometry": {"type": "Polygon", "coordinates": [[[25.2751, 0.59679], [25.28628, 0.5817], [25.29499, 0.57086], [25.29499, 0.57086], [25.29886, 0.57072], [25.43306, 0.56585], [25.42687, 0.55536], [25.42456, 0.55144], [25.42233, 0.54765], [25.41512, 0.53544], [25.40032, 0.5239], [25.39602, 0.51561], [25.38756, 0.51903], [25.38033, 0.51817], [25.37725, 0.5178], [25.37159, 0.51713], [25.3648, 0.50263], [25.36464, 0.49972], [25.36415, 0.49045], [25.36257, 0.48608], [25.36328, 0.47873], [25.36193, 0.47482], [25.36331, 0.46954], [25.36173, 0.46517], [25.35057, 0.45824], [25.34781, 0.45831], [25.34281, 0.45844], [25.34058, 0.45762], [25.3378, 0.45659], [25.32502, 0.45723], [25.32228, 0.45584], [25.33742, 0.43453], [25.35216, 0.39713], [25.35658, 0.37256], [25.34951, 0.37667], [25.3417, 0.38038], [25.33802, 0.39102], [25.33526, 0.39519], [25.33526, 0.40074], [25.32928, 0.40491], [25.32055, 0.40954], [25.30583, 0.41463], [25.29204, 0.42158], [25.28192, 0.42898], [25.26871, 0.44095], [25.25929, 0.44726], [25.24995, 0.45352], [25.24239, 0.45807], [25.24137, 0.45868], [25.24053, 0.45919], [25.23919, 0.46008], [25.23932, 0.45992], [25.23932, 0.45992], [25.23643, 0.46352], [25.19568, 0.48431], [25.18523, 0.48705], [25.1735, 0.49013], [25.07454, 0.48569], [25.07454, 0.48569], [25.02797, 0.51674], [24.99461, 0.54648], [24.99461, 0.54648], [24.98908, 0.55072], [24.98908, 0.55072], [25.02206, 0.55407], [25.02206, 0.55406], [25.0352, 0.5554], [25.03779, 0.55566], [25.03846, 0.55904], [25.03846, 0.55904], [25.04379, 0.58573], [25.05862, 0.57871], [25.06076, 0.57773], [25.11519, 0.55282], [25.11828, 0.56117], [25.12178, 0.57064], [25.13119, 0.56957], [25.13869, 0.56871], [25.14641, 0.56928], [25.14718, 0.56972], [25.14981, 0.57121], [25.15105, 0.57301], [25.15231, 0.57484], [25.15248, 0.57645], [25.15265, 0.57802], [25.15458, 0.58052], [25.15552, 0.58156], [25.15662, 0.58279], [25.1579, 0.58364], [25.159, 0.58438], [25.16127, 0.5854], [25.16423, 0.58812], [25.16536, 0.58858], [25.16536, 0.58858], [25.1682, 0.58835], [25.17092, 0.58789], [25.17092, 0.58789], [25.2751, 0.59679]]]}}, {"type": "Feature", "properties": {"zone": "Miti-Murhesa", "province": "Sud-Kivu", "confirmed_cases": 3, "confirmed_deaths": 1}, "geometry": {"type": "Polygon", "coordinates": [[[28.87164, -2.43714], [28.86653, -2.43676], [28.85965, -2.43595], [28.85821, -2.43595], [28.85676, -2.43531], [28.85468, -2.43515], [28.85276, -2.4345], [28.85036, -2.43434], [28.84908, -2.43434], [28.84764, -2.43386], [28.84507, -2.4337], [28.84363, -2.43354], [28.84299, -2.43338], [28.84139, -2.43289], [28.83995, -2.43241], [28.83746, -2.43153], [28.83746, -2.43153], [28.83698, -2.43145], [28.83663, -2.43127], [28.83662, -2.43127], [28.83652, -2.43128], [28.8363, -2.43131], [28.83612, -2.43132], [28.83588, -2.43133], [28.83588, -2.43133], [28.83577, -2.4314], [28.83567, -2.43164], [28.81231, -2.42969], [28.81127, -2.42961], [28.79107, -2.41108], [28.77859, -2.38478], [28.77621, -2.36805], [28.77384, -2.34533], [28.7774, -2.32262], [28.7875, -2.32202], [28.80533, -2.30768], [28.81421, -2.29401], [28.82791, -2.28138], [28.84111, -2.27321], [28.84336, -2.27182], [28.85524, -2.26106], [28.86237, -2.25269], [28.87, -2.2463], [28.87004, -2.24661], [28.87025, -2.24672], [28.87046, -2.24713], [28.87063, -2.2475], [28.87075, -2.24779], [28.871, -2.24799], [28.8712, -2.24812], [28.87123, -2.24858], [28.8712, -2.24911], [28.87111, -2.24918], [28.87095, -2.24971], [28.87075, -2.24998], [28.87048, -2.25037], [28.87064, -2.25089], [28.87057, -2.25152], [28.87023, -2.25202], [28.87019, -2.2526], [28.87007, -2.25319], [28.87025, -2.25374], [28.87019, -2.2542], [28.87024, -2.25465], [28.87045, -2.25501], [28.87055, -2.25552], [28.87073, -2.25571], [28.87101, -2.25595], [28.87127, -2.25607], [28.87162, -2.25622], [28.87186, -2.25638], [28.87209, -2.2565], [28.87237, -2.25653], [28.87262, -2.25655], [28.87263, -2.25672], [28.87283, -2.25692], [28.87301, -2.25711], [28.87318, -2.25741], [28.87313, -2.25767], [28.87318, -2.25811], [28.87318, -2.25835], [28.87306, -2.25883], [28.87306, -2.2591], [28.87259, -2.25942], [28.87225, -2.2596], [28.872, -2.25986], [28.87202, -2.26035], [28.87201, -2.26064], [28.8722, -2.26102], [28.87237, -2.26125], [28.87255, -2.26162], [28.87267, -2.26213], [28.87275, -2.26238], [28.87282, -2.26261], [28.87293, -2.26304], [28.87258, -2.26329], [28.87225, -2.26359], [28.87181, -2.26388], [28.8718, -2.26422], [28.87181, -2.26478], [28.87201, -2.26498], [28.87214, -2.26518], [28.8723, -2.26543], [28.87245, -2.26573], [28.87268, -2.26591], [28.873, -2.26629], [28.87303, -2.26655], [28.87332, -2.26657], [28.87363, -2.26662], [28.87383, -2.2666], [28.87432, -2.26696], [28.87433, -2.26736], [28.87436, -2.26793], [28.87438, -2.2683], [28.87449, -2.26874], [28.87475, -2.26908], [28.87497, -2.26924], [28.87516, -2.26938], [28.87531, -2.26959], [28.87557, -2.26983], [28.87596, -2.2699], [28.87606, -2.27017], [28.87614, -2.27033], [28.87621, -2.27072], [28.87623, -2.27096], [28.87633, -2.27126], [28.87647, -2.27153], [28.87664, -2.27172], [28.87679, -2.27181], [28.87692, -2.27182], [28.87714, -2.27182], [28.87738, -2.27182], [28.87757, -2.2717], [28.87788, -2.27157], [28.87801, -2.27149], [28.87827, -2.2713], [28.87852, -2.27113], [28.87871, -2.27095], [28.87898, -2.27084], [28.87917, -2.27083], [28.87924, -2.27093], [28.87935, -2.27111], [28.87945, -2.27116], [28.87967, -2.27126], [28.88005, -2.27113], [28.88022, -2.27113], [28.88047, -2.27101], [28.88061, -2.27095], [28.88072, -2.2708], [28.88089, -2.27044], [28.88082, -2.27019], [28.88051, -2.26988], [28.88014, -2.26963], [28.87996, -2.26926], [28.87972, -2.269], [28.87965, -2.26827], [28.87947, -2.26808], [28.87948, -2.26729], [28.87929, -2.26655], [28.8793, -2.26607], [28.87951, -2.26576], [28.87988, -2.26495], [28.88016, -2.26476], [28.88033, -2.26448], [28.88065, -2.26378], [28.88068, -2.26351], [28.88098, -2.26326], [28.88104, -2.26307], [28.88116, -2.2629], [28.88145, -2.26267], [28.8816, -2.26253], [28.88171, -2.26221], [28.88172, -2.26191], [28.88189, -2.26167], [28.88204, -2.26155], [28.8823, -2.26167], [28.88245, -2.26172], [28.88271, -2.26172], [28.88277, -2.26153], [28.88305, -2.26135], [28.88317, -2.26108], [28.88336, -2.26089], [28.8836, -2.26065], [28.88396, -2.26033], [28.88387, -2.25981], [28.88393, -2.25892], [28.8841, -2.25854], [28.8843, -2.25833], [28.88444, -2.25816], [28.88472, -2.25792], [28.88487, -2.25759], [28.88522, -2.25727], [28.88547, -2.25697], [28.88574, -2.25677], [28.88578, -2.25658], [28.88626, -2.25596], [28.88659, -2.25558], [28.88659, -2.25522], [28.88667, -2.25476], [28.88685, -2.25429], [28.88698, -2.25339], [28.88737, -2.25314], [28.88779, -2.25304], [28.88825, -2.253], [28.88869, -2.25306], [28.88914, -2.25315], [28.88923, -2.25338], [28.88956, -2.25335], [28.88983, -2.25333], [28.88998, -2.25337], [28.8901, -2.25353], [28.89019, -2.25353], [28.89054, -2.25358], [28.8907, -2.25356], [28.89081, -2.25346], [28.89092, -2.25335], [28.89107, -2.25328], [28.89115, -2.25327], [28.89187, -2.25326], [28.89228, -2.25325], [28.89259, -2.25308], [28.89283, -2.25294], [28.89301, -2.25282], [28.89328, -2.25271], [28.89358, -2.25256], [28.89381, -2.2522], [28.89407, -2.25193], [28.89425, -2.25169], [28.89432, -2.25175], [28.8949, -2.25144], [28.89534, -2.25145], [28.89591, -2.25151], [28.89638, -2.25139], [28.89706, -2.25163], [28.89711, -2.25182], [28.89729, -2.25219], [28.89731, -2.25247], [28.8972, -2.25282], [28.89717, -2.25307], [28.89713, -2.25335], [28.89708, -2.25375], [28.89711, -2.25429], [28.89716, -2.25496], [28.89696, -2.25529], [28.89695, -2.25573], [28.89689, -2.25596], [28.89685, -2.25636], [28.89675, -2.25673], [28.8962, -2.2572], [28.89595, -2.25726], [28.89535, -2.25799], [28.89504, -2.25821], [28.89476, -2.25842], [28.89462, -2.25866], [28.89445, -2.2588], [28.89437, -2.25903], [28.89441, -2.25941], [28.89397, -2.25973], [28.89366, -2.26006], [28.89356, -2.26027], [28.8934, -2.26059], [28.89322, -2.26075], [28.89303, -2.26089], [28.89278, -2.26124], [28.89257, -2.26156], [28.89234, -2.26181], [28.89222, -2.26202], [28.89201, -2.26229], [28.89187, -2.26263], [28.8917, -2.26309], [28.89149, -2.26349], [28.89126, -2.26366], [28.8912, -2.26391], [28.8908, -2.26426], [28.89068, -2.26459], [28.89049, -2.26478], [28.89027, -2.2652], [28.89006, -2.26535], [28.8899, -2.26566], [28.88952, -2.26575], [28.88929, -2.26581], [28.88881, -2.26586], [28.88835, -2.26585], [28.88805, -2.26598], [28.88773, -2.26607], [28.88758, -2.26614], [28.88734, -2.26632], [28.88698, -2.2665], [28.88679, -2.26663], [28.88679, -2.26688], [28.88682, -2.26699], [28.88707, -2.26696], [28.88714, -2.26682], [28.8873, -2.26682], [28.8876, -2.26682], [28.88778, -2.2667], [28.88788, -2.26664], [28.88808, -2.26664], [28.88827, -2.26667], [28.88842, -2.26676], [28.88857, -2.26685], [28.88874, -2.26685], [28.88886, -2.26689], [28.889, -2.26699], [28.88923, -2.26708], [28.88942, -2.26708], [28.8896, -2.26708], [28.88971, -2.26704], [28.8899, -2.26695], [28.88998, -2.26687], [28.89023, -2.26677], [28.89035, -2.26676], [28.89062, -2.26668], [28.89064, -2.26655], [28.89069, -2.26647], [28.89084, -2.26636], [28.89095, -2.26626], [28.89101, -2.26619], [28.89105, -2.26619], [28.89123, -2.26605], [28.89143, -2.26594], [28.8917, -2.26578], [28.89192, -2.26564], [28.89214, -2.26548], [28.89225, -2.26532], [28.89243, -2.26509], [28.89256, -2.26492], [28.89275, -2.26475], [28.89286, -2.26459], [28.89308, -2.2643], [28.89318, -2.2642], [28.89366, -2.2642], [28.89374, -2.2642], [28.89399, -2.26438], [28.89401, -2.26442], [28.89438, -2.26461], [28.89446, -2.26485], [28.89464, -2.26507], [28.89483, -2.26525], [28.89495, -2.26541], [28.89508, -2.26558], [28.89521, -2.26568], [28.89548, -2.2657], [28.89559, -2.26569], [28.89584, -2.26568], [28.89596, -2.26562], [28.89604, -2.26545], [28.89604, -2.2652], [28.896, -2.2648], [28.89597, -2.26444], [28.89582, -2.26423], [28.89571, -2.2638], [28.89581, -2.2633], [28.89584, -2.26274], [28.89606, -2.26255], [28.89631, -2.26242], [28.89656, -2.2623], [28.89681, -2.26218], [28.89702, -2.26205], [28.89733, -2.26188], [28.8974, -2.26178], [28.89773, -2.26163], [28.89797, -2.26153], [28.89827, -2.26134], [28.89855, -2.26118], [28.89891, -2.26106], [28.89909, -2.26089], [28.89924, -2.26078], [28.89939, -2.26059], [28.89941, -2.2606], [28.89949, -2.26011], [28.89979, -2.25974], [28.90002, -2.25954], [28.90022, -2.25943], [28.90043, -2.25936], [28.9009, -2.25936], [28.90103, -2.25923], [28.90122, -2.25912], [28.9013, -2.25893], [28.90148, -2.25858], [28.90155, -2.25811], [28.90172, -2.25795], [28.90177, -2.25746], [28.90178, -2.25696], [28.90164, -2.25597], [28.90164, -2.25576], [28.90175, -2.25551], [28.90175, -2.255], [28.90183, -2.25457], [28.90192, -2.25432], [28.902, -2.25419], [28.90222, -2.25404], [28.9025, -2.25404], [28.90274, -2.25404], [28.90291, -2.2541], [28.90313, -2.25414], [28.90337, -2.25412], [28.90342, -2.25398], [28.90362, -2.25356], [28.9039, -2.25327], [28.9039, -2.25274], [28.90385, -2.25205], [28.90394, -2.25138], [28.90396, -2.24995], [28.90409, -2.24973], [28.90428, -2.24945], [28.90448, -2.24906], [28.9046, -2.24868], [28.90479, -2.24831], [28.90509, -2.24741], [28.90503, -2.24702], [28.90503, -2.24666], [28.905, -2.24625], [28.90493, -2.24593], [28.90493, -2.24544], [28.90493, -2.24511], [28.905, -2.24476], [28.90522, -2.24453], [28.90555, -2.24429], [28.90573, -2.2441], [28.906, -2.24401], [28.90632, -2.24363], [28.90632, -2.2433], [28.90647, -2.24271], [28.90669, -2.24249], [28.90699, -2.24259], [28.90725, -2.24285], [28.90733, -2.24304], [28.90777, -2.24349], [28.90795, -2.24379], [28.90805, -2.24392], [28.90811, -2.24404], [28.90846, -2.24441], [28.90886, -2.24454], [28.90905, -2.24469], [28.90925, -2.24504], [28.90939, -2.24528], [28.90955, -2.24528], [28.90974, -2.24512], [28.90986, -2.2453], [28.91007, -2.24499], [28.91013, -2.24453], [28.90987, -2.24411], [28.90948, -2.2439], [28.90918, -2.24391], [28.90898, -2.24347], [28.90863, -2.24321], [28.90851, -2.24288], [28.90843, -2.24249], [28.90842, -2.24225], [28.90826, -2.24199], [28.90829, -2.24175], [28.90819, -2.24168], [28.90789, -2.24166], [28.90758, -2.24164], [28.90725, -2.24164], [28.90705, -2.2416], [28.90687, -2.24146], [28.90662, -2.24141], [28.90654, -2.24135], [28.90638, -2.24116], [28.90643, -2.24093], [28.90667, -2.2407], [28.90698, -2.24036], [28.90719, -2.23998], [28.90741, -2.23967], [28.9075, -2.2393], [28.90767, -2.23907], [28.90795, -2.23892], [28.90817, -2.2387], [28.90829, -2.23857], [28.90837, -2.23845], [28.90864, -2.23834], [28.90874, -2.23834], [28.90915, -2.23855], [28.90925, -2.2387], [28.90974, -2.23859], [28.90955, -2.23814], [28.90927, -2.23783], [28.90906, -2.23757], [28.90856, -2.23728], [28.90848, -2.23708], [28.90844, -2.23679], [28.90875, -2.23661], [28.90893, -2.23634], [28.90899, -2.23587], [28.90899, -2.23556], [28.9091, -2.23545], [28.90956, -2.23551], [28.91002, -2.23547], [28.91021, -2.23533], [28.91076, -2.23559], [28.91082, -2.2355], [28.91132, -2.23577], [28.91147, -2.23596], [28.91165, -2.23597], [28.91197, -2.23579], [28.91234, -2.23569], [28.91259, -2.23562], [28.91322, -2.23575], [28.91371, -2.23596], [28.91427, -2.23623], [28.9147, -2.23616], [28.91523, -2.236], [28.91565, -2.23587], [28.91633, -2.23612], [28.91659, -2.23612], [28.91696, -2.23644], [28.9171, -2.23665], [28.91734, -2.23665], [28.91742, -2.23711], [28.91722, -2.23734], [28.91713, -2.23757], [28.91709, -2.23783], [28.91709, -2.2381], [28.91709, -2.23846], [28.9171, -2.2387], [28.9171, -2.23883], [28.91728, -2.23932], [28.91746, -2.23955], [28.91754, -2.23977], [28.91777, -2.24002], [28.91807, -2.24045], [28.91841, -2.24093], [28.91849, -2.24127], [28.91865, -2.24165], [28.91859, -2.24189], [28.91859, -2.24205], [28.91859, -2.24224], [28.91859, -2.24237], [28.91843, -2.2424], [28.91828, -2.24254], [28.91824, -2.24271], [28.91815, -2.24274], [28.91818, -2.24288], [28.91834, -2.24316], [28.91835, -2.24324], [28.91843, -2.2434], [28.91854, -2.24348], [28.91871, -2.24349], [28.91883, -2.24342], [28.91902, -2.24336], [28.9191, -2.24327], [28.91922, -2.24316], [28.9194, -2.24313], [28.91952, -2.24311], [28.91977, -2.24309], [28.91996, -2.24272], [28.92001, -2.2425], [28.92004, -2.24222], [28.91999, -2.24194], [28.91972, -2.24167], [28.91961, -2.24149], [28.91953, -2.24139], [28.91955, -2.24097], [28.91962, -2.24033], [28.91962, -2.23999], [28.91934, -2.23991], [28.91921, -2.23965], [28.91896, -2.23948], [28.91885, -2.23947], [28.91873, -2.23933], [28.91878, -2.23897], [28.9187, -2.23834], [28.91893, -2.23834], [28.9193, -2.23844], [28.91941, -2.23863], [28.91987, -2.23884], [28.91999, -2.23892], [28.92016, -2.23913], [28.92023, -2.23933], [28.92043, -2.23951], [28.92067, -2.23974], [28.92077, -2.2399], [28.92083, -2.23998], [28.92094, -2.24015], [28.92114, -2.24024], [28.92147, -2.24037], [28.9218, -2.24052], [28.92206, -2.24056], [28.92236, -2.24055], [28.92275, -2.24042], [28.92317, -2.24043], [28.92328, -2.24031], [28.92348, -2.24021], [28.92365, -2.24012], [28.92395, -2.24011], [28.92409, -2.24021], [28.92424, -2.24033], [28.92465, -2.24042], [28.92488, -2.24042], [28.92512, -2.24042], [28.92542, -2.24024], [28.92585, -2.24008], [28.92617, -2.24023], [28.92622, -2.24053], [28.92669, -2.24097], [28.92692, -2.24103], [28.92721, -2.24114], [28.92748, -2.24124], [28.92779, -2.24118], [28.92805, -2.24111], [28.9282, -2.24095], [28.92838, -2.24079], [28.92859, -2.24061], [28.92876, -2.24043], [28.9292, -2.24004], [28.92923, -2.23934], [28.92927, -2.23865], [28.92936, -2.23819], [28.92939, -2.23785], [28.92977, -2.23769], [28.9302, -2.23764], [28.93086, -2.23778], [28.9315, -2.23784], [28.9319, -2.23801], [28.93218, -2.23815], [28.93235, -2.23823], [28.93259, -2.23839], [28.93289, -2.2384], [28.93348, -2.23846], [28.93421, -2.23853], [28.93476, -2.23849], [28.93486, -2.2384], [28.93516, -2.23842], [28.93546, -2.23823], [28.93565, -2.23813], [28.93586, -2.23801], [28.93616, -2.23796], [28.93673, -2.23801], [28.93692, -2.23786], [28.93718, -2.23769], [28.93745, -2.23747], [28.93761, -2.23727], [28.93796, -2.23703], [28.9381, -2.23686], [28.93834, -2.23666], [28.93854, -2.23654], [28.93872, -2.23659], [28.9388, -2.23683], [28.93881, -2.23708], [28.93886, -2.23734], [28.93899, -2.23764], [28.93908, -2.2383], [28.93912, -2.23871], [28.93908, -2.23902], [28.93886, -2.23926], [28.93853, -2.23946], [28.93821, -2.23976], [28.9379, -2.24001], [28.93763, -2.24029], [28.93707, -2.24076], [28.93674, -2.24074], [28.93579, -2.2413], [28.93553, -2.24148], [28.93526, -2.24167], [28.93502, -2.24168], [28.93482, -2.24185], [28.93454, -2.24185], [28.93439, -2.24203], [28.93423, -2.24214], [28.93414, -2.24218], [28.93375, -2.24227], [28.93358, -2.24249], [28.93345, -2.24258], [28.93327, -2.24275], [28.93314, -2.24297], [28.93297, -2.24323], [28.93284, -2.24352], [28.9326, -2.24375], [28.93237, -2.24401], [28.93219, -2.24419], [28.93196, -2.24444], [28.93172, -2.24476], [28.9315, -2.2449], [28.93146, -2.24519], [28.93144, -2.24547], [28.93138, -2.24584], [28.93138, -2.24667], [28.93144, -2.24722], [28.93165, -2.24747], [28.93164, -2.24785], [28.93156, -2.24801], [28.93145, -2.24823], [28.93131, -2.24827], [28.93105, -2.24835], [28.93072, -2.24835], [28.93046, -2.24835], [28.93031, -2.24838], [28.92989, -2.2485], [28.92969, -2.24852], [28.92951, -2.2488], [28.92949, -2.249], [28.92949, -2.2492], [28.92949, -2.24934], [28.92961, -2.24949], [28.92977, -2.24949], [28.93001, -2.24946], [28.9302, -2.24942], [28.93051, -2.2494], [28.93091, -2.24938], [28.93121, -2.24933], [28.93143, -2.24931], [28.93187, -2.24943], [28.93202, -2.24946], [28.9323, -2.24956], [28.93244, -2.24965], [28.93274, -2.24981], [28.933, -2.24998], [28.93315, -2.25008], [28.93326, -2.25018], [28.93346, -2.2504], [28.93368, -2.25064], [28.93389, -2.25082], [28.93413, -2.25113], [28.93451, -2.25161], [28.93463, -2.25212], [28.93503, -2.25244], [28.93522, -2.25275], [28.93538, -2.25303], [28.9355, -2.25346], [28.9358, -2.25379], [28.93578, -2.25408], [28.93585, -2.25431], [28.93585, -2.25456], [28.93585, -2.25477], [28.93588, -2.25499], [28.93588, -2.25525], [28.93596, -2.25545], [28.93601, -2.25563], [28.93602, -2.25583], [28.93608, -2.25604], [28.93613, -2.25626], [28.93608, -2.25662], [28.9361, -2.25696], [28.9362, -2.25735], [28.93596, -2.2575], [28.93564, -2.2579], [28.93537, -2.25825], [28.93512, -2.25853], [28.93479, -2.25871], [28.93463, -2.25889], [28.93465, -2.2593], [28.93451, -2.25941], [28.93427, -2.25964], [28.93409, -2.25965], [28.93376, -2.25944], [28.93352, -2.25929], [28.93315, -2.25897], [28.93291, -2.25866], [28.93265, -2.25836], [28.93243, -2.25815], [28.93226, -2.25796], [28.93203, -2.25781], [28.93189, -2.25758], [28.93182, -2.25737], [28.93155, -2.25682], [28.9314, -2.25659], [28.93114, -2.25639], [28.93109, -2.25618], [28.93094, -2.25607], [28.93081, -2.25607], [28.93046, -2.25622], [28.93033, -2.25628], [28.93023, -2.25671], [28.93044, -2.25693], [28.93071, -2.25713], [28.93074, -2.25747], [28.93074, -2.25791], [28.93055, -2.25827], [28.9303, -2.25829], [28.92995, -2.25853], [28.92977, -2.25865], [28.92964, -2.25883], [28.92975, -2.25909], [28.93014, -2.25942], [28.93044, -2.25979], [28.93076, -2.26015], [28.93089, -2.26024], [28.93102, -2.26072], [28.93098, -2.2612], [28.9309, -2.26157], [28.93068, -2.26192], [28.93048, -2.26235], [28.93026, -2.26264], [28.93001, -2.26298], [28.92977, -2.26344], [28.92951, -2.26385], [28.92933, -2.26434], [28.92918, -2.26462], [28.92894, -2.26493], [28.92866, -2.26541], [28.92837, -2.26571], [28.92779, -2.26622], [28.9275, -2.26657], [28.92705, -2.26699], [28.92675, -2.26756], [28.92644, -2.26798], [28.92623, -2.26828], [28.92607, -2.26861], [28.92593, -2.26911], [28.92573, -2.26944], [28.926, -2.27001], [28.92604, -2.27027], [28.92638, -2.27052], [28.92654, -2.27111], [28.92656, -2.2714], [28.92684, -2.27163], [28.92694, -2.27178], [28.92698, -2.27189], [28.92722, -2.27224], [28.92725, -2.27236], [28.92743, -2.27256], [28.92786, -2.27311], [28.92787, -2.27353], [28.92805, -2.27393], [28.9282, -2.27426], [28.92833, -2.27463], [28.92837, -2.27506], [28.92826, -2.27566], [28.92839, -2.27614], [28.92857, -2.27647], [28.92871, -2.27721], [28.92893, -2.27771], [28.92902, -2.27834], [28.92924, -2.27899], [28.92923, -2.27972], [28.92943, -2.27997], [28.92946, -2.28024], [28.92955, -2.28078], [28.92957, -2.28105], [28.92929, -2.28158], [28.92929, -2.2818], [28.92911, -2.28181], [28.92892, -2.28193], [28.92829, -2.28195], [28.92813, -2.2821], [28.92787, -2.28236], [28.92775, -2.2825], [28.92761, -2.28271], [28.92726, -2.28308], [28.92714, -2.28306], [28.92682, -2.28309], [28.92649, -2.2833], [28.92612, -2.28344], [28.92597, -2.28363], [28.92566, -2.28393], [28.92553, -2.28415], [28.92532, -2.28441], [28.92481, -2.2846], [28.92468, -2.28481], [28.92465, -2.28506], [28.92465, -2.28547], [28.92457, -2.28581], [28.9244, -2.28593], [28.92441, -2.28634], [28.92437, -2.28679], [28.92432, -2.28704], [28.92421, -2.2873], [28.92399, -2.28739], [28.9238, -2.28769], [28.92374, -2.28785], [28.92334, -2.28795], [28.92329, -2.28814], [28.92348, -2.28832], [28.92356, -2.28833], [28.92355, -2.28862], [28.92348, -2.2887], [28.92316, -2.28881], [28.92266, -2.28917], [28.92239, -2.28945], [28.92223, -2.2897], [28.92208, -2.29018], [28.92202, -2.29092], [28.92175, -2.29121], [28.92171, -2.29161], [28.92116, -2.29175], [28.92093, -2.29176], [28.92053, -2.29177], [28.9201, -2.29181], [28.91992, -2.29183], [28.91986, -2.29215], [28.91979, -2.2925], [28.91971, -2.29272], [28.91953, -2.29301], [28.91913, -2.29302], [28.91878, -2.29347], [28.91867, -2.29369], [28.91855, -2.29406], [28.91846, -2.29435], [28.91826, -2.29462], [28.91782, -2.29488], [28.91735, -2.29482], [28.91696, -2.29476], [28.91666, -2.29482], [28.91634, -2.2947], [28.91607, -2.29459], [28.91577, -2.29459], [28.9156, -2.29451], [28.91544, -2.29441], [28.91531, -2.29453], [28.91481, -2.29459], [28.91416, -2.29458], [28.91365, -2.29434], [28.91349, -2.29402], [28.91324, -2.29377], [28.91295, -2.2936], [28.91215, -2.29313], [28.91182, -2.29287], [28.91145, -2.29274], [28.91105, -2.29257], [28.91074, -2.29253], [28.91056, -2.29255], [28.91023, -2.29266], [28.90951, -2.29281], [28.90937, -2.29301], [28.90927, -2.29319], [28.90931, -2.29331], [28.90963, -2.29334], [28.90941, -2.29368], [28.90914, -2.2937], [28.90907, -2.29335], [28.90886, -2.29324], [28.90849, -2.29337], [28.90843, -2.29347], [28.90872, -2.29371], [28.90885, -2.294], [28.90906, -2.29446], [28.90922, -2.29487], [28.90933, -2.29519], [28.90963, -2.29527], [28.90995, -2.29554], [28.91026, -2.29566], [28.91067, -2.29572], [28.91086, -2.29576], [28.91112, -2.29584], [28.91134, -2.29589], [28.9115, -2.29589], [28.91168, -2.29596], [28.91178, -2.29606], [28.912, -2.29616], [28.91232, -2.29638], [28.91243, -2.29648], [28.91251, -2.29663], [28.91258, -2.29683], [28.91274, -2.29703], [28.91292, -2.29714], [28.91293, -2.29725], [28.91334, -2.29745], [28.9138, -2.29741], [28.91403, -2.29736], [28.91437, -2.29739], [28.91458, -2.29732], [28.91471, -2.29733], [28.91496, -2.29733], [28.91573, -2.29728], [28.91609, -2.29705], [28.91619, -2.29692], [28.91669, -2.29689], [28.9169, -2.29723], [28.91717, -2.29747], [28.91761, -2.29742], [28.91791, -2.29745], [28.91827, -2.29751], [28.91841, -2.29753], [28.91869, -2.29778], [28.9189, -2.29802], [28.91903, -2.2983], [28.91919, -2.29879], [28.9192, -2.29941], [28.9192, -2.30046], [28.91902, -2.30124], [28.91874, -2.30198], [28.91808, -2.30304], [28.91722, -2.30297], [28.9167, -2.30311], [28.91632, -2.30279], [28.91589, -2.30261], [28.91548, -2.30241], [28.91508, -2.30228], [28.91472, -2.30211], [28.9145, -2.30211], [28.91426, -2.30204], [28.91394, -2.30186], [28.91365, -2.30173], [28.91325, -2.30194], [28.91321, -2.30236], [28.9135, -2.30258], [28.91393, -2.30258], [28.91422, -2.30285], [28.91437, -2.30313], [28.91439, -2.30336], [28.91444, -2.30382], [28.91389, -2.30384], [28.91325, -2.30384], [28.91302, -2.30422], [28.91245, -2.30436], [28.91199, -2.30469], [28.91188, -2.30501], [28.91186, -2.30561], [28.91213, -2.30606], [28.91212, -2.3068], [28.91223, -2.30713], [28.91169, -2.30725], [28.91167, -2.30746], [28.91156, -2.30763], [28.91168, -2.30796], [28.91164, -2.30826], [28.91193, -2.30856], [28.91259, -2.30837], [28.91283, -2.30856], [28.91317, -2.30863], [28.9133, -2.30863], [28.91362, -2.30856], [28.91386, -2.30839], [28.91403, -2.30807], [28.91414, -2.30776], [28.91428, -2.30731], [28.91443, -2.30683], [28.91455, -2.30599], [28.91479, -2.30531], [28.91491, -2.305], [28.91539, -2.30473], [28.91559, -2.30455], [28.91607, -2.30457], [28.91646, -2.30448], [28.91723, -2.30448], [28.91766, -2.30447], [28.91802, -2.30454], [28.91825, -2.30459], [28.91842, -2.30487], [28.91844, -2.30542], [28.91832, -2.30598], [28.91829, -2.30662], [28.91845, -2.30727], [28.91844, -2.30769], [28.91841, -2.30824], [28.91823, -2.30905], [28.91779, -2.30929], [28.91716, -2.30934], [28.91641, -2.30938], [28.91603, -2.30959], [28.91564, -2.30995], [28.91528, -2.31027], [28.91506, -2.31043], [28.91493, -2.31072], [28.9147, -2.31103], [28.91453, -2.31133], [28.91433, -2.31225], [28.91427, -2.31262], [28.91437, -2.31303], [28.91433, -2.31333], [28.91455, -2.31379], [28.91455, -2.31441], [28.91468, -2.315], [28.91445, -2.31564], [28.91449, -2.31613], [28.91435, -2.31646], [28.91414, -2.31661], [28.91349, -2.3167], [28.91305, -2.31674], [28.9124, -2.31692], [28.91207, -2.31689], [28.91148, -2.31699], [28.91087, -2.31722], [28.91036, -2.31713], [28.91011, -2.31694], [28.90993, -2.3168], [28.90969, -2.31677], [28.9093, -2.31677], [28.90922, -2.31677], [28.90888, -2.31677], [28.90867, -2.31678], [28.90837, -2.31697], [28.90807, -2.31703], [28.90781, -2.31724], [28.90748, -2.31755], [28.90713, -2.31771], [28.90688, -2.31772], [28.90675, -2.31782], [28.90653, -2.31796], [28.90612, -2.31809], [28.90554, -2.31881], [28.90511, -2.31921], [28.90511, -2.31952], [28.905, -2.31996], [28.90498, -2.32043], [28.90474, -2.32069], [28.90416, -2.32056], [28.90369, -2.32066], [28.90315, -2.32059], [28.90281, -2.32059], [28.90248, -2.32059], [28.90245, -2.32065], [28.90221, -2.3208], [28.90208, -2.32104], [28.90193, -2.32124], [28.90173, -2.32149], [28.90161, -2.32177], [28.90135, -2.32215], [28.90123, -2.32246], [28.90097, -2.32257], [28.9006, -2.32275], [28.90047, -2.32294], [28.90009, -2.323], [28.8998, -2.323], [28.89934, -2.32293], [28.89901, -2.32278], [28.89869, -2.3225], [28.89833, -2.32218], [28.89808, -2.32168], [28.89784, -2.32142], [28.89785, -2.32078], [28.89781, -2.31992], [28.89766, -2.31935], [28.89762, -2.31886], [28.89733, -2.31867], [28.8972, -2.31842], [28.89685, -2.31826], [28.89656, -2.31826], [28.89633, -2.31829], [28.89602, -2.31828], [28.89582, -2.31826], [28.89564, -2.31826], [28.89543, -2.31843], [28.89528, -2.31878], [28.8953, -2.31897], [28.89552, -2.31911], [28.8957, -2.31929], [28.8959, -2.31948], [28.89604, -2.31971], [28.89628, -2.32], [28.89635, -2.32024], [28.89637, -2.32061], [28.89637, -2.32098], [28.89625, -2.32121], [28.89602, -2.32144], [28.89569, -2.32144], [28.89543, -2.32144], [28.89491, -2.32135], [28.89446, -2.32125], [28.89433, -2.32111], [28.89417, -2.32122], [28.8938, -2.32133], [28.89352, -2.32133], [28.89356, -2.32166], [28.89367, -2.32185], [28.89389, -2.32205], [28.89421, -2.3223], [28.89452, -2.32249], [28.89455, -2.32276], [28.89449, -2.32311], [28.89452, -2.32345], [28.89469, -2.3237], [28.89484, -2.32399], [28.8949, -2.32434], [28.89493, -2.32467], [28.89537, -2.32475], [28.89553, -2.32511], [28.8951, -2.32523], [28.89503, -2.32562], [28.89495, -2.32617], [28.89474, -2.32644], [28.8945, -2.32676], [28.89451, -2.32708], [28.89449, -2.32729], [28.89459, -2.32757], [28.89488, -2.32788], [28.89509, -2.32808], [28.89533, -2.32814], [28.89558, -2.32802], [28.89581, -2.32779], [28.89603, -2.3275], [28.89612, -2.32724], [28.89633, -2.32705], [28.89644, -2.32693], [28.89669, -2.32693], [28.89694, -2.32694], [28.8971, -2.32713], [28.89737, -2.32742], [28.89757, -2.32757], [28.8977, -2.3277], [28.89787, -2.32789], [28.898, -2.32802], [28.89811, -2.32814], [28.89827, -2.32845], [28.89835, -2.32864], [28.89846, -2.3289], [28.89848, -2.32909], [28.89873, -2.32961], [28.89873, -2.32983], [28.89876, -2.33044], [28.89867, -2.33076], [28.89847, -2.33114], [28.89834, -2.33143], [28.89822, -2.33181], [28.89814, -2.33216], [28.89785, -2.33246], [28.89759, -2.33273], [28.89731, -2.33295], [28.89706, -2.33323], [28.89682, -2.33352], [28.89682, -2.33388], [28.8966, -2.33429], [28.8964, -2.33461], [28.89631, -2.33498], [28.89615, -2.33545], [28.89607, -2.33573], [28.89597, -2.3361], [28.89615, -2.33649], [28.8961, -2.33673], [28.89631, -2.33691], [28.89647, -2.33729], [28.89647, -2.33767], [28.89647, -2.33793], [28.89633, -2.3382], [28.89613, -2.33837], [28.89601, -2.33865], [28.89601, -2.33892], [28.89622, -2.33914], [28.89639, -2.33922], [28.89653, -2.33922], [28.89668, -2.33912], [28.89679, -2.33889], [28.89696, -2.33866], [28.897, -2.33834], [28.89703, -2.33811], [28.89714, -2.33799], [28.89729, -2.33802], [28.89735, -2.33812], [28.89756, -2.33818], [28.89763, -2.33818], [28.89775, -2.33831], [28.8979, -2.33849], [28.89807, -2.33853], [28.89813, -2.33861], [28.89828, -2.3386], [28.89854, -2.33867], [28.89876, -2.33859], [28.89888, -2.33836], [28.89886, -2.33797], [28.89886, -2.33766], [28.89902, -2.33743], [28.89929, -2.33724], [28.89938, -2.33683], [28.8995, -2.33647], [28.89969, -2.33608], [28.89989, -2.33579], [28.90004, -2.33544], [28.90039, -2.33485], [28.90053, -2.3346], [28.90077, -2.33434], [28.9009, -2.334], [28.90098, -2.3336], [28.90111, -2.33333], [28.90124, -2.33306], [28.9013, -2.33285], [28.90151, -2.33257], [28.90154, -2.33234], [28.90165, -2.3321], [28.90192, -2.33193], [28.90229, -2.33178], [28.90252, -2.33158], [28.90274, -2.33135], [28.90274, -2.33112], [28.90272, -2.33061], [28.90255, -2.33026], [28.90248, -2.33002], [28.90227, -2.32945], [28.90215, -2.32921], [28.90233, -2.32903], [28.90255, -2.32898], [28.90291, -2.32882], [28.90304, -2.32855], [28.90322, -2.32824], [28.90323, -2.32789], [28.90329, -2.32767], [28.9033, -2.32756], [28.90366, -2.32731], [28.90406, -2.3272], [28.90424, -2.32698], [28.90453, -2.32667], [28.90461, -2.3263], [28.90479, -2.32591], [28.90483, -2.32556], [28.90503, -2.32517], [28.90531, -2.32485], [28.90557, -2.3247], [28.90582, -2.32469], [28.90609, -2.32466], [28.90655, -2.32462], [28.90704, -2.3245], [28.90742, -2.32428], [28.90773, -2.32412], [28.90804, -2.32382], [28.90829, -2.32348], [28.90836, -2.323], [28.90841, -2.32252], [28.90838, -2.32121], [28.90841, -2.32097], [28.90867, -2.32085], [28.90911, -2.32086], [28.90935, -2.32098], [28.90954, -2.3211], [28.90954, -2.32137], [28.90945, -2.32169], [28.90919, -2.32193], [28.90916, -2.3224], [28.90899, -2.32268], [28.90889, -2.32284], [28.90887, -2.32345], [28.90894, -2.32393], [28.90894, -2.32445], [28.90908, -2.32491], [28.90922, -2.32535], [28.90952, -2.32574], [28.90973, -2.32624], [28.91001, -2.32656], [28.9101, -2.32717], [28.91004, -2.3282], [28.91008, -2.32873], [28.91042, -2.32895], [28.91107, -2.32894], [28.91148, -2.32873], [28.91181, -2.32871], [28.91208, -2.32882], [28.91226, -2.32893], [28.91259, -2.32914], [28.913, -2.32882], [28.91309, -2.32825], [28.91262, -2.32751], [28.91236, -2.32688], [28.91208, -2.32646], [28.91167, -2.32592], [28.91154, -2.32537], [28.91118, -2.32494], [28.91086, -2.32451], [28.91079, -2.32381], [28.91079, -2.32329], [28.91095, -2.3229], [28.91099, -2.32262], [28.91143, -2.32217], [28.91163, -2.32188], [28.91192, -2.32169], [28.91224, -2.32154], [28.91251, -2.32143], [28.91277, -2.32129], [28.91326, -2.32134], [28.91353, -2.3211], [28.91405, -2.32066], [28.91456, -2.32043], [28.91491, -2.32018], [28.91515, -2.3199], [28.91541, -2.31965], [28.91558, -2.31937], [28.91601, -2.3187], [28.91621, -2.31843], [28.91651, -2.31828], [28.91683, -2.31793], [28.91714, -2.31765], [28.91731, -2.31709], [28.91758, -2.31677], [28.91761, -2.31661], [28.918, -2.31644], [28.91833, -2.31628], [28.91885, -2.31598], [28.91933, -2.31552], [28.9196, -2.31519], [28.91986, -2.31464], [28.92016, -2.31442], [28.92043, -2.31416], [28.92068, -2.31401], [28.92116, -2.31364], [28.92154, -2.31341], [28.9217, -2.31302], [28.92209, -2.31237], [28.92223, -2.31207], [28.92244, -2.31183], [28.92244, -2.31165], [28.92264, -2.3112], [28.92273, -2.31087], [28.92286, -2.31047], [28.92298, -2.31001], [28.92287, -2.30899], [28.92286, -2.3088], [28.92267, -2.30846], [28.92283, -2.30818], [28.9234, -2.30769], [28.92387, -2.30717], [28.9243, -2.30645], [28.92468, -2.30598], [28.92484, -2.30563], [28.92516, -2.30525], [28.92549, -2.30462], [28.9259, -2.3044], [28.92592, -2.30399], [28.92591, -2.30317], [28.92601, -2.30225], [28.92614, -2.30183], [28.92605, -2.30142], [28.92581, -2.30081], [28.92573, -2.30051], [28.9259, -2.30017], [28.92623, -2.29984], [28.92654, -2.29955], [28.92693, -2.29929], [28.9272, -2.29888], [28.92728, -2.29855], [28.92748, -2.29815], [28.92769, -2.29786], [28.92794, -2.29765], [28.92816, -2.29711], [28.92838, -2.29689], [28.92858, -2.29663], [28.92867, -2.29631], [28.92891, -2.29598], [28.92902, -2.29577], [28.92911, -2.29547], [28.92915, -2.29497], [28.92935, -2.2947], [28.93001, -2.29453], [28.93031, -2.29439], [28.9305, -2.29412], [28.93071, -2.29362], [28.93083, -2.29301], [28.93125, -2.29286], [28.93153, -2.29283], [28.93188, -2.29282], [28.93245, -2.29293], [28.93261, -2.29324], [28.93282, -2.29347], [28.93306, -2.29378], [28.93322, -2.29399], [28.93322, -2.29426], [28.9333, -2.29453], [28.93343, -2.29475], [28.93364, -2.29491], [28.93401, -2.29523], [28.93432, -2.29537], [28.93464, -2.29551], [28.93508, -2.2956], [28.9355, -2.29571], [28.9359, -2.2955], [28.9364, -2.29531], [28.93676, -2.2949], [28.93713, -2.2946], [28.9374, -2.29446], [28.93792, -2.2945], [28.93801, -2.29466], [28.93795, -2.29502], [28.93764, -2.29518], [28.93736, -2.29519], [28.9371, -2.29537], [28.93678, -2.29556], [28.93657, -2.29581], [28.93631, -2.29614], [28.93596, -2.29646], [28.93582, -2.29679], [28.93558, -2.29733], [28.93532, -2.29758], [28.93519, -2.2979], [28.935, -2.29805], [28.9349, -2.29824], [28.93478, -2.29855], [28.93462, -2.29893], [28.93447, -2.29932], [28.93426, -2.29972], [28.93416, -2.30005], [28.93401, -2.30037], [28.93378, -2.30075], [28.93363, -2.301], [28.93339, -2.30164], [28.93332, -2.30212], [28.93325, -2.30267], [28.93307, -2.30291], [28.93288, -2.30325], [28.93269, -2.30336], [28.93258, -2.30359], [28.9325, -2.30391], [28.93225, -2.30429], [28.93213, -2.3046], [28.93213, -2.30492], [28.93209, -2.30541], [28.93199, -2.30582], [28.93199, -2.30629], [28.93186, -2.30676], [28.9317, -2.30723], [28.93152, -2.30755], [28.9315, -2.30781], [28.93142, -2.30805], [28.93136, -2.3086], [28.93071, -2.30856], [28.93024, -2.30838], [28.93, -2.30824], [28.92957, -2.30825], [28.9292, -2.30823], [28.92892, -2.30823], [28.9287, -2.30824], [28.92869, -2.30868], [28.92867, -2.30907], [28.92851, -2.30954], [28.92826, -2.30984], [28.92806, -2.30999], [28.92781, -2.31006], [28.92744, -2.31006], [28.92718, -2.31008], [28.92693, -2.31008], [28.92659, -2.31008], [28.92643, -2.31012], [28.92617, -2.31027], [28.92597, -2.31044], [28.92588, -2.31062], [28.92573, -2.31074], [28.9256, -2.31093], [28.92536, -2.31105], [28.92516, -2.31113], [28.92491, -2.31146], [28.92459, -2.31174], [28.9244, -2.31199], [28.92415, -2.31226], [28.9238, -2.31266], [28.92354, -2.31301], [28.92306, -2.31346], [28.92293, -2.31376], [28.92269, -2.31409], [28.92253, -2.31448], [28.92254, -2.31502], [28.92254, -2.31542], [28.92264, -2.31576], [28.92262, -2.31613], [28.92262, -2.3164], [28.92262, -2.3166], [28.92272, -2.31692], [28.92313, -2.31692], [28.92325, -2.31645], [28.92338, -2.31597], [28.92343, -2.3149], [28.92343, -2.31453], [28.92374, -2.31428], [28.92411, -2.31407], [28.9245, -2.31388], [28.92487, -2.31363], [28.92504, -2.31334], [28.92543, -2.3132], [28.92575, -2.31296], [28.92618, -2.31295], [28.92656, -2.31297], [28.92697, -2.31324], [28.92717, -2.3136], [28.92738, -2.31401], [28.92763, -2.31438], [28.9278, -2.31463], [28.92792, -2.31488], [28.92837, -2.31514], [28.9288, -2.31532], [28.92924, -2.31531], [28.92964, -2.31532], [28.92994, -2.31532], [28.93014, -2.31546], [28.93046, -2.31561], [28.93045, -2.31602], [28.93056, -2.31641], [28.93058, -2.31672], [28.93068, -2.31751], [28.93087, -2.31809], [28.93108, -2.31878], [28.93125, -2.31943], [28.93144, -2.31971], [28.93175, -2.31971], [28.93201, -2.31962], [28.93206, -2.31926], [28.93206, -2.31868], [28.93206, -2.3184], [28.93206, -2.31809], [28.93224, -2.31788], [28.93224, -2.31742], [28.93222, -2.31705], [28.93214, -2.3161], [28.93214, -2.31551], [28.93213, -2.31497], [28.93211, -2.31437], [28.93214, -2.31376], [28.9322, -2.31335], [28.93239, -2.31307], [28.93256, -2.31294], [28.93269, -2.31283], [28.93299, -2.31269], [28.93341, -2.31275], [28.93371, -2.31277], [28.93403, -2.31308], [28.93422, -2.3134], [28.93441, -2.31364], [28.93456, -2.31372], [28.93463, -2.31356], [28.93463, -2.31332], [28.93483, -2.31312], [28.93491, -2.31288], [28.93494, -2.31263], [28.9349, -2.31235], [28.93479, -2.31222], [28.93458, -2.31206], [28.93438, -2.31189], [28.93425, -2.31177], [28.93407, -2.31162], [28.93395, -2.31124], [28.93395, -2.31089], [28.93395, -2.31062], [28.93415, -2.31014], [28.93421, -2.30987], [28.93427, -2.30969], [28.93445, -2.30949], [28.93466, -2.30913], [28.93472, -2.30883], [28.93481, -2.30783], [28.93468, -2.30743], [28.93453, -2.30704], [28.93439, -2.30663], [28.93431, -2.3063], [28.93421, -2.3061], [28.93409, -2.30593], [28.93415, -2.30518], [28.93431, -2.30498], [28.9345, -2.30479], [28.93469, -2.3046], [28.93512, -2.30444], [28.93535, -2.30411], [28.93554, -2.30392], [28.93578, -2.30375], [28.93597, -2.30369], [28.93622, -2.30352], [28.93659, -2.30352], [28.93696, -2.30342], [28.93727, -2.30324], [28.93729, -2.30307], [28.93763, -2.30281], [28.93774, -2.30265], [28.93796, -2.30243], [28.9382, -2.30227], [28.93821, -2.30208], [28.93817, -2.30171], [28.93804, -2.30142], [28.9379, -2.30115], [28.93776, -2.30098], [28.93751, -2.30056], [28.93739, -2.30035], [28.93751, -2.30016], [28.93767, -2.30001], [28.9379, -2.29987], [28.93822, -2.29968], [28.93857, -2.29946], [28.93884, -2.2992], [28.93901, -2.29903], [28.9392, -2.29874], [28.93937, -2.29851], [28.93955, -2.2983], [28.93955, -2.2981], [28.93953, -2.29777], [28.93952, -2.29746], [28.93957, -2.29729], [28.93995, -2.29715], [28.94037, -2.29704], [28.9406, -2.29695], [28.94092, -2.2969], [28.94125, -2.29688], [28.94164, -2.29683], [28.94189, -2.29672], [28.94225, -2.2967], [28.94249, -2.29669], [28.94356, -2.29671], [28.94411, -2.2967], [28.94455, -2.29664], [28.94484, -2.29657], [28.94553, -2.29659], [28.94568, -2.29648], [28.946, -2.2964], [28.94617, -2.29638], [28.94645, -2.29626], [28.94676, -2.29614], [28.94697, -2.29597], [28.94717, -2.29577], [28.94755, -2.29514], [28.94776, -2.29487], [28.94801, -2.29453], [28.94821, -2.29412], [28.94826, -2.2939], [28.94861, -2.29374], [28.94893, -2.29366], [28.94955, -2.29343], [28.94971, -2.2932], [28.95023, -2.29308], [28.95057, -2.29296], [28.95088, -2.29286], [28.95131, -2.29247], [28.95171, -2.29206], [28.95201, -2.29176], [28.95213, -2.29159], [28.95235, -2.29107], [28.95262, -2.29046], [28.95255, -2.28989], [28.95271, -2.28958], [28.95271, -2.28927], [28.95294, -2.289], [28.95302, -2.28857], [28.95299, -2.28839], [28.95276, -2.28831], [28.95264, -2.28831], [28.95239, -2.28829], [28.95226, -2.28844], [28.95215, -2.28826], [28.95196, -2.2881], [28.95196, -2.28755], [28.95196, -2.28729], [28.95209, -2.28701], [28.95225, -2.28675], [28.95253, -2.2866], [28.95289, -2.28638], [28.95345, -2.28604], [28.95359, -2.28582], [28.95398, -2.28561], [28.95419, -2.28543], [28.95438, -2.28525], [28.95481, -2.28501], [28.95496, -2.28478], [28.95503, -2.28443], [28.95534, -2.28397], [28.95536, -2.28355], [28.95536, -2.28308], [28.95538, -2.2828], [28.95527, -2.28254], [28.95516, -2.2822], [28.95515, -2.2819], [28.95509, -2.28171], [28.95516, -2.28143], [28.95517, -2.28108], [28.95539, -2.28089], [28.95546, -2.2808], [28.95571, -2.28071], [28.95601, -2.28071], [28.95622, -2.28073], [28.9563, -2.28089], [28.95635, -2.28103], [28.95636, -2.28131], [28.95638, -2.28154], [28.95638, -2.28181], [28.95622, -2.2822], [28.9561, -2.28244], [28.95598, -2.28264], [28.9559, -2.28283], [28.9559, -2.28304], [28.95597, -2.28319], [28.9562, -2.28346], [28.95642, -2.28362], [28.95672, -2.28386], [28.95711, -2.2841], [28.95742, -2.28425], [28.9578, -2.2844], [28.95817, -2.2844], [28.95876, -2.28427], [28.95901, -2.28415], [28.95935, -2.28381], [28.95953, -2.28342], [28.95933, -2.2824], [28.95931, -2.28173], [28.95909, -2.2814], [28.95921, -2.28077], [28.95959, -2.28027], [28.95964, -2.27977], [28.95991, -2.27946], [28.95999, -2.27902], [28.96027, -2.27888], [28.9606, -2.27873], [28.96083, -2.2785], [28.9611, -2.27803], [28.9611, -2.2774], [28.96102, -2.27691], [28.96085, -2.27648], [28.96085, -2.27597], [28.96094, -2.27539], [28.96099, -2.27514], [28.96137, -2.27488], [28.96161, -2.27459], [28.96177, -2.2744], [28.96192, -2.2743], [28.96219, -2.27419], [28.96241, -2.27402], [28.96263, -2.27368], [28.96274, -2.27327], [28.96274, -2.27296], [28.96278, -2.27276], [28.96281, -2.27265], [28.9629, -2.27256], [28.96298, -2.27247], [28.96313, -2.27228], [28.96322, -2.27214], [28.9633, -2.27198], [28.96326, -2.27145], [28.96324, -2.27092], [28.96326, -2.27062], [28.96345, -2.27049], [28.9639, -2.27039], [28.96417, -2.27029], [28.96431, -2.27021], [28.96445, -2.27014], [28.9647, -2.26994], [28.96485, -2.26964], [28.96501, -2.2692], [28.96511, -2.26893], [28.96531, -2.26829], [28.96569, -2.26792], [28.96574, -2.26694], [28.96585, -2.26635], [28.96595, -2.26554], [28.96602, -2.26517], [28.96614, -2.26485], [28.96623, -2.26458], [28.96638, -2.26438], [28.96656, -2.2639], [28.96656, -2.26352], [28.96646, -2.26333], [28.96639, -2.26286], [28.96649, -2.2627], [28.96662, -2.26252], [28.96682, -2.26247], [28.96685, -2.26191], [28.96744, -2.26184], [28.9678, -2.26165], [28.96786, -2.26143], [28.96809, -2.26121], [28.9682, -2.2611], [28.96863, -2.26102], [28.96888, -2.2609], [28.96934, -2.26077], [28.96967, -2.26061], [28.96996, -2.26055], [28.97034, -2.26052], [28.97096, -2.26052], [28.9712, -2.26038], [28.97138, -2.26023], [28.97163, -2.26007], [28.9717, -2.25995], [28.97202, -2.25973], [28.97206, -2.25952], [28.97212, -2.25913], [28.97228, -2.25847], [28.97209, -2.25813], [28.97195, -2.25752], [28.97219, -2.25725], [28.97246, -2.25697], [28.97256, -2.25664], [28.97297, -2.25635], [28.97316, -2.25612], [28.97329, -2.25597], [28.97359, -2.25576], [28.97383, -2.25546], [28.97432, -2.25524], [28.97456, -2.2551], [28.97479, -2.25516], [28.97497, -2.25535], [28.97523, -2.25538], [28.97542, -2.2556], [28.97572, -2.25566], [28.97594, -2.25574], [28.97607, -2.25593], [28.97632, -2.25604], [28.97657, -2.25613], [28.9768, -2.25624], [28.97702, -2.25631], [28.97741, -2.25632], [28.97787, -2.2562], [28.97828, -2.25602], [28.97862, -2.25576], [28.97887, -2.25545], [28.97903, -2.25537], [28.97949, -2.25551], [28.97971, -2.25535], [28.97985, -2.25516], [28.98004, -2.25512], [28.98017, -2.25524], [28.98015, -2.25557], [28.98006, -2.25582], [28.97992, -2.25618], [28.97979, -2.25647], [28.97978, -2.25683], [28.97969, -2.25707], [28.97966, -2.25742], [28.97953, -2.25765], [28.97944, -2.25789], [28.97942, -2.25816], [28.97944, -2.25833], [28.97954, -2.25867], [28.97946, -2.25935], [28.97922, -2.25941], [28.97914, -2.2596], [28.97906, -2.26033], [28.97883, -2.26052], [28.97862, -2.26093], [28.97859, -2.26109], [28.97866, -2.26173], [28.97834, -2.26205], [28.9783, -2.26253], [28.9782, -2.2628], [28.97817, -2.26311], [28.97816, -2.26337], [28.97798, -2.26375], [28.97781, -2.26398], [28.97764, -2.26421], [28.97715, -2.26486], [28.97696, -2.26522], [28.9767, -2.26546], [28.97646, -2.26581], [28.97648, -2.26617], [28.97659, -2.26657], [28.97657, -2.26682], [28.97653, -2.26745], [28.97623, -2.26762], [28.9758, -2.26812], [28.97545, -2.26848], [28.97511, -2.26898], [28.97488, -2.26943], [28.97471, -2.26969], [28.97452, -2.27011], [28.97448, -2.27052], [28.97446, -2.27085], [28.97458, -2.27152], [28.97456, -2.27181], [28.97458, -2.27201], [28.97466, -2.27213], [28.97479, -2.27226], [28.97486, -2.27237], [28.97501, -2.27251], [28.97514, -2.27258], [28.97523, -2.27268], [28.97534, -2.27281], [28.97545, -2.27294], [28.97557, -2.27307], [28.97563, -2.27317], [28.97585, -2.27334], [28.9762, -2.27345], [28.97653, -2.27347], [28.9768, -2.27361], [28.97692, -2.2738], [28.97704, -2.27405], [28.97723, -2.27422], [28.97742, -2.27444], [28.97742, -2.27475], [28.97754, -2.27506], [28.97758, -2.27546], [28.97755, -2.27588], [28.97739, -2.27588], [28.9772, -2.27573], [28.97707, -2.27565], [28.97678, -2.27564], [28.97663, -2.27564], [28.97645, -2.27576], [28.97607, -2.27576], [28.97589, -2.27564], [28.97578, -2.27548], [28.97554, -2.27538], [28.97545, -2.27534], [28.97514, -2.27534], [28.97496, -2.27531], [28.97471, -2.27516], [28.97444, -2.27516], [28.9742, -2.27516], [28.97391, -2.27502], [28.97363, -2.27499], [28.97325, -2.27484], [28.97308, -2.27477], [28.97284, -2.27463], [28.97269, -2.27449], [28.97248, -2.27435], [28.97235, -2.27425], [28.97222, -2.2742], [28.97189, -2.2742], [28.97163, -2.27424], [28.97149, -2.27426], [28.97132, -2.27432], [28.97119, -2.27435], [28.97064, -2.27447], [28.97043, -2.27478], [28.97019, -2.27504], [28.96996, -2.27539], [28.96969, -2.27572], [28.96968, -2.27607], [28.96956, -2.27651], [28.96943, -2.27679], [28.96943, -2.27717], [28.96934, -2.27765], [28.96936, -2.27794], [28.96971, -2.2781], [28.96986, -2.2783], [28.96999, -2.27861], [28.97025, -2.27888], [28.97036, -2.27914], [28.97047, -2.27943], [28.97076, -2.27949], [28.97115, -2.27953], [28.9715, -2.27953], [28.97168, -2.27961], [28.97199, -2.27979], [28.97213, -2.27986], [28.97251, -2.28002], [28.97279, -2.27999], [28.97304, -2.27998], [28.97323, -2.27983], [28.97352, -2.27967], [28.97383, -2.27947], [28.97403, -2.27936], [28.97466, -2.27917], [28.97492, -2.27908], [28.97551, -2.27891], [28.97608, -2.27895], [28.97652, -2.27897], [28.9766, -2.27929], [28.97668, -2.27974], [28.97692, -2.28005], [28.97701, -2.28052], [28.97699, -2.2809], [28.97677, -2.28108], [28.9766, -2.28136], [28.97651, -2.28162], [28.97626, -2.28214], [28.97622, -2.28227], [28.9762, -2.2826], [28.9761, -2.28281], [28.97579, -2.2833], [28.97563, -2.28343], [28.9751, -2.28388], [28.97498, -2.28443], [28.97459, -2.28469], [28.97428, -2.28506], [28.97396, -2.28538], [28.97379, -2.28573], [28.97358, -2.286], [28.97337, -2.28637], [28.97319, -2.28663], [28.97302, -2.28691], [28.97302, -2.28716], [28.97293, -2.28744], [28.97263, -2.28779], [28.97258, -2.28807], [28.97251, -2.28855], [28.97246, -2.28891], [28.9724, -2.28924], [28.97222, -2.28955], [28.97221, -2.29009], [28.97189, -2.29055], [28.97178, -2.29087], [28.97177, -2.29157], [28.97147, -2.29181], [28.9714, -2.29197], [28.97133, -2.29221], [28.97113, -2.29241], [28.97095, -2.29247], [28.97063, -2.29249], [28.97037, -2.29249], [28.97011, -2.29249], [28.96999, -2.2924], [28.96977, -2.29211], [28.96984, -2.29174], [28.96986, -2.29158], [28.96974, -2.29137], [28.96944, -2.29131], [28.96918, -2.2913], [28.96895, -2.2913], [28.96865, -2.2913], [28.96852, -2.29127], [28.96837, -2.29109], [28.96818, -2.29094], [28.96807, -2.29081], [28.9678, -2.29061], [28.9674, -2.29061], [28.96708, -2.29062], [28.96693, -2.29074], [28.96668, -2.29082], [28.96641, -2.29084], [28.96623, -2.29094], [28.96575, -2.29082], [28.96533, -2.29089], [28.96498, -2.29103], [28.96481, -2.29106], [28.96448, -2.29115], [28.96432, -2.29115], [28.96372, -2.29112], [28.96317, -2.29106], [28.96285, -2.29107], [28.96257, -2.29098], [28.96236, -2.29098], [28.96212, -2.29099], [28.96192, -2.29088], [28.96168, -2.29077], [28.96146, -2.29065], [28.96137, -2.29059], [28.96109, -2.29044], [28.96054, -2.29033], [28.96017, -2.29017], [28.95995, -2.29004], [28.95984, -2.28988], [28.95978, -2.2897], [28.95967, -2.28952], [28.95953, -2.2893], [28.95924, -2.28889], [28.9592, -2.28866], [28.95904, -2.28842], [28.95896, -2.28813], [28.9586, -2.28793], [28.95837, -2.28783], [28.95793, -2.28787], [28.95757, -2.28787], [28.95729, -2.28794], [28.95683, -2.28813], [28.95665, -2.28857], [28.9563, -2.28906], [28.95614, -2.28937], [28.95596, -2.28974], [28.95571, -2.29012], [28.9556, -2.29051], [28.95539, -2.29089], [28.95527, -2.29115], [28.95504, -2.29156], [28.95487, -2.29174], [28.95472, -2.29194], [28.95458, -2.29232], [28.95447, -2.29259], [28.95429, -2.29276], [28.95413, -2.29299], [28.95398, -2.29319], [28.95397, -2.29344], [28.95382, -2.29364], [28.95365, -2.29378], [28.9535, -2.29401], [28.95356, -2.29445], [28.95347, -2.29483], [28.95362, -2.29514], [28.95377, -2.29528], [28.95394, -2.2954], [28.95414, -2.29554], [28.95426, -2.29558], [28.95438, -2.29567], [28.95438, -2.29542], [28.95438, -2.29519], [28.95438, -2.29501], [28.95457, -2.29478], [28.95467, -2.29456], [28.95469, -2.29435], [28.95484, -2.29416], [28.95496, -2.29403], [28.95516, -2.29382], [28.95527, -2.29352], [28.95557, -2.29325], [28.95578, -2.29299], [28.9559, -2.29269], [28.95605, -2.29245], [28.95623, -2.29215], [28.95626, -2.29165], [28.95646, -2.29146], [28.95671, -2.29121], [28.9568, -2.29094], [28.95696, -2.29063], [28.95728, -2.29032], [28.95763, -2.29027], [28.95792, -2.29018], [28.95828, -2.29033], [28.95847, -2.29044], [28.95862, -2.29055], [28.95877, -2.2907], [28.95889, -2.29087], [28.95903, -2.29105], [28.95923, -2.29125], [28.95942, -2.29132], [28.95981, -2.29152], [28.95996, -2.29162], [28.96015, -2.29175], [28.96024, -2.29183], [28.96052, -2.29188], [28.96098, -2.29177], [28.96128, -2.2917], [28.96149, -2.2917], [28.96173, -2.29171], [28.96204, -2.29176], [28.96248, -2.29189], [28.96273, -2.29203], [28.96296, -2.29219], [28.96311, -2.2923], [28.96318, -2.29236], [28.96329, -2.29246], [28.96345, -2.29262], [28.96368, -2.29276], [28.96381, -2.29281], [28.96409, -2.29283], [28.96449, -2.29272], [28.96455, -2.29264], [28.96484, -2.29257], [28.96511, -2.29269], [28.96538, -2.2928], [28.96563, -2.29297], [28.96572, -2.29309], [28.96575, -2.29364], [28.96589, -2.29387], [28.96606, -2.29391], [28.96623, -2.29391], [28.96637, -2.29374], [28.96652, -2.29362], [28.96668, -2.29347], [28.9668, -2.29327], [28.96686, -2.29314], [28.96723, -2.29313], [28.96729, -2.29351], [28.9673, -2.29382], [28.96736, -2.29418], [28.96724, -2.29451], [28.96711, -2.29478], [28.96675, -2.295], [28.9665, -2.29512], [28.96643, -2.29552], [28.96645, -2.29606], [28.96662, -2.2966], [28.96687, -2.29702], [28.96706, -2.2973], [28.96723, -2.29776], [28.96733, -2.29795], [28.96742, -2.29819], [28.96768, -2.29843], [28.96777, -2.29885], [28.96799, -2.29911], [28.96801, -2.29953], [28.96798, -2.2998], [28.96805, -2.3001], [28.96815, -2.30029], [28.96815, -2.30058], [28.96796, -2.30075], [28.96771, -2.3008], [28.96763, -2.30089], [28.96764, -2.30108], [28.9678, -2.30131], [28.96787, -2.30154], [28.96793, -2.30181], [28.96814, -2.30206], [28.96827, -2.30236], [28.96827, -2.30271], [28.96826, -2.303], [28.9682, -2.30369], [28.96793, -2.30431], [28.96763, -2.30429], [28.96742, -2.3043], [28.96719, -2.30435], [28.96698, -2.30459], [28.96667, -2.30461], [28.96636, -2.30461], [28.9662, -2.30462], [28.96605, -2.30493], [28.96591, -2.30509], [28.96585, -2.30524], [28.96582, -2.30551], [28.96535, -2.30557], [28.96504, -2.30557], [28.96467, -2.30543], [28.96416, -2.30545], [28.9639, -2.30559], [28.96376, -2.30563], [28.96348, -2.30575], [28.9633, -2.30586], [28.96317, -2.3061], [28.96304, -2.30642], [28.96298, -2.30655], [28.96271, -2.30653], [28.96247, -2.30618], [28.96228, -2.30588], [28.96204, -2.30553], [28.96173, -2.30553], [28.96156, -2.30562], [28.96137, -2.30566], [28.96125, -2.30569], [28.96108, -2.30572], [28.96091, -2.30574], [28.96073, -2.30551], [28.96037, -2.30542], [28.9601, -2.30536], [28.95989, -2.30537], [28.95972, -2.3055], [28.95936, -2.30553], [28.95912, -2.30562], [28.95906, -2.30568], [28.95906, -2.30586], [28.9592, -2.30603], [28.95949, -2.30618], [28.95941, -2.30649], [28.95947, -2.30685], [28.95943, -2.30706], [28.95955, -2.30718], [28.9597, -2.30717], [28.95992, -2.30702], [28.96002, -2.30685], [28.9602, -2.30669], [28.96049, -2.30658], [28.9609, -2.30663], [28.96112, -2.30663], [28.96138, -2.30669], [28.96138, -2.30691], [28.96148, -2.30713], [28.96163, -2.30748], [28.96154, -2.30791], [28.96133, -2.30827], [28.9613, -2.30861], [28.96153, -2.30893], [28.96181, -2.30898], [28.96197, -2.30893], [28.96228, -2.30886], [28.96255, -2.30867], [28.963, -2.30855], [28.96341, -2.30839], [28.96362, -2.30819], [28.96373, -2.30802], [28.96406, -2.30804], [28.96434, -2.30806], [28.96462, -2.30818], [28.96469, -2.30843], [28.96475, -2.30869], [28.96492, -2.30898], [28.96486, -2.3094], [28.96476, -2.30977], [28.96486, -2.31005], [28.96495, -2.31037], [28.96501, -2.31059], [28.9651, -2.31082], [28.96523, -2.31103], [28.96518, -2.31145], [28.96519, -2.31178], [28.96529, -2.31207], [28.96553, -2.31241], [28.96562, -2.31265], [28.96568, -2.31295], [28.96577, -2.31327], [28.96574, -2.31347], [28.96568, -2.31377], [28.96562, -2.31415], [28.96554, -2.31459], [28.96535, -2.31475], [28.96531, -2.31503], [28.96569, -2.3152], [28.96617, -2.31545], [28.96611, -2.31575], [28.96645, -2.3163], [28.96648, -2.31655], [28.96662, -2.3168], [28.96682, -2.31752], [28.96706, -2.31791], [28.96729, -2.3181], [28.9673, -2.31836], [28.96724, -2.31853], [28.96721, -2.31865], [28.96724, -2.31877], [28.96757, -2.31906], [28.96754, -2.31941], [28.96749, -2.3197], [28.9673, -2.32003], [28.96708, -2.32025], [28.96683, -2.3208], [28.96668, -2.32103], [28.96668, -2.32158], [28.96667, -2.32222], [28.96692, -2.32279], [28.96708, -2.32318], [28.96708, -2.32412], [28.96687, -2.32457], [28.96687, -2.32486], [28.9668, -2.32518], [28.96671, -2.32544], [28.9666, -2.32568], [28.96664, -2.32612], [28.96658, -2.32638], [28.96652, -2.32661], [28.96612, -2.32673], [28.96595, -2.32702], [28.9658, -2.32738], [28.96588, -2.32832], [28.96591, -2.32953], [28.96591, -2.33058], [28.96557, -2.33081], [28.96526, -2.33121], [28.96498, -2.33149], [28.96494, -2.33169], [28.96482, -2.33182], [28.96478, -2.332], [28.96475, -2.33219], [28.9646, -2.33252], [28.96443, -2.33266], [28.96406, -2.33297], [28.96387, -2.33316], [28.96356, -2.33344], [28.96322, -2.33365], [28.96321, -2.33425], [28.96304, -2.33494], [28.96278, -2.33508], [28.96257, -2.33527], [28.96206, -2.33545], [28.96167, -2.33555], [28.96155, -2.33576], [28.96121, -2.33591], [28.96071, -2.33599], [28.96029, -2.3362], [28.96025, -2.33616], [28.95989, -2.33615], [28.95956, -2.3362], [28.95935, -2.3362], [28.95898, -2.33617], [28.95862, -2.33605], [28.95836, -2.33594], [28.95792, -2.33605], [28.95763, -2.33603], [28.95745, -2.33588], [28.95719, -2.33571], [28.95697, -2.33571], [28.95676, -2.3357], [28.95665, -2.33573], [28.95654, -2.33594], [28.95652, -2.33623], [28.95651, -2.33642], [28.95628, -2.3366], [28.95578, -2.33661], [28.95554, -2.3364], [28.95534, -2.33626], [28.95517, -2.33616], [28.95497, -2.33619], [28.95473, -2.33621], [28.95442, -2.3362], [28.95426, -2.33611], [28.95414, -2.33603], [28.95397, -2.33603], [28.95379, -2.33614], [28.95331, -2.33604], [28.9532, -2.33592], [28.95294, -2.33579], [28.95276, -2.3356], [28.95256, -2.33538], [28.95241, -2.33526], [28.95226, -2.33527], [28.95212, -2.33535], [28.95203, -2.33551], [28.9519, -2.33554], [28.95177, -2.33555], [28.95162, -2.33546], [28.95128, -2.33538], [28.95093, -2.33517], [28.95056, -2.33517], [28.9503, -2.33502], [28.94999, -2.3352], [28.94986, -2.33536], [28.94965, -2.33536], [28.94952, -2.33536], [28.94925, -2.33538], [28.94877, -2.3354], [28.94833, -2.33547], [28.94781, -2.3354], [28.94758, -2.3353], [28.94739, -2.33504], [28.9473, -2.335], [28.94712, -2.33505], [28.94701, -2.3352], [28.94675, -2.33521], [28.94654, -2.33516], [28.94644, -2.33513], [28.94625, -2.33513], [28.94614, -2.33511], [28.9461, -2.33511], [28.94584, -2.33535], [28.94563, -2.33545], [28.94536, -2.33542], [28.94518, -2.33538], [28.94509, -2.33529], [28.94497, -2.33519], [28.94484, -2.33491], [28.94482, -2.33456], [28.94453, -2.33414], [28.94426, -2.33439], [28.94373, -2.33428], [28.94354, -2.33384], [28.9433, -2.33365], [28.94302, -2.3335], [28.94286, -2.33348], [28.94237, -2.33353], [28.94223, -2.33348], [28.94171, -2.33379], [28.94142, -2.33416], [28.94137, -2.33457], [28.94135, -2.33486], [28.94133, -2.33525], [28.9413, -2.33572], [28.94121, -2.33624], [28.94104, -2.33674], [28.9409, -2.33711], [28.94065, -2.33753], [28.94034, -2.33764], [28.93998, -2.33765], [28.93974, -2.33771], [28.93915, -2.33772], [28.9389, -2.33777], [28.93852, -2.33777], [28.93816, -2.33768], [28.93796, -2.33757], [28.93763, -2.33748], [28.93727, -2.33742], [28.93709, -2.33743], [28.93686, -2.33754], [28.93667, -2.33772], [28.93653, -2.33789], [28.93635, -2.33835], [28.93619, -2.3383], [28.93594, -2.33822], [28.93573, -2.33814], [28.93556, -2.33815], [28.93519, -2.33829], [28.93498, -2.3383], [28.93484, -2.3383], [28.93464, -2.3383], [28.93434, -2.33833], [28.93421, -2.33834], [28.93389, -2.33849], [28.93362, -2.3386], [28.9335, -2.3387], [28.93326, -2.33879], [28.93293, -2.33881], [28.93276, -2.33881], [28.93249, -2.33878], [28.93203, -2.33845], [28.9317, -2.33812], [28.93146, -2.33789], [28.9313, -2.33771], [28.93111, -2.33746], [28.9309, -2.33723], [28.9307, -2.33707], [28.93052, -2.33718], [28.93013, -2.33721], [28.92977, -2.33709], [28.9296, -2.33682], [28.92938, -2.3367], [28.9291, -2.3367], [28.92889, -2.33672], [28.92861, -2.33676], [28.92845, -2.33679], [28.9283, -2.33679], [28.928, -2.33701], [28.92788, -2.33727], [28.92775, -2.33752], [28.9276, -2.33774], [28.9273, -2.3379], [28.927, -2.33783], [28.92688, -2.33777], [28.92664, -2.33777], [28.92654, -2.33766], [28.92613, -2.33754], [28.92568, -2.33736], [28.92532, -2.33732], [28.92491, -2.33746], [28.92481, -2.33772], [28.92469, -2.33797], [28.92469, -2.33827], [28.92469, -2.33855], [28.92468, -2.33887], [28.92438, -2.33912], [28.92431, -2.33935], [28.92417, -2.33958], [28.9241, -2.33997], [28.92403, -2.34041], [28.92403, -2.34066], [28.92406, -2.34088], [28.92402, -2.3411], [28.92379, -2.34097], [28.9235, -2.34077], [28.92318, -2.34061], [28.92296, -2.34031], [28.92283, -2.34013], [28.92264, -2.34003], [28.92241, -2.33979], [28.92192, -2.33984], [28.92165, -2.33984], [28.92155, -2.34005], [28.92146, -2.34017], [28.92091, -2.34022], [28.92049, -2.34015], [28.92034, -2.34019], [28.92026, -2.34029], [28.9201, -2.34041], [28.91973, -2.34044], [28.91933, -2.34028], [28.91905, -2.34], [28.91876, -2.33979], [28.91871, -2.33946], [28.91852, -2.33916], [28.91829, -2.33916], [28.91813, -2.33929], [28.91777, -2.3393], [28.91775, -2.33929], [28.91739, -2.33925], [28.91715, -2.33925], [28.91711, -2.33935], [28.91687, -2.33935], [28.91667, -2.33924], [28.91651, -2.33931], [28.91626, -2.33937], [28.91609, -2.33943], [28.91604, -2.33944], [28.91588, -2.33971], [28.91588, -2.33998], [28.91588, -2.34044], [28.9157, -2.34067], [28.91565, -2.3409], [28.91559, -2.34113], [28.91545, -2.34134], [28.91525, -2.3416], [28.91506, -2.34176], [28.91494, -2.34188], [28.91483, -2.342], [28.91459, -2.34223], [28.91453, -2.34249], [28.91455, -2.34275], [28.91455, -2.34298], [28.9146, -2.34323], [28.91464, -2.34349], [28.91469, -2.34364], [28.91469, -2.34388], [28.91469, -2.34418], [28.9146, -2.34443], [28.91439, -2.34457], [28.9141, -2.34477], [28.91382, -2.34495], [28.91347, -2.345], [28.91341, -2.34525], [28.91309, -2.34554], [28.91299, -2.3458], [28.91299, -2.34612], [28.91299, -2.3465], [28.91277, -2.34687], [28.9127, -2.34709], [28.91251, -2.34723], [28.91223, -2.34693], [28.91206, -2.34633], [28.91194, -2.34602], [28.91171, -2.3457], [28.91142, -2.34544], [28.91094, -2.34511], [28.91079, -2.34512], [28.91052, -2.34493], [28.91021, -2.34486], [28.90983, -2.34486], [28.90923, -2.34483], [28.90901, -2.34506], [28.9088, -2.34513], [28.90868, -2.34542], [28.90839, -2.34554], [28.90829, -2.34581], [28.90812, -2.346], [28.90793, -2.34611], [28.90761, -2.34613], [28.9072, -2.34591], [28.90681, -2.34581], [28.90648, -2.34575], [28.90626, -2.34595], [28.90609, -2.34612], [28.9059, -2.34644], [28.90567, -2.34685], [28.90559, -2.34712], [28.90547, -2.34748], [28.90522, -2.34762], [28.9049, -2.34738], [28.90472, -2.34726], [28.90448, -2.34724], [28.90362, -2.34704], [28.90321, -2.34676], [28.90284, -2.34687], [28.90255, -2.3468], [28.90241, -2.34688], [28.90226, -2.3469], [28.9021, -2.347], [28.9019, -2.34709], [28.90173, -2.34704], [28.90157, -2.34701], [28.90123, -2.34701], [28.90098, -2.34699], [28.90066, -2.34699], [28.90052, -2.34709], [28.90029, -2.3473], [28.90011, -2.34751], [28.90007, -2.34778], [28.89991, -2.34828], [28.89964, -2.34844], [28.89932, -2.34856], [28.89917, -2.34875], [28.89878, -2.34902], [28.8982, -2.34902], [28.89795, -2.34907], [28.89732, -2.34916], [28.897, -2.34939], [28.89679, -2.34958], [28.89647, -2.34999], [28.89613, -2.35005], [28.89604, -2.3501], [28.89594, -2.35025], [28.89583, -2.35034], [28.89563, -2.35044], [28.89519, -2.35069], [28.89495, -2.35082], [28.89462, -2.35107], [28.89434, -2.35141], [28.8943, -2.35187], [28.8943, -2.35238], [28.89433, -2.35273], [28.89443, -2.35303], [28.89432, -2.35344], [28.89411, -2.35369], [28.89399, -2.354], [28.89398, -2.3541], [28.89397, -2.35434], [28.89376, -2.35473], [28.89359, -2.35515], [28.89345, -2.3554], [28.89345, -2.3557], [28.89352, -2.35608], [28.8935, -2.35636], [28.89357, -2.35674], [28.89355, -2.35705], [28.89334, -2.35728], [28.89315, -2.35741], [28.89303, -2.35767], [28.8938, -2.36018], [28.89454, -2.36394], [28.89567, -2.36658], [28.89754, -2.36922], [28.9054, -2.37341], [28.89275, -2.38237], [28.88174, -2.39601], [28.87208, -2.42675], [28.87168, -2.43614], [28.87164, -2.43714]]]}}, {"type": "Feature", "properties": {"zone": "Vuhovi", "province": "Nord-Kivu", "confirmed_cases": 35, "confirmed_deaths": 10}, "geometry": {"type": "Polygon", "coordinates": [[[29.22382, 0.16054], [29.22041, 0.16054], [29.21504, 0.16347], [29.20869, 0.16543], [29.20283, 0.16591], [29.19795, 0.16591], [29.19258, 0.1664], [29.18477, 0.16787], [29.17891, 0.17128], [29.17598, 0.17519], [29.17354, 0.17958], [29.17354, 0.18544], [29.17208, 0.1913], [29.17041, 0.19334], [29.16768, 0.19667], [29.16622, 0.20009], [29.17452, 0.20399], [29.17794, 0.20985], [29.17696, 0.2162], [29.16866, 0.22059], [29.16866, 0.2245], [29.16085, 0.22352], [29.15402, 0.22547], [29.15337, 0.22741], [29.15223, 0.22867], [29.15102, 0.22882], [29.14891, 0.2293], [29.14891, 0.22831], [29.1481, 0.22712], [29.14576, 0.22767], [29.14437, 0.22892], [29.14121, 0.23038], [29.13795, 0.23037], [29.13537, 0.23045], [29.13154, 0.23101], [29.12845, 0.23183], [29.12688, 0.23276], [29.12416, 0.23349], [29.12273, 0.23448], [29.12034, 0.23516], [29.1197, 0.23577], [29.1187, 0.23672], [29.11736, 0.23861], [29.11572, 0.23933], [29.11376, 0.23973], [29.11245, 0.23907], [29.11147, 0.23852], [29.10999, 0.23838], [29.10882, 0.23838], [29.10771, 0.23852], [29.10633, 0.23917], [29.10403, 0.24158], [29.10295, 0.24286], [29.10254, 0.24295], [29.10248, 0.24344], [29.10215, 0.2438], [29.10203, 0.24469], [29.10149, 0.24485], [29.10133, 0.24518], [29.10078, 0.2459], [29.10051, 0.24634], [29.09981, 0.24665], [29.09901, 0.24636], [29.09863, 0.24605], [29.09891, 0.24543], [29.09836, 0.24488], [29.09759, 0.24484], [29.09669, 0.24464], [29.09593, 0.24441], [29.09249, 0.24445], [29.09206, 0.24463], [29.09127, 0.24416], [29.09029, 0.24456], [29.08944, 0.24525], [29.08893, 0.24525], [29.0882, 0.24563], [29.08747, 0.24616], [29.08663, 0.24594], [29.08585, 0.24588], [29.0847, 0.24572], [29.08401, 0.24591], [29.08342, 0.24612], [29.08247, 0.24605], [29.08154, 0.24556], [29.08109, 0.24602], [29.08078, 0.24668], [29.07974, 0.24732], [29.0793, 0.24821], [29.07682, 0.24805], [29.07629, 0.2474], [29.07532, 0.24764], [29.07524, 0.24851], [29.07508, 0.2494], [29.07457, 0.24988], [29.0738, 0.2501], [29.07355, 0.24942], [29.07284, 0.24966], [29.07271, 0.25117], [29.07244, 0.25093], [29.07136, 0.25089], [29.07129, 0.25027], [29.07147, 0.24947], [29.0715, 0.24864], [29.07122, 0.24802], [29.07014, 0.24804], [29.06951, 0.2477], [29.06926, 0.2472], [29.06853, 0.24708], [29.06614, 0.24708], [29.06476, 0.24737], [29.06344, 0.24798], [29.0625, 0.24861], [29.06185, 0.24982], [29.06113, 0.25052], [29.06002, 0.25114], [29.05878, 0.2514], [29.05815, 0.25211], [29.05763, 0.25279], [29.05655, 0.2531], [29.05641, 0.25386], [29.05568, 0.25381], [29.0549, 0.25388], [29.05412, 0.25448], [29.05359, 0.25426], [29.05275, 0.25435], [29.05248, 0.25386], [29.05141, 0.25398], [29.05002, 0.25397], [29.04872, 0.25444], [29.04714, 0.25493], [29.04645, 0.25544], [29.04561, 0.25673], [29.04546, 0.25757], [29.04463, 0.25841], [29.04403, 0.25872], [29.04325, 0.25802], [29.04263, 0.25797], [29.04176, 0.25797], [29.04115, 0.25764], [29.0408, 0.2572], [29.04022, 0.25668], [29.03955, 0.2564], [29.03913, 0.25659], [29.03869, 0.2569], [29.03803, 0.25746], [29.03742, 0.25794], [29.03714, 0.25841], [29.03685, 0.25893], [29.03618, 0.25984], [29.03562, 0.26018], [29.03556, 0.26068], [29.0351, 0.26068], [29.03449, 0.2603], [29.03378, 0.26003], [29.03304, 0.25991], [29.03202, 0.25993], [29.03152, 0.26005], [29.0308, 0.26027], [29.03072, 0.26078], [29.03062, 0.26154], [29.03031, 0.26193], [29.02994, 0.2622], [29.02922, 0.26233], [29.02854, 0.26257], [29.02785, 0.26283], [29.02591, 0.26273], [29.02525, 0.26301], [29.02432, 0.2637], [29.02373, 0.26449], [29.02288, 0.26459], [29.02181, 0.26459], [29.02144, 0.26519], [29.02136, 0.2657], [29.02068, 0.2663], [29.02012, 0.26648], [29.01963, 0.26714], [29.01972, 0.26782], [29.02024, 0.26792], [29.02025, 0.26938], [29.02029, 0.26983], [29.02029, 0.27107], [29.02015, 0.27197], [29.01998, 0.27258], [29.01939, 0.27421], [29.01882, 0.27481], [29.01882, 0.27666], [29.01929, 0.27711], [29.01885, 0.27846], [29.01823, 0.27854], [29.01771, 0.27908], [29.01767, 0.27968], [29.01745, 0.28046], [29.01705, 0.28107], [29.01602, 0.28176], [29.01532, 0.28226], [29.01485, 0.28293], [29.01392, 0.28349], [29.01352, 0.28281], [29.01262, 0.28266], [29.01166, 0.28269], [29.01085, 0.28349], [29.00995, 0.28366], [29.00882, 0.28353], [29.00852, 0.28383], [29.00799, 0.28496], [29.00781, 0.28574], [29.00832, 0.28595], [29.00832, 0.28653], [29.00743, 0.28754], [29.00683, 0.28766], [29.00647, 0.28821], [29.00607, 0.28855], [29.00498, 0.28862], [29.00396, 0.28903], [29.00283, 0.28881], [29.00218, 0.28909], [29.00134, 0.28984], [29.00078, 0.29058], [29.00075, 0.29125], [29.00143, 0.29161], [29.00239, 0.29154], [29.00244, 0.29226], [29.00196, 0.29375], [29.0009, 0.29375], [29.00035, 0.29384], [29.0001, 0.29423], [28.99944, 0.29395], [28.99887, 0.29462], [28.99966, 0.29549], [29.00011, 0.29576], [29.00011, 0.29738], [29.00057, 0.29856], [29.00069, 0.29929], [29.00029, 0.30005], [28.99967, 0.30052], [28.99945, 0.30072], [28.99902, 0.30114], [28.99904, 0.30194], [28.99957, 0.3028], [28.99976, 0.30406], [28.99966, 0.30416], [28.99852, 0.30504], [28.99726, 0.30579], [28.9972, 0.30583], [28.99574, 0.30675], [28.99554, 0.30688], [28.99405, 0.30758], [28.99309, 0.30854], [28.99274, 0.3088], [28.99204, 0.30924], [28.99134, 0.30924], [28.99081, 0.30872], [28.9902, 0.30775], [28.98932, 0.30732], [28.98924, 0.30729], [28.98792, 0.30688], [28.98524, 0.30654], [28.98774, 0.30779], [28.98792, 0.31154], [28.99149, 0.3119], [28.99184, 0.31279], [28.99291, 0.31368], [28.99381, 0.31618], [28.99327, 0.31868], [28.99363, 0.32064], [28.99559, 0.32189], [28.9963, 0.32457], [28.99488, 0.326], [28.99452, 0.32689], [28.99452, 0.32974], [28.99737, 0.33188], [28.99941, 0.33305], [28.99945, 0.33303], [28.99942, 0.33301], [29.00065, 0.33232], [29.00238, 0.33214], [29.00305, 0.33214], [29.0041, 0.33152], [29.00454, 0.33096], [29.0054, 0.33059], [29.00608, 0.33078], [29.00663, 0.33146], [29.0075, 0.33201], [29.00836, 0.3322], [29.00916, 0.3322], [29.00966, 0.33232], [29.0096, 0.33306], [29.00966, 0.33405], [29.01015, 0.33504], [29.01021, 0.33602], [29.01077, 0.33695], [29.01126, 0.33781], [29.01274, 0.33781], [29.01385, 0.338], [29.01515, 0.33849], [29.01657, 0.3388], [29.01824, 0.33948], [29.0199, 0.33942], [29.02101, 0.33929], [29.02243, 0.33917], [29.0233, 0.33837], [29.02441, 0.33788], [29.02527, 0.33751], [29.0262, 0.33744], [29.0265, 0.33678], [29.02644, 0.33569], [29.02662, 0.33464], [29.02662, 0.33464], [29.02663, 0.3346], [29.02768, 0.33442], [29.02848, 0.33473], [29.02891, 0.33479], [29.02971, 0.33553], [29.0307, 0.33565], [29.03157, 0.33541], [29.03237, 0.33602], [29.03231, 0.33695], [29.03311, 0.33874], [29.03428, 0.33948], [29.03539, 0.34078], [29.03632, 0.34183], [29.03805, 0.34183], [29.03903, 0.34152], [29.0399, 0.34078], [29.04144, 0.34004], [29.04249, 0.33911], [29.04416, 0.33825], [29.04588, 0.33788], [29.04706, 0.33775], [29.05088, 0.33738], [29.05168, 0.33676], [29.05255, 0.33553], [29.05354, 0.33467], [29.0544, 0.33442], [29.05545, 0.33473], [29.05582, 0.33578], [29.05674, 0.33633], [29.05779, 0.33726], [29.05804, 0.3388], [29.0586, 0.33997], [29.06069, 0.34059], [29.06119, 0.34108], [29.06187, 0.34183], [29.06322, 0.34226], [29.06483, 0.34133], [29.06643, 0.34065], [29.06798, 0.34065], [29.07026, 0.34152], [29.07149, 0.34183], [29.07279, 0.34201], [29.0739, 0.34201], [29.07551, 0.3425], [29.07631, 0.34201], [29.07853, 0.34121], [29.07952, 0.34034], [29.08001, 0.33923], [29.0805, 0.33843], [29.0818, 0.33751], [29.08254, 0.338], [29.08433, 0.33812], [29.08519, 0.33812], [29.08587, 0.33849], [29.0863, 0.33862], [29.08674, 0.33954], [29.08809, 0.34041], [29.08939, 0.34102], [29.09093, 0.34102], [29.09241, 0.34078], [29.09377, 0.34071], [29.09606, 0.34071], [29.09772, 0.34047], [29.09951, 0.33973], [29.10031, 0.33849], [29.10155, 0.338], [29.10297, 0.33683], [29.1042, 0.33689], [29.10476, 0.33572], [29.10562, 0.33479], [29.10673, 0.33411], [29.10747, 0.33337], [29.10771, 0.33193], [29.10771, 0.33193], [29.10772, 0.33189], [29.10834, 0.33195], [29.10939, 0.33164], [29.10994, 0.33041], [29.11043, 0.32967], [29.11124, 0.33047], [29.11185, 0.33121], [29.11266, 0.33121], [29.11346, 0.33066], [29.11432, 0.3301], [29.11475, 0.32936], [29.11519, 0.32806], [29.11642, 0.32812], [29.11722, 0.3288], [29.1179, 0.32874], [29.11895, 0.32819], [29.12025, 0.32738], [29.12197, 0.32726], [29.1229, 0.32769], [29.12395, 0.32825], [29.12463, 0.32868], [29.125, 0.32991], [29.12512, 0.33121], [29.12555, 0.33238], [29.12592, 0.33331], [29.12673, 0.33349], [29.12716, 0.33454], [29.12852, 0.33547], [29.12987, 0.33522], [29.13135, 0.33448], [29.13321, 0.33405], [29.13524, 0.33411], [29.13611, 0.33362], [29.13679, 0.33306], [29.13808, 0.33263], [29.13925, 0.33288], [29.13975, 0.333], [29.13993, 0.33393], [29.13987, 0.33516], [29.14148, 0.33596], [29.14234, 0.33621], [29.14357, 0.33584], [29.14518, 0.33547], [29.14549, 0.3359], [29.14623, 0.33602], [29.14647, 0.33491], [29.14728, 0.33386], [29.14789, 0.33386], [29.14925, 0.33411], [29.14962, 0.33473], [29.15055, 0.33491], [29.15141, 0.33473], [29.15258, 0.33423], [29.15332, 0.3343], [29.15394, 0.33491], [29.15511, 0.33491], [29.15561, 0.33541], [29.15672, 0.33541], [29.15789, 0.33504], [29.159, 0.33448], [29.16005, 0.33319], [29.1611, 0.33294], [29.16184, 0.33306], [29.16203, 0.33411], [29.1627, 0.33467], [29.16406, 0.33547], [29.16474, 0.33602], [29.16591, 0.33658], [29.16764, 0.33609], [29.16906, 0.33633], [29.17011, 0.33689], [29.17153, 0.33713], [29.17184, 0.33732], [29.17264, 0.33781], [29.17425, 0.33757], [29.17523, 0.33713], [29.17671, 0.33757], [29.17894, 0.33683], [29.18023, 0.33707], [29.18147, 0.33769], [29.18282, 0.33763], [29.18449, 0.33738], [29.18628, 0.33744], [29.1885, 0.33726], [29.18967, 0.3372], [29.1906, 0.33775], [29.19165, 0.338], [29.19325, 0.33788], [29.19504, 0.33788], [29.19621, 0.33751], [29.19689, 0.33744], [29.19794, 0.33757], [29.19905, 0.33806], [29.20029, 0.33837], [29.20103, 0.33923], [29.20226, 0.33942], [29.20344, 0.34004], [29.20411, 0.33991], [29.20424, 0.34059], [29.20498, 0.34152], [29.20597, 0.34232], [29.20701, 0.34281], [29.208, 0.34349], [29.20825, 0.34423], [29.20837, 0.34497], [29.20874, 0.3454], [29.2093, 0.34584], [29.20991, 0.34639], [29.21035, 0.34707], [29.21084, 0.3475], [29.2117, 0.34769], [29.21214, 0.34818], [29.21319, 0.3483], [29.21448, 0.3483], [29.21547, 0.34905], [29.21658, 0.34954], [29.21738, 0.35028], [29.21788, 0.35121], [29.218, 0.35269], [29.21831, 0.35386], [29.21831, 0.35497], [29.21905, 0.35608], [29.21979, 0.35762], [29.22047, 0.35818], [29.22232, 0.35812], [29.22485, 0.35812], [29.2259, 0.35812], [29.22726, 0.3583], [29.22843, 0.35836], [29.22929, 0.35824], [29.23022, 0.35812], [29.23084, 0.35861], [29.23151, 0.35849], [29.23219, 0.35793], [29.23312, 0.35793], [29.23398, 0.35812], [29.23528, 0.3583], [29.23608, 0.35836], [29.23719, 0.35812], [29.23775, 0.35812], [29.23873, 0.35843], [29.2396, 0.35849], [29.24028, 0.35843], [29.24077, 0.35898], [29.24126, 0.35941], [29.2425, 0.3596], [29.24349, 0.35978], [29.2441, 0.36065], [29.24441, 0.36139], [29.2446, 0.36238], [29.24497, 0.36318], [29.24595, 0.36324], [29.24676, 0.36268], [29.24731, 0.36268], [29.24762, 0.36312], [29.24756, 0.36355], [29.24756, 0.36355], [29.24755, 0.36359], [29.24719, 0.36407], [29.24719, 0.36484], [29.24787, 0.36509], [29.24824, 0.36546], [29.24824, 0.36595], [29.24823, 0.36599], [29.24823, 0.36599], [29.24805, 0.36692], [29.24757, 0.36782], [29.24774, 0.36811], [29.24781, 0.36892], [29.24824, 0.36966], [29.24823, 0.36969], [29.24823, 0.3697], [29.248, 0.37022], [29.24842, 0.37126], [29.24842, 0.37219], [29.24867, 0.37299], [29.24886, 0.37385], [29.24966, 0.37453], [29.24972, 0.37577], [29.24971, 0.37577], [29.24971, 0.37581], [29.24788, 0.37746], [29.24805, 0.37805], [29.24886, 0.37891], [29.24966, 0.37984], [29.24947, 0.38083], [29.24947, 0.38163], [29.24947, 0.38166], [29.24947, 0.38167], [29.24929, 0.38232], [29.24935, 0.38305], [29.24972, 0.38379], [29.25027, 0.38472], [29.25025, 0.38472], [29.25027, 0.38475], [29.24977, 0.38494], [29.24866, 0.38463], [29.24817, 0.38549], [29.24743, 0.38654], [29.24601, 0.38741], [29.24583, 0.38873], [29.247, 0.38866], [29.24811, 0.38829], [29.2483, 0.38891], [29.2483, 0.38984], [29.2483, 0.39101], [29.24829, 0.39102], [29.24829, 0.39105], [29.24743, 0.39179], [29.24682, 0.39252], [29.24667, 0.39388], [29.24763, 0.39416], [29.24858, 0.39412], [29.24939, 0.39426], [29.24958, 0.39464], [29.24956, 0.39466], [29.24957, 0.39468], [29.24919, 0.3953], [29.24872, 0.39605], [29.24862, 0.39707], [29.24915, 0.39773], [29.24943, 0.39826], [29.24943, 0.3994], [29.25024, 0.39926], [29.25053, 0.39902], [29.25158, 0.39835], [29.25224, 0.39778], [29.2531, 0.39721], [29.25348, 0.39678], [29.25414, 0.39645], [29.25448, 0.39673], [29.25491, 0.39754], [29.25476, 0.39845], [29.25476, 0.39845], [29.25476, 0.39848], [29.2543, 0.39903], [29.25486, 0.39949], [29.25548, 0.39883], [29.2561, 0.39788], [29.25642, 0.39714], [29.25604, 0.39649], [29.25585, 0.39601], [29.25587, 0.396], [29.25586, 0.39597], [29.25671, 0.39559], [29.25776, 0.39559], [29.25967, 0.39492], [29.26062, 0.39445], [29.26138, 0.39478], [29.26176, 0.39535], [29.26276, 0.39502], [29.26276, 0.39573], [29.26271, 0.3963], [29.26347, 0.39645], [29.26423, 0.3964], [29.26509, 0.39635], [29.26533, 0.39688], [29.26561, 0.39773], [29.26604, 0.39811], [29.26676, 0.3983], [29.26704, 0.39792], [29.26737, 0.39788], [29.26799, 0.3983], [29.26818, 0.39864], [29.26847, 0.39859], [29.26918, 0.39835], [29.26994, 0.39868], [29.27071, 0.39854], [29.27185, 0.39859], [29.2728, 0.39845], [29.27337, 0.39764], [29.27418, 0.39735], [29.27441, 0.39703], [29.27441, 0.39606], [29.27441, 0.39515], [29.27442, 0.39513], [29.27442, 0.39512], [29.27461, 0.3945], [29.27489, 0.39359], [29.27542, 0.39321], [29.27627, 0.39316], [29.2768, 0.39297], [29.27756, 0.39278], [29.27875, 0.39255], [29.2798, 0.3915], [29.2806, 0.39102], [29.28141, 0.39093], [29.28217, 0.39017], [29.28236, 0.38956], [29.28245, 0.38892], [29.28231, 0.38825], [29.28193, 0.38768], [29.28164, 0.38683], [29.28165, 0.38679], [29.28165, 0.38679], [29.28174, 0.38643], [29.28183, 0.38568], [29.28184, 0.38566], [29.28184, 0.38564], [29.28199, 0.38503], [29.28202, 0.38492], [29.28193, 0.38364], [29.28169, 0.38311], [29.28126, 0.38216], [29.28055, 0.3824], [29.2806, 0.38164], [29.2806, 0.38164], [29.2806, 0.3816], [29.28132, 0.3816], [29.28213, 0.38117], [29.28258, 0.38072], [29.28202, 0.38007], [29.28198, 0.37931], [29.28199, 0.3793], [29.28198, 0.37927], [29.28227, 0.37922], [29.28294, 0.37874], [29.28356, 0.37803], [29.28394, 0.37727], [29.28445, 0.37623], [29.2845, 0.37536], [29.28451, 0.37535], [29.28451, 0.37532], [29.28503, 0.37513], [29.28593, 0.37513], [29.2867, 0.37513], [29.28731, 0.37451], [29.28798, 0.37418], [29.2885, 0.3737], [29.28927, 0.37284], [29.29027, 0.37189], [29.29084, 0.37189], [29.29155, 0.37222], [29.29212, 0.37222], [29.29216, 0.37174], [29.29169, 0.37088], [29.29169, 0.36927], [29.29173, 0.36798], [29.29174, 0.36797], [29.29174, 0.36794], [29.29225, 0.36743], [29.29211, 0.36655], [29.29192, 0.36546], [29.29192, 0.36451], [29.29193, 0.36449], [29.29193, 0.36447], [29.29241, 0.36361], [29.29322, 0.36261], [29.29431, 0.36223], [29.29459, 0.36135], [29.29459, 0.3606], [29.29459, 0.3596], [29.29402, 0.35913], [29.29359, 0.35846], [29.29278, 0.35822], [29.29264, 0.35765], [29.29265, 0.35764], [29.29264, 0.35761], [29.29298, 0.35714], [29.29426, 0.35785], [29.29517, 0.3579], [29.29631, 0.35785], [29.29712, 0.35785], [29.29807, 0.35771], [29.29835, 0.35762], [29.2984, 0.3568], [29.2984, 0.35623], [29.29816, 0.35556], [29.29801, 0.35456], [29.29802, 0.35454], [29.29802, 0.35452], [29.29864, 0.35333], [29.29962, 0.35258], [29.29939, 0.35194], [29.29959, 0.3509], [29.29959, 0.3509], [29.29959, 0.35086], [29.30064, 0.34995], [29.30169, 0.34981], [29.30211, 0.34981], [29.30264, 0.35], [29.30321, 0.35048], [29.30359, 0.35062], [29.30407, 0.3509], [29.30464, 0.35086], [29.30483, 0.35048], [29.30501, 0.34928], [29.30501, 0.34928], [29.30502, 0.34924], [29.30559, 0.34853], [29.30568, 0.3479], [29.30515, 0.34742], [29.30458, 0.34728], [29.30444, 0.34676], [29.3043, 0.34604], [29.30425, 0.34542], [29.30368, 0.34504], [29.30368, 0.34447], [29.30369, 0.34447], [29.30369, 0.34443], [29.30411, 0.34419], [29.30497, 0.34377], [29.30573, 0.34329], [29.30678, 0.34281], [29.30725, 0.3422], [29.30792, 0.34101], [29.30849, 0.3401], [29.3094, 0.34005], [29.31011, 0.34015], [29.31073, 0.34005], [29.31096, 0.33928], [29.31039, 0.33857], [29.31039, 0.33805], [29.3104, 0.33804], [29.3104, 0.33801], [29.31101, 0.33734], [29.31144, 0.33625], [29.31187, 0.33568], [29.31254, 0.33525], [29.31295, 0.3347], [29.31267, 0.33414], [29.31268, 0.33411], [29.31268, 0.33411], [29.31287, 0.33358], [29.31349, 0.33339], [29.31416, 0.3332], [29.31468, 0.33268], [29.31511, 0.3322], [29.31534, 0.33151], [29.31534, 0.33091], [29.31534, 0.3309], [29.31534, 0.33087], [29.31577, 0.33039], [29.31639, 0.33001], [29.31715, 0.32954], [29.31791, 0.32911], [29.3182, 0.32954], [29.31858, 0.33006], [29.31901, 0.32982], [29.31977, 0.32925], [29.32044, 0.32916], [29.32129, 0.32892], [29.3221, 0.32873], [29.32272, 0.32825], [29.3232, 0.32778], [29.32339, 0.32725], [29.32401, 0.32716], [29.32471, 0.32697], [29.32518, 0.3265], [29.32518, 0.32605], [29.32504, 0.32505], [29.32485, 0.32453], [29.32486, 0.32451], [29.32486, 0.32449], [29.32514, 0.32392], [29.32552, 0.32316], [29.32671, 0.32264], [29.32685, 0.32163], [29.32666, 0.32101], [29.32668, 0.32101], [29.32666, 0.32097], [29.32781, 0.32097], [29.32947, 0.32092], [29.33, 0.32083], [29.33109, 0.32069], [29.3318, 0.32011], [29.33209, 0.31954], [29.33371, 0.31921], [29.33366, 0.32021], [29.33365, 0.32021], [29.33365, 0.32025], [29.33313, 0.32072], [29.33395, 0.32054], [29.33528, 0.31959], [29.33594, 0.32007], [29.33623, 0.32073], [29.33656, 0.3214], [29.33792, 0.32004], [29.33741, 0.31944], [29.33694, 0.31934], [29.33675, 0.31853], [29.33684, 0.31777], [29.33684, 0.31777], [29.33685, 0.31773], [29.33764, 0.31732], [29.33741, 0.31682], [29.33746, 0.31635], [29.33746, 0.31633], [29.33747, 0.31631], [29.33766, 0.31583], [29.33842, 0.31588], [29.33932, 0.31588], [29.34008, 0.31588], [29.34104, 0.31574], [29.34137, 0.31559], [29.34199, 0.31645], [29.34256, 0.31707], [29.34337, 0.3175], [29.34423, 0.31778], [29.34465, 0.3185], [29.34475, 0.31907], [29.34474, 0.31907], [29.34474, 0.31911], [29.34399, 0.31925], [29.34408, 0.31978], [29.34537, 0.32035], [29.34594, 0.32064], [29.34632, 0.32121], [29.34713, 0.32116], [29.34803, 0.32102], [29.34856, 0.32178], [29.34851, 0.32273], [29.34837, 0.32364], [29.34851, 0.32473], [29.34841, 0.32582], [29.34841, 0.32585], [29.34841, 0.32586], [29.34818, 0.32678], [29.34908, 0.3274], [29.3497, 0.32773], [29.35051, 0.32782], [29.35103, 0.3283], [29.35155, 0.32878], [29.35222, 0.32892], [29.35274, 0.32911], [29.3537, 0.32911], [29.35441, 0.3292], [29.3546, 0.3302], [29.35465, 0.33058], [29.3546, 0.33111], [29.35512, 0.33149], [29.35579, 0.33187], [29.35636, 0.33273], [29.35636, 0.33353], [29.35712, 0.33468], [29.3575, 0.33563], [29.35826, 0.33629], [29.3585, 0.33734], [29.35922, 0.33839], [29.35974, 0.33963], [29.36031, 0.34082], [29.36179, 0.34196], [29.36236, 0.34248], [29.36236, 0.34329], [29.36221, 0.34434], [29.36236, 0.345], [29.36283, 0.34572], [29.36298, 0.34657], [29.36326, 0.34729], [29.36407, 0.34881], [29.36431, 0.34981], [29.36512, 0.35114], [29.36512, 0.35224], [29.36512, 0.35343], [29.3655, 0.35419], [29.36669, 0.35447], [29.36769, 0.35466], [29.3684, 0.35538], [29.36954, 0.35623], [29.36978, 0.35733], [29.37049, 0.35771], [29.37121, 0.35833], [29.37173, 0.35861], [29.37259, 0.3579], [29.37321, 0.35804], [29.37383, 0.35852], [29.3744, 0.35895], [29.37438, 0.35898], [29.37439, 0.35899], [29.37369, 0.36011], [29.37378, 0.36104], [29.37416, 0.36175], [29.3743, 0.36223], [29.37506, 0.36252], [29.37616, 0.3629], [29.37749, 0.36304], [29.37887, 0.36299], [29.37968, 0.36304], [29.38039, 0.36361], [29.38115, 0.36432], [29.38211, 0.36542], [29.38268, 0.36609], [29.38339, 0.36647], [29.38425, 0.36704], [29.38525, 0.36661], [29.38566, 0.3661], [29.38543, 0.36512], [29.38544, 0.36511], [29.38544, 0.36509], [29.38596, 0.36437], [29.38653, 0.364], [29.38657, 0.36308], [29.38657, 0.36184], [29.38658, 0.36182], [29.38658, 0.3618], [29.38691, 0.3611], [29.38695, 0.36013], [29.387, 0.35913], [29.38701, 0.35912], [29.38701, 0.35909], [29.38786, 0.35842], [29.38829, 0.35909], [29.38877, 0.35976], [29.38891, 0.36042], [29.38986, 0.36099], [29.39061, 0.36071], [29.39052, 0.35989], [29.39052, 0.35918], [29.39062, 0.35818], [29.39062, 0.35713], [29.39019, 0.35561], [29.39019, 0.35423], [29.39019, 0.35285], [29.39009, 0.3518], [29.38971, 0.35118], [29.38924, 0.35051], [29.38909, 0.3488], [29.38914, 0.3479], [29.38905, 0.34704], [29.38895, 0.34628], [29.38833, 0.34528], [29.38829, 0.34461], [29.38829, 0.34458], [29.38829, 0.34457], [29.38848, 0.34379], [29.38862, 0.34281], [29.38862, 0.3428], [29.38863, 0.34277], [29.38938, 0.34159], [29.38938, 0.34038], [29.38886, 0.33952], [29.38887, 0.33949], [29.38886, 0.33948], [29.38914, 0.33861], [29.38881, 0.33776], [29.38882, 0.33772], [29.38882, 0.33772], [29.38901, 0.33687], [29.38933, 0.33585], [29.38914, 0.33481], [29.38886, 0.3341], [29.38881, 0.33353], [29.38809, 0.33281], [29.38771, 0.3321], [29.38748, 0.33105], [29.38733, 0.33053], [29.38705, 0.32996], [29.38676, 0.32948], [29.38677, 0.32945], [29.38677, 0.32944], [29.387, 0.32875], [29.38695, 0.32796], [29.38696, 0.32794], [29.38696, 0.32792], [29.38758, 0.32706], [29.38825, 0.3272], [29.38877, 0.32749], [29.38943, 0.32735], [29.38958, 0.32687], [29.39034, 0.32644], [29.39089, 0.32617], [29.39062, 0.32548], [29.39, 0.32486], [29.38943, 0.32425], [29.38909, 0.32358], [29.38857, 0.32272], [29.38857, 0.32177], [29.38814, 0.32096], [29.38781, 0.32011], [29.38781, 0.31939], [29.38752, 0.31844], [29.387, 0.31758], [29.38662, 0.31687], [29.38657, 0.31625], [29.38658, 0.31622], [29.38658, 0.31621], [29.38686, 0.31538], [29.38686, 0.31463], [29.38691, 0.31378], [29.38691, 0.31376], [29.38691, 0.31374], [29.38725, 0.31312], [29.38744, 0.31245], [29.38772, 0.31193], [29.38786, 0.31102], [29.38781, 0.30973], [29.38776, 0.30854], [29.38777, 0.30851], [29.38777, 0.3085], [29.3882, 0.30684], [29.39001, 0.3046], [29.39052, 0.30315], [29.39028, 0.3024], [29.39043, 0.30135], [29.39043, 0.30133], [29.39043, 0.30132], [29.39081, 0.29978], [29.39028, 0.29874], [29.39005, 0.29793], [29.38938, 0.29726], [29.3894, 0.29723], [29.38939, 0.29722], [29.38976, 0.29653], [29.38952, 0.29588], [29.38952, 0.29503], [29.38957, 0.29384], [29.38967, 0.29312], [29.38967, 0.29217], [29.38967, 0.29215], [29.38967, 0.29213], [29.39043, 0.28992], [29.39043, 0.28755], [29.39043, 0.28754], [29.39043, 0.28752], [29.39186, 0.2848], [29.39277, 0.28133], [29.39386, 0.27938], [29.39481, 0.27762], [29.39562, 0.27586], [29.3959, 0.27399], [29.3959, 0.27399], [29.39591, 0.27395], [29.39767, 0.27172], [29.39862, 0.27029], [29.40009, 0.26834], [29.40081, 0.26681], [29.40219, 0.26443], [29.40266, 0.26244], [29.4039, 0.26048], [29.40495, 0.25844], [29.40647, 0.25587], [29.40837, 0.2551], [29.40607, 0.25265], [29.40502, 0.25241], [29.40345, 0.25008], [29.40145, 0.24765], [29.39912, 0.24575], [29.39836, 0.24432], [29.39617, 0.24256], [29.39493, 0.24227], [29.39407, 0.24075], [29.39322, 0.23937], [29.39222, 0.23813], [29.39098, 0.23642], [29.38955, 0.23399], [29.38827, 0.23042], [29.38798, 0.22733], [29.38808, 0.22329], [29.38798, 0.22219], [29.38713, 0.21881], [29.38779, 0.21662], [29.38808, 0.21472], [29.3887, 0.21329], [29.3896, 0.21248], [29.39046, 0.21182], [29.39169, 0.21205], [29.3926, 0.21229], [29.39336, 0.21196], [29.39326, 0.21091], [29.39322, 0.20972], [29.39274, 0.20868], [29.39336, 0.20782], [29.39445, 0.20763], [29.39536, 0.20682], [29.39507, 0.20549], [29.39498, 0.20458], [29.39403, 0.20349], [29.39436, 0.20258], [29.39436, 0.20182], [29.39379, 0.20125], [29.39417, 0.20025], [29.39345, 0.19825], [29.39345, 0.1973], [29.39317, 0.19606], [29.39307, 0.19502], [29.39303, 0.19378], [29.39298, 0.19311], [29.39288, 0.19264], [29.39236, 0.19178], [29.39307, 0.19107], [29.39403, 0.19107], [29.39431, 0.19035], [29.39431, 0.18926], [29.39441, 0.18859], [29.39545, 0.18874], [29.39631, 0.18845], [29.39664, 0.18807], [29.39693, 0.18755], [29.39736, 0.18664], [29.39812, 0.18693], [29.39902, 0.18669], [29.39955, 0.18702], [29.39917, 0.1874], [29.39869, 0.18793], [29.39855, 0.18859], [29.39912, 0.18893], [29.40007, 0.18931], [29.40045, 0.18973], [29.4014, 0.18969], [29.40226, 0.18988], [29.40278, 0.1904], [29.40307, 0.19059], [29.40359, 0.18978], [29.40407, 0.18959], [29.40478, 0.1894], [29.4054, 0.18897], [29.40583, 0.18845], [29.40645, 0.18783], [29.40726, 0.18783], [29.40787, 0.1885], [29.40868, 0.18902], [29.40968, 0.18945], [29.41044, 0.18954], [29.41144, 0.18959], [29.41278, 0.18993], [29.41339, 0.19012], [29.41458, 0.19016], [29.41592, 0.19059], [29.41787, 0.19054], [29.41906, 0.19059], [29.42044, 0.19059], [29.42206, 0.19035], [29.42282, 0.1905], [29.42334, 0.19021], [29.4242, 0.19021], [29.4252, 0.19031], [29.42691, 0.19031], [29.42815, 0.19026], [29.42948, 0.19031], [29.42991, 0.18988], [29.431, 0.19021], [29.43243, 0.19026], [29.43386, 0.19031], [29.43652, 0.19035], [29.43786, 0.19021], [29.43838, 0.19012], [29.43881, 0.1894], [29.43943, 0.18883], [29.43962, 0.18774], [29.44038, 0.1865], [29.44085, 0.18569], [29.44085, 0.18479], [29.44085, 0.18417], [29.44109, 0.18288], [29.44109, 0.18198], [29.44138, 0.18122], [29.44214, 0.1805], [29.44261, 0.18003], [29.44319, 0.18017], [29.44399, 0.17993], [29.44433, 0.17879], [29.44537, 0.17841], [29.44647, 0.17817], [29.44828, 0.17784], [29.44899, 0.17779], [29.45047, 0.17774], [29.45199, 0.1776], [29.45361, 0.17727], [29.45527, 0.17712], [29.45661, 0.1766], [29.45751, 0.17627], [29.45846, 0.1767], [29.45994, 0.17641], [29.46075, 0.17584], [29.46194, 0.1756], [29.46346, 0.1756], [29.46493, 0.17546], [29.46608, 0.17536], [29.46689, 0.1746], [29.46698, 0.17289], [29.46703, 0.17151], [29.46698, 0.17056], [29.46674, 0.1697], [29.46674, 0.16865], [29.46731, 0.16775], [29.4686, 0.16689], [29.47007, 0.16627], [29.47074, 0.16589], [29.47174, 0.1648], [29.47212, 0.16385], [29.47222, 0.16237], [29.47222, 0.16099], [29.47236, 0.16028], [29.47274, 0.15952], [29.47369, 0.15894], [29.47417, 0.15771], [29.47483, 0.15685], [29.47502, 0.15576], [29.4754, 0.15504], [29.47559, 0.15447], [29.47564, 0.15371], [29.47578, 0.15319], [29.47621, 0.15285], [29.4758, 0.15199], [29.47542, 0.15147], [29.47539, 0.15127], [29.47537, 0.15113], [29.47495, 0.15071], [29.47428, 0.15033], [29.4739, 0.15018], [29.47374, 0.15039], [29.47347, 0.15075], [29.47347, 0.15075], [29.4728, 0.1508], [29.4728, 0.1508], [29.47171, 0.1508], [29.47171, 0.1508], [29.47181, 0.15018], [29.47194, 0.15001], [29.47219, 0.14971], [29.47252, 0.14933], [29.47185, 0.14937], [29.47185, 0.14937], [29.47104, 0.14942], [29.47081, 0.15009], [29.47081, 0.15009], [29.47081, 0.15009], [29.47043, 0.14971], [29.47066, 0.1489], [29.4706, 0.14866], [29.47052, 0.14833], [29.4699, 0.14823], [29.46955, 0.14849], [29.46938, 0.14861], [29.46938, 0.14861], [29.46871, 0.14871], [29.46871, 0.14871], [29.4679, 0.14847], [29.46761, 0.14826], [29.46728, 0.14804], [29.4669, 0.1478], [29.46652, 0.14757], [29.46614, 0.14729], [29.46571, 0.14699], [29.46546, 0.14688], [29.46519, 0.14676], [29.46524, 0.1458], [29.46529, 0.14504], [29.46529, 0.14428], [29.46524, 0.1439], [29.46581, 0.14357], [29.46662, 0.14319], [29.46662, 0.14319], [29.46747, 0.14343], [29.46724, 0.14262], [29.46695, 0.14185], [29.46662, 0.14114], [29.46595, 0.14033], [29.46583, 0.13995], [29.46567, 0.13943], [29.46578, 0.13902], [29.46586, 0.13876], [29.46591, 0.13848], [29.466, 0.13805], [29.46605, 0.13729], [29.46605, 0.13672], [29.46576, 0.136], [29.46531, 0.13568], [29.46491, 0.13538], [29.46414, 0.13572], [29.46414, 0.13572], [29.46353, 0.13572], [29.46353, 0.13572], [29.46324, 0.13562], [29.46262, 0.13572], [29.46262, 0.13572], [29.46229, 0.13557], [29.46238, 0.13453], [29.46257, 0.13381], [29.46257, 0.13281], [29.46253, 0.13252], [29.46248, 0.1321], [29.46234, 0.1318], [29.46224, 0.13158], [29.46172, 0.131], [29.46138, 0.13039], [29.46138, 0.13039], [29.462, 0.13024], [29.46205, 0.12981], [29.46157, 0.12929], [29.46038, 0.12943], [29.46038, 0.12943], [29.45986, 0.12939], [29.45986, 0.12939], [29.4595, 0.1292], [29.45915, 0.12901], [29.45862, 0.12863], [29.45831, 0.1284], [29.45796, 0.12815], [29.45763, 0.1279], [29.45734, 0.12767], [29.45691, 0.12754], [29.45658, 0.12744], [29.45591, 0.12644], [29.45569, 0.12586], [29.45553, 0.12544], [29.45491, 0.12477], [29.45453, 0.12439], [29.45377, 0.1241], [29.45358, 0.12387], [29.45334, 0.12358], [29.45277, 0.12339], [29.45239, 0.12323], [29.45196, 0.12306], [29.45153, 0.12282], [29.45134, 0.12261], [29.4511, 0.12234], [29.45094, 0.12213], [29.45082, 0.12196], [29.4503, 0.12177], [29.45014, 0.12181], [29.44949, 0.12196], [29.44949, 0.12196], [29.44877, 0.12177], [29.44811, 0.1213], [29.44781, 0.12067], [29.44758, 0.1202], [29.44758, 0.11949], [29.44744, 0.11928], [29.44725, 0.11901], [29.44691, 0.11862], [29.44663, 0.1183], [29.44639, 0.11777], [29.44611, 0.11711], [29.44568, 0.11678], [29.44544, 0.11659], [29.44468, 0.11592], [29.44406, 0.11544], [29.44344, 0.11578], [29.44344, 0.11578], [29.44292, 0.11573], [29.44292, 0.11573], [29.4427, 0.11558], [29.44249, 0.11544], [29.44173, 0.11554], [29.44159, 0.11575], [29.44135, 0.11611], [29.4413, 0.11692], [29.4413, 0.11758], [29.4403, 0.11816], [29.4396, 0.11849], [29.4393, 0.11863], [29.4391, 0.11875], [29.43868, 0.11901], [29.43868, 0.11901], [29.43839, 0.11893], [29.43797, 0.11882], [29.4378, 0.1186], [29.43768, 0.11844], [29.4374, 0.11806], [29.43725, 0.11804], [29.43668, 0.11797], [29.43607, 0.1182], [29.43607, 0.1182], [29.43521, 0.11854], [29.43521, 0.11854], [29.43521, 0.11854], [29.43499, 0.11845], [29.43473, 0.11835], [29.43463, 0.1182], [29.4345, 0.11801], [29.43359, 0.11797], [29.43359, 0.11797], [29.43325, 0.11779], [29.43292, 0.11763], [29.43288, 0.11706], [29.43277, 0.11676], [29.43269, 0.11654], [29.43259, 0.11645], [29.43226, 0.11616], [29.43173, 0.11624], [29.43164, 0.11625], [29.43059, 0.11654], [29.4302, 0.11677], [29.43002, 0.11687], [29.43002, 0.11687], [29.4294, 0.11701], [29.4294, 0.11701], [29.42864, 0.11701], [29.42864, 0.11701], [29.42847, 0.11699], [29.42807, 0.11692], [29.42731, 0.1172], [29.42695, 0.1174], [29.42679, 0.11749], [29.42679, 0.11749], [29.42621, 0.11749], [29.42606, 0.11756], [29.42569, 0.11773], [29.42569, 0.11773], [29.42569, 0.11773], [29.42544, 0.11752], [29.42522, 0.11735], [29.42483, 0.11692], [29.4245, 0.11697], [29.42435, 0.11713], [29.42407, 0.11744], [29.42361, 0.11752], [29.42355, 0.11754], [29.42355, 0.11754], [29.42337, 0.11742], [29.42317, 0.1173], [29.42284, 0.11682], [29.42253, 0.1166], [29.42227, 0.11639], [29.42165, 0.11587], [29.42139, 0.11577], [29.42117, 0.11568], [29.42027, 0.11568], [29.42027, 0.11568], [29.41946, 0.11597], [29.41946, 0.11597], [29.41879, 0.11625], [29.41879, 0.11625], [29.41751, 0.11592], [29.4167, 0.11592], [29.4167, 0.11592], [29.41632, 0.11573], [29.41605, 0.11544], [29.41584, 0.1152], [29.41546, 0.11511], [29.41542, 0.11486], [29.41536, 0.11449], [29.41514, 0.1144], [29.41489, 0.1143], [29.41394, 0.1143], [29.41394, 0.1143], [29.41299, 0.11435], [29.41299, 0.11435], [29.41268, 0.11416], [29.41237, 0.11397], [29.41216, 0.11433], [29.41203, 0.11454], [29.41194, 0.11506], [29.41194, 0.11506], [29.41118, 0.11511], [29.41118, 0.11511], [29.41105, 0.11501], [29.41094, 0.11492], [29.41061, 0.11449], [29.4097, 0.11444], [29.4097, 0.11444], [29.40927, 0.11423], [29.40884, 0.11402], [29.40823, 0.1134], [29.40789, 0.11306], [29.40761, 0.1128], [29.40737, 0.11259], [29.40699, 0.11216], [29.40704, 0.11111], [29.40696, 0.11087], [29.40685, 0.11054], [29.40676, 0.11032], [29.4067, 0.11016], [29.40699, 0.10959], [29.40699, 0.10864], [29.40708, 0.1074], [29.40766, 0.10659], [29.40762, 0.10618], [29.40756, 0.10559], [29.40756, 0.10459], [29.40768, 0.10413], [29.40775, 0.10383], [29.40781, 0.1035], [29.40789, 0.10297], [29.40789, 0.10236], [29.40823, 0.10188], [29.40823, 0.10074], [29.40825, 0.1], [29.40827, 0.0995], [29.40832, 0.09869], [29.4077, 0.09822], [29.40775, 0.09726], [29.40808, 0.09664], [29.40899, 0.09531], [29.40899, 0.09469], [29.40893, 0.0944], [29.4088, 0.09365], [29.40874, 0.09317], [29.4087, 0.09284], [29.40827, 0.09203], [29.40804, 0.09141], [29.40783, 0.09112], [29.40756, 0.09074], [29.40748, 0.09027], [29.40742, 0.08994], [29.40717, 0.08958], [29.40685, 0.08913], [29.40618, 0.08841], [29.40561, 0.08792], [29.40513, 0.08751], [29.40474, 0.08718], [29.40428, 0.08679], [29.40393, 0.08663], [29.40356, 0.08646], [29.40344, 0.08606], [29.40328, 0.08551], [29.40286, 0.08509], [29.40252, 0.08475], [29.4023, 0.08451], [29.40204, 0.08422], [29.40207, 0.08377], [29.40209, 0.08346], [29.40218, 0.08323], [29.40233, 0.08284], [29.40271, 0.08223], [29.40233, 0.0818], [29.40238, 0.08151], [29.40242, 0.08132], [29.40242, 0.08075], [29.40228, 0.08032], [29.40171, 0.08037], [29.40171, 0.08037], [29.40145, 0.08025], [29.40118, 0.08013], [29.40095, 0.07956], [29.40065, 0.07944], [29.40037, 0.07932], [29.40071, 0.07842], [29.40071, 0.07842], [29.40114, 0.07761], [29.40112, 0.07743], [29.40109, 0.07718], [29.40071, 0.07661], [29.40009, 0.07604], [29.39995, 0.07582], [29.39985, 0.07566], [29.39918, 0.07509], [29.3988, 0.07504], [29.39838, 0.07523], [29.39838, 0.07523], [29.39838, 0.07523], [29.39811, 0.07491], [29.3979, 0.07466], [29.39785, 0.07404], [29.39723, 0.07395], [29.39723, 0.0728], [29.39733, 0.07195], [29.39664, 0.07186], [29.39657, 0.07185], [29.396, 0.07209], [29.396, 0.07209], [29.39542, 0.0718], [29.39533, 0.07109], [29.39497, 0.07082], [29.39457, 0.07052], [29.39445, 0.07106], [29.39433, 0.07161], [29.39395, 0.07237], [29.39395, 0.07237], [29.39343, 0.07252], [29.39343, 0.07252], [29.39318, 0.07215], [29.39305, 0.07195], [29.39276, 0.07166], [29.39252, 0.07142], [29.39243, 0.07071], [29.39221, 0.07045], [29.39195, 0.07014], [29.39172, 0.06996], [29.39152, 0.0698], [29.3909, 0.07004], [29.3909, 0.07004], [29.39086, 0.06933], [29.39104, 0.06899], [29.39133, 0.06842], [29.3909, 0.06804], [29.3905, 0.06788], [29.39043, 0.06785], [29.39038, 0.06738], [29.39036, 0.06708], [29.39033, 0.06657], [29.38995, 0.06562], [29.38981, 0.06517], [29.38971, 0.06486], [29.38969, 0.06447], [29.38967, 0.0639], [29.38924, 0.06326], [29.38891, 0.06276], [29.38867, 0.06249], [29.38838, 0.06214], [29.38776, 0.06157], [29.3874, 0.06144], [29.38695, 0.06129], [29.38595, 0.06062], [29.38534, 0.06038], [29.38462, 0.06033], [29.38462, 0.06033], [29.3844, 0.06016], [29.38415, 0.05995], [29.38353, 0.05967], [29.38348, 0.05853], [29.38319, 0.05836], [29.38291, 0.05819], [29.38362, 0.05738], [29.38367, 0.05681], [29.38346, 0.05655], [29.38329, 0.05634], [29.38329, 0.05634], [29.38305, 0.05558], [29.38299, 0.05541], [29.38286, 0.05505], [29.3831, 0.05458], [29.38304, 0.05427], [29.383, 0.05405], [29.3822, 0.05391], [29.38219, 0.05391], [29.38214, 0.05349], [29.3821, 0.0532], [29.38177, 0.05286], [29.38169, 0.05285], [29.3811, 0.05277], [29.38058, 0.05248], [29.38033, 0.05234], [29.3801, 0.0522], [29.37972, 0.05172], [29.37961, 0.05169], [29.37891, 0.05148], [29.37815, 0.05115], [29.37709, 0.05119], [29.37701, 0.0512], [29.37701, 0.0512], [29.37648, 0.05115], [29.3756, 0.05091], [29.37544, 0.05086], [29.3749, 0.05062], [29.37439, 0.05039], [29.37277, 0.05044], [29.37277, 0.05044], [29.37125, 0.05044], [29.37125, 0.05044], [29.3702, 0.05044], [29.3702, 0.05044], [29.36982, 0.05029], [29.36931, 0.05067], [29.36906, 0.05086], [29.36906, 0.05086], [29.36668, 0.05163], [29.36668, 0.05163], [29.36435, 0.05239], [29.36401, 0.05255], [29.36283, 0.0531], [29.36197, 0.0531], [29.36059, 0.05331], [29.3604, 0.05334], [29.35907, 0.05424], [29.35809, 0.05441], [29.35797, 0.05443], [29.35797, 0.05443], [29.35645, 0.055], [29.35645, 0.055], [29.35507, 0.05543], [29.35416, 0.05591], [29.35364, 0.05667], [29.35364, 0.05667], [29.35283, 0.05743], [29.35183, 0.058], [29.35093, 0.05843], [29.35007, 0.05891], [29.35007, 0.05891], [29.34898, 0.05905], [29.34898, 0.05905], [29.34798, 0.059], [29.34798, 0.059], [29.34684, 0.05905], [29.34684, 0.05905], [29.34675, 0.05904], [29.34584, 0.05895], [29.34523, 0.05895], [29.34634, 0.06267], [29.34746, 0.06514], [29.34794, 0.068], [29.35103, 0.07133], [29.35341, 0.07133], [29.35848, 0.07085], [29.36031, 0.07085], [29.36222, 0.07133], [29.36222, 0.07513], [29.36341, 0.08203], [29.36537, 0.08444], [29.36793, 0.08679], [29.37078, 0.08893], [29.3734, 0.0906], [29.37364, 0.09155], [29.37161, 0.09439], [29.37126, 0.09488], [29.37203, 0.09588], [29.37287, 0.0988], [29.3712, 0.1013], [29.3697, 0.10242], [29.36453, 0.1063], [29.36287, 0.10546], [29.36037, 0.10713], [29.3587, 0.11046], [29.35453, 0.1138], [29.35453, 0.12046], [29.35311, 0.1226], [29.35287, 0.12546], [29.34909, 0.12861], [29.3462, 0.13213], [29.34537, 0.13463], [29.34537, 0.13796], [29.3462, 0.1388], [29.34537, 0.1463], [29.34296, 0.1527], [29.34095, 0.15469], [29.34044, 0.1556], [29.33953, 0.1638], [29.33703, 0.1663], [29.33703, 0.17046], [29.33453, 0.1738], [29.33453, 0.17963], [29.3337, 0.1813], [29.3312, 0.18213], [29.33303, 0.18398], [29.3339, 0.18721], [29.33353, 0.19562], [29.33176, 0.20386], [29.32808, 0.2099], [29.32444, 0.21595], [29.32437, 0.21608], [29.32423, 0.21636], [29.32387, 0.21707], [29.32355, 0.21769], [29.32235, 0.22006], [29.32057, 0.22282], [29.3187, 0.22463], [29.31953, 0.22046], [29.32203, 0.21796], [29.32135, 0.21556], [29.32037, 0.21213], [29.31607, 0.20855], [29.31287, 0.2063], [29.31287, 0.20463], [29.3112, 0.20296], [29.31042, 0.19625], [29.30792, 0.19458], [29.30708, 0.19542], [29.30542, 0.1938], [29.30537, 0.19463], [29.3037, 0.19546], [29.3012, 0.1938], [29.29953, 0.1938], [29.29703, 0.1963], [29.29537, 0.1963], [29.29495, 0.19588], [29.29245, 0.19338], [29.2889, 0.18782], [29.28607, 0.18202], [29.28328, 0.18005], [29.28087, 0.17932], [29.27234, 0.17781], [29.26356, 0.1768], [29.26118, 0.1765], [29.26094, 0.1765], [29.25984, 0.17598], [29.25915, 0.17558], [29.25849, 0.17519], [29.25781, 0.17456], [29.25745, 0.17423], [29.25729, 0.17407], [29.2572, 0.17399], [29.25618, 0.17359], [29.25509, 0.17316], [29.25372, 0.17243], [29.25203, 0.17163], [29.25033, 0.17192], [29.24857, 0.17251], [29.24698, 0.17393], [29.24639, 0.17594], [29.2461, 0.17867], [29.24549, 0.17808], [29.24497, 0.17587], [29.24133, 0.17765], [29.23852, 0.17715], [29.23796, 0.17796], [29.2318, 0.17463], [29.23257, 0.17213], [29.23096, 0.17046], [29.2343, 0.16796], [29.2343, 0.16713], [29.23355, 0.16528], [29.23263, 0.16296], [29.23025, 0.1601], [29.22874, 0.1583], [29.22846, 0.15796], [29.22382, 0.16054]]]}}, {"type": "Feature", "properties": {"zone": "Kambala", "province": "Ituri", "confirmed_cases": 2, "confirmed_deaths": 0}, "geometry": {"type": "Polygon", "coordinates": [[[30.17265, 2.46171], [30.17795, 2.45878], [30.18229, 2.45929], [30.1971, 2.46544], [30.20236, 2.46549], [30.21392, 2.44975], [30.21461, 2.44953], [30.23534, 2.44292], [30.23603, 2.44287], [30.24116, 2.43871], [30.24388, 2.43652], [30.25447, 2.43112], [30.2573, 2.43842], [30.26622, 2.44158], [30.26841, 2.4482], [30.26948, 2.45143], [30.27419, 2.46568], [30.28197, 2.46767], [30.29173, 2.46852], [30.30648, 2.45893], [30.30965, 2.45401], [30.31126, 2.45151], [30.31169, 2.45083], [30.31792, 2.44117], [30.31812, 2.40433], [30.30837, 2.38837], [30.30936, 2.38062], [30.33593, 2.38274], [30.38052, 2.39318], [30.38463, 2.39438], [30.38734, 2.3974], [30.38858, 2.40983], [30.39582, 2.4175], [30.39994, 2.42949], [30.40248, 2.43689], [30.40246, 2.4431], [30.40167, 2.44861], [30.39488, 2.4628], [30.39308, 2.47018], [30.39248, 2.47266], [30.3932, 2.47497], [30.3932, 2.47497], [30.39327, 2.47499], [30.39394, 2.47516], [30.39426, 2.47524], [30.39431, 2.47525], [30.39431, 2.47525], [30.39434, 2.47526], [30.39436, 2.47526], [30.39491, 2.4754], [30.39543, 2.47553], [30.40729, 2.47852], [30.46509, 2.49292], [30.4979, 2.46874], [30.50589, 2.47073], [30.51871, 2.47134], [30.52786, 2.4689], [30.53397, 2.46463], [30.55106, 2.4628], [30.55717, 2.4573], [30.56449, 2.45181], [30.57609, 2.44753], [30.59319, 2.44642], [30.5999, 2.44815], [30.60967, 2.44387], [30.61944, 2.44082], [30.63653, 2.43288], [30.64203, 2.43288], [30.65057, 2.43349], [30.6632, 2.42465], [30.66889, 2.4164], [30.67499, 2.40907], [30.67792, 2.39709], [30.73108, 2.35413], [30.75105, 2.3385], [30.75366, 2.33654], [30.77038, 2.32336], [30.77831, 2.31379], [30.77263, 2.30835], [30.76841, 2.30414], [30.7663, 2.29908], [30.76419, 2.2957], [30.75829, 2.29149], [30.75449, 2.28769], [30.75027, 2.28389], [30.73889, 2.28811], [30.73003, 2.28727], [30.71949, 2.28853], [30.7119, 2.28938], [30.70473, 2.29022], [30.69587, 2.29064], [30.68856, 2.292], [30.68592, 2.28932], [30.68561, 2.289], [30.68082, 2.28413], [30.67702, 2.28027], [30.67698, 2.27958], [30.67695, 2.27913], [30.67171, 2.27419], [30.66728, 2.26835], [30.66476, 2.26643], [30.66264, 2.26311], [30.6616, 2.26217], [30.66063, 2.2613], [30.65851, 2.25636], [30.658, 2.25517], [30.65752, 2.25404], [30.65604, 2.2517], [30.65478, 2.24971], [30.65396, 2.24737], [30.65372, 2.2467], [30.6536, 2.24579], [30.65334, 2.24386], [30.65311, 2.24224], [30.65305, 2.24178], [30.65227, 2.23943], [30.65224, 2.23935], [30.65024, 2.23103], [30.64882, 2.22736], [30.64721, 2.22484], [30.64633, 2.22347], [30.64611, 2.22091], [30.646, 2.21962], [30.64594, 2.21883], [30.64482, 2.21659], [30.64463, 2.2162], [30.64276, 2.21098], [30.64197, 2.20876], [30.64183, 2.2073], [30.64173, 2.20621], [30.64122, 2.20554], [30.64044, 2.20453], [30.6404, 2.20318], [30.64037, 2.20253], [30.63964, 2.20101], [30.64358, 2.19575], [30.64526, 2.19238], [30.64779, 2.19069], [30.65412, 2.18774], [30.66129, 2.1869], [30.66382, 2.18015], [30.6619, 2.17084], [30.66062, 2.16243], [30.65813, 2.15493], [30.65703, 2.15215], [30.65648, 2.14854], [30.65454, 2.14549], [30.65261, 2.1441], [30.65123, 2.14049], [30.65002, 2.1374], [30.64752, 2.13826], [30.63913, 2.1432], [30.63346, 2.14898], [30.60958, 2.15452], [30.5976, 2.16099], [30.59549, 2.16214], [30.59368, 2.16311], [30.57716, 2.17205], [30.56489, 2.17633], [30.55486, 2.1801], [30.54754, 2.18736], [30.53971, 2.19231], [30.53251, 2.19158], [30.52541, 2.18456], [30.51262, 2.17361], [30.51135, 2.16417], [30.50619, 2.15515], [30.49796, 2.14875], [30.49779, 2.14862], [30.49502, 2.14829], [30.49139, 2.14786], [30.49061, 2.14802], [30.48708, 2.14875], [30.48625, 2.14892], [30.48291, 2.14961], [30.47486, 2.15366], [30.47375, 2.15375], [30.47375, 2.15375], [30.4737, 2.15375], [30.47293, 2.15381], [30.47186, 2.1539], [30.47157, 2.15392], [30.46982, 2.15406], [30.46549, 2.15264], [30.46338, 2.15313], [30.45324, 2.15548], [30.44935, 2.15597], [30.44729, 2.18219], [30.44657, 2.19302], [30.43549, 2.1922], [30.41732, 2.18435], [30.41127, 2.18136], [30.40408, 2.18005], [30.39793, 2.18391], [30.39573, 2.19327], [30.39521, 2.19878], [30.39677, 2.20225], [30.39995, 2.20458], [30.41022, 2.20745], [30.43009, 2.2102], [30.43442, 2.21232], [30.4403, 2.21882], [30.44103, 2.22085], [30.44138, 2.22181], [30.4423, 2.22436], [30.44033, 2.23042], [30.43969, 2.23238], [30.43137, 2.24034], [30.42803, 2.24114], [30.42709, 2.24137], [30.42495, 2.24188], [30.42445, 2.24241], [30.42147, 2.24558], [30.42053, 2.24658], [30.41994, 2.2472], [30.41337, 2.25417], [30.40592, 2.26535], [30.3957, 2.28066], [30.38669, 2.28838], [30.38065, 2.2853], [30.37686, 2.28338], [30.37095, 2.28037], [30.35996, 2.27384], [30.35059, 2.27077], [30.34389, 2.27347], [30.31401, 2.28045], [30.31577, 2.2958], [30.31522, 2.31657], [30.30222, 2.31591], [30.29678, 2.30893], [30.28633, 2.30412], [30.27969, 2.30283], [30.27472, 2.30214], [30.26903, 2.31115], [30.27321, 2.32806], [30.27108, 2.33494], [30.26279, 2.34013], [30.25641, 2.35777], [30.25229, 2.37912], [30.24793, 2.38045], [30.23809, 2.38011], [30.23487, 2.38145], [30.22212, 2.39626], [30.20743, 2.39977], [30.2003, 2.40314], [30.19613, 2.40816], [30.19284, 2.41525], [30.18939, 2.41682], [30.18528, 2.41631], [30.18099, 2.41075], [30.17801, 2.39093], [30.17262, 2.38121], [30.16889, 2.38807], [30.16591, 2.3885], [30.16563, 2.38858], [30.16526, 2.38787], [30.16138, 2.38408], [30.15655, 2.38563], [30.15222, 2.38467], [30.14386, 2.37468], [30.13614, 2.36953], [30.1256, 2.36988], [30.12568, 2.37153], [30.12633, 2.38489], [30.12696, 2.39809], [30.12737, 2.40117], [30.12741, 2.40142], [30.12872, 2.41123], [30.13112, 2.42922], [30.1321, 2.43963], [30.13224, 2.44138], [30.13305, 2.45158], [30.1336, 2.45862], [30.13366, 2.45935], [30.13383, 2.46145], [30.13442, 2.46892], [30.13554, 2.4831], [30.14404, 2.50279], [30.14536, 2.50718], [30.14536, 2.50717], [30.1493, 2.50308], [30.15391, 2.50037], [30.15693, 2.49627], [30.15815, 2.48961], [30.16878, 2.48076], [30.17089, 2.47549], [30.16915, 2.46788], [30.17265, 2.46171]]]}}, {"type": "Feature", "properties": {"zone": "Boga", "province": "Ituri", "confirmed_cases": 2, "confirmed_deaths": 2}, "geometry": {"type": "Polygon", "coordinates": [[[29.95958, 1.12517], [29.96743, 1.11732], [29.976, 1.11661], [29.98314, 1.11732], [29.99456, 1.11732], [30.0017, 1.11732], [30.01098, 1.11589], [30.01883, 1.11232], [30.02882, 1.10661], [30.03668, 1.09947], [30.05024, 1.08805], [30.05809, 1.08163], [30.06594, 1.07378], [30.08736, 1.0595], [30.09949, 1.05664], [30.11377, 1.0545], [30.12733, 1.04594], [30.14804, 1.0545], [30.16017, 1.06021], [30.17016, 1.0595], [30.17873, 1.0645], [30.18801, 1.05879], [30.19943, 1.0545], [30.203, 1.06307], [30.21942, 1.07806], [30.2237, 1.09662], [30.22727, 1.11661], [30.23155, 1.13088], [30.23355, 1.13388], [30.23444, 1.13521], [30.23645, 1.13497], [30.23978, 1.13472], [30.2433, 1.1359], [30.24424, 1.13613], [30.24528, 1.13639], [30.24544, 1.13643], [30.24615, 1.1366], [30.24882, 1.13725], [30.24883, 1.13725], [30.24886, 1.13725], [30.25066, 1.13742], [30.25088, 1.13738], [30.25267, 1.13708], [30.25467, 1.13607], [30.25785, 1.13456], [30.26103, 1.13304], [30.26371, 1.13051], [30.26646, 1.12758], [30.26748, 1.1263], [30.26907, 1.12428], [30.27085, 1.12007], [30.2711, 1.11947], [30.2711, 1.11948], [30.2711, 1.11947], [30.26706, 1.11112], [30.25747, 1.09129], [30.25295, 1.08733], [30.24747, 1.08681], [30.24588, 1.08541], [30.24388, 1.08057], [30.24371, 1.0791], [30.24272, 1.07029], [30.24138, 1.05848], [30.23516, 1.04256], [30.23145, 1.0262], [30.22781, 1.01966], [30.22583, 1.01787], [30.22271, 1.01048], [30.22626, 0.99995], [30.22448, 0.99487], [30.21431, 0.98534], [30.21117, 0.97956], [30.20733, 0.97607], [30.19733, 0.97113], [30.19462, 0.96789], [30.19406, 0.95685], [30.19137, 0.95177], [30.18865, 0.94967], [30.18338, 0.94934], [30.1782, 0.94496], [30.17305, 0.93502], [30.17175, 0.9288], [30.17345, 0.91986], [30.17167, 0.9157], [30.16667, 0.91266], [30.16446, 0.9062], [30.16129, 0.90364], [30.15585, 0.90252], [30.15423, 0.90218], [30.15332, 0.89999], [30.14889, 0.88926], [30.14459, 0.8853], [30.14357, 0.88607], [30.13653, 0.89141], [30.13405, 0.89179], [30.12943, 0.89248], [30.12316, 0.8951], [30.12272, 0.89529], [30.12213, 0.89542], [30.12134, 0.89559], [30.11647, 0.89583], [30.11536, 0.89455], [30.11299, 0.89184], [30.11046, 0.89388], [30.106, 0.89348], [30.10452, 0.89335], [30.09896, 0.89116], [30.09654, 0.89021], [30.08961, 0.88782], [30.07267, 0.88196], [30.07124, 0.88069], [30.06769, 0.87754], [30.06343, 0.87083], [30.05291, 0.87208], [30.0511, 0.87229], [30.04453, 0.87145], [30.04039, 0.86927], [30.03854, 0.86829], [30.03636, 0.86714], [30.0359, 0.86704], [30.03173, 0.8661], [30.02881, 0.86292], [30.02811, 0.86216], [30.02699, 0.86053], [30.02242, 0.86122], [30.0199, 0.8616], [30.01923, 0.86038], [30.01886, 0.85968], [30.01565, 0.85374], [30.00949, 0.85429], [30.00879, 0.85435], [30.00771, 0.85349], [30.00604, 0.8523], [30.00247, 0.84974], [30.0011, 0.84925], [30.0, 0.84869], [29.99897, 0.84542], [29.99889, 0.84518], [29.99113, 0.84428], [29.98815, 0.84198], [29.9886, 0.83831], [29.98677, 0.83716], [29.97909, 0.83612], [29.97363, 0.83538], [29.97083, 0.835], [29.9701, 0.8349], [29.96462, 0.83192], [29.96279, 0.83005], [29.96128, 0.82849], [29.9591, 0.82625], [29.95802, 0.82514], [29.95569, 0.82275], [29.95574, 0.82252], [29.95574, 0.82252], [29.95578, 0.82233], [29.9559, 0.82179], [29.95617, 0.82048], [29.95651, 0.8189], [29.95666, 0.81819], [29.95705, 0.81631], [29.95385, 0.81333], [29.94952, 0.81679], [29.94896, 0.81681], [29.94495, 0.81703], [29.94354, 0.81538], [29.94244, 0.8141], [29.9406, 0.81195], [29.93649, 0.80716], [29.92369, 0.79868], [29.92026, 0.79915], [29.91068, 0.80469], [29.90703, 0.8051], [29.90704, 0.8109], [29.90887, 0.81365], [29.90575, 0.81729], [29.89977, 0.82425], [29.89864, 0.83436], [29.89524, 0.84379], [29.88794, 0.84749], [29.88248, 0.85508], [29.87883, 0.85785], [29.87496, 0.86659], [29.87683, 0.88819], [29.87524, 0.89073], [29.86839, 0.8889], [29.86496, 0.88983], [29.86018, 0.89742], [29.86166, 0.91037], [29.86166, 0.91037], [29.86181, 0.91171], [29.86184, 0.91196], [29.86204, 0.91374], [29.86196, 0.9151], [29.86195, 0.91531], [29.8617, 0.91976], [29.86138, 0.92546], [29.86276, 0.93075], [29.86275, 0.93157], [29.86267, 0.94054], [29.86267, 0.94062], [29.86258, 0.9498], [29.86258, 0.94993], [29.86257, 0.95052], [29.86249, 0.95073], [29.86121, 0.9542], [29.85523, 0.94576], [29.85484, 0.94521], [29.85148, 0.93995], [29.84336, 0.94066], [29.83806, 0.94141], [29.83024, 0.9365], [29.82603, 0.93203], [29.82165, 0.93078], [29.81673, 0.9243], [29.81304, 0.91783], [29.81092, 0.91491], [29.80776, 0.91054], [29.80726, 0.9105], [29.80471, 0.91025], [29.79811, 0.90963], [29.79475, 0.90648], [29.79464, 0.90638], [29.79364, 0.90647], [29.78692, 0.9071], [29.7808, 0.90823], [29.77466, 0.90858], [29.76295, 0.90924], [29.75615, 0.90796], [29.75185, 0.9051], [29.74919, 0.90186], [29.74351, 0.89696], [29.74532, 0.88731], [29.7419, 0.87757], [29.74096, 0.8749], [29.73879, 0.87473], [29.73525, 0.87445], [29.73251, 0.87156], [29.72823, 0.87175], [29.72317, 0.87454], [29.7219, 0.88011], [29.71785, 0.88391], [29.71329, 0.88594], [29.71329, 0.88594], [29.70138, 0.88467], [29.70138, 0.88467], [29.70138, 0.88467], [29.75006, 0.9294], [29.81597, 0.94715], [29.84892, 0.98517], [29.85663, 1.0237], [29.85674, 1.02427], [29.85906, 1.03587], [29.86429, 1.062], [29.86437, 1.06241], [29.86852, 1.08316], [29.86936, 1.08735], [29.86787, 1.09212], [29.8623, 1.09691], [29.85511, 1.10594], [29.85399, 1.11583], [29.84852, 1.12293], [29.84958, 1.12375], [29.85042, 1.12458], [29.85208, 1.12375], [29.85958, 1.12375], [29.86458, 1.12708], [29.86375, 1.13125], [29.86458, 1.13208], [29.86708, 1.13208], [29.87125, 1.13708], [29.87375, 1.13875], [29.87458, 1.14125], [29.87708, 1.14208], [29.87625, 1.14458], [29.87708, 1.14708], [29.87792, 1.14792], [29.88042, 1.14792], [29.88458, 1.15125], [29.89125, 1.15375], [29.89625, 1.15542], [29.89792, 1.15708], [29.89708, 1.15792], [29.89708, 1.16329], [29.89913, 1.165], [29.90261, 1.16545], [29.90458, 1.16554], [29.90636, 1.16554], [29.90819, 1.16515], [29.91961, 1.15444], [29.92817, 1.14516], [29.93888, 1.13303], [29.94388, 1.13017], [29.95102, 1.12731], [29.95958, 1.12517]]]}}, {"type": "Feature", "properties": {"zone": "Kabondo", "province": "Tshopo", "confirmed_cases": 5, "confirmed_deaths": 1}, "geometry": {"type": "Polygon", "coordinates": [[[25.43164, 0.71219], [25.43233, 0.71014], [25.4394, 0.71132], [25.44715, 0.71502], [25.44895, 0.721], [25.45237, 0.72308], [25.45955, 0.72166], [25.46036, 0.7215], [25.47019, 0.7174], [25.4718, 0.71418], [25.47139, 0.71077], [25.47069, 0.70499], [25.47576, 0.69098], [25.4801, 0.68962], [25.49493, 0.69105], [25.49974, 0.68831], [25.50772, 0.68925], [25.51547, 0.69318], [25.51888, 0.69826], [25.51957, 0.69217], [25.52101, 0.67959], [25.51075, 0.67165], [25.4923, 0.64481], [25.47692, 0.63688], [25.46974, 0.62894], [25.46103, 0.60706], [25.4436, 0.5837], [25.43306, 0.56585], [25.29886, 0.57072], [25.29499, 0.57086], [25.29499, 0.57086], [25.30331, 0.61528], [25.33188, 0.65747], [25.34267, 0.66833], [25.3541, 0.68111], [25.36299, 0.69262], [25.37442, 0.69773], [25.38204, 0.70156], [25.38782, 0.70512], [25.38783, 0.70512], [25.39332, 0.70174], [25.40131, 0.7013], [25.40746, 0.70385], [25.422, 0.72482], [25.42474, 0.72414], [25.42933, 0.7191], [25.43001, 0.71707], [25.43042, 0.71584], [25.43105, 0.71396], [25.43105, 0.71396], [25.43116, 0.71363], [25.43162, 0.71227], [25.43164, 0.71219]]]}}, {"type": "Feature", "properties": {"zone": "Lubero", "province": "Nord-Kivu", "confirmed_cases": 23, "confirmed_deaths": 11}, "geometry": {"type": "Polygon", "coordinates": [[[29.00011, -0.04098], [29.00249, -0.04313], [29.00535, -0.04265], [29.00772, -0.04313], [29.01129, -0.04503], [29.01412, -0.04653], [29.01623, -0.04771], [29.01738, -0.04871], [29.01866, -0.04971], [29.01988, -0.04992], [29.02045, -0.05042], [29.0218, -0.05121], [29.02209, -0.05256], [29.02323, -0.05371], [29.02394, -0.05363], [29.02502, -0.05299], [29.02637, -0.05256], [29.02823, -0.05456], [29.02987, -0.05449], [29.0303, -0.05485], [29.03065, -0.05592], [29.03137, -0.05663], [29.03115, -0.05812], [29.03094, -0.05905], [29.03094, -0.05906], [29.03094, -0.05906], [29.03101, -0.05985], [29.03201, -0.06027], [29.03443, -0.06205], [29.03704, -0.06371], [29.0399, -0.06538], [29.04204, -0.06585], [29.04418, -0.06728], [29.04799, -0.06918], [29.05108, -0.06942], [29.05489, -0.07037], [29.05632, -0.07133], [29.05917, -0.07133], [29.06298, -0.07133], [29.06774, -0.07275], [29.07178, -0.07371], [29.07535, -0.0749], [29.07749, -0.0749], [29.07845, -0.07585], [29.07892, -0.07942], [29.08178, -0.08156], [29.08368, -0.08299], [29.08582, -0.08584], [29.09058, -0.08679], [29.09248, -0.08774], [29.09248, -0.08989], [29.09272, -0.09322], [29.09486, -0.0956], [29.09772, -0.09726], [29.09796, -0.10036], [29.10052, -0.10279], [29.10194, -0.10315], [29.10432, -0.10315], [29.10658, -0.10256], [29.10837, -0.10256], [29.10956, -0.10375], [29.1111, -0.10494], [29.11253, -0.10529], [29.11408, -0.10541], [29.11574, -0.1047], [29.11777, -0.10458], [29.11991, -0.10494], [29.12122, -0.10339], [29.12264, -0.10101], [29.12443, -0.10089], [29.12586, -0.09911], [29.12836, -0.09899], [29.13062, -0.09887], [29.13216, -0.09982], [29.13264, -0.10137], [29.13621, -0.10137], [29.13775, -0.10101], [29.13823, -0.09994], [29.14025, -0.09946], [29.14216, -0.10053], [29.14394, -0.10172], [29.14608, -0.1016], [29.14751, -0.10149], [29.14882, -0.1016], [29.14989, -0.10232], [29.15084, -0.10172], [29.15239, -0.1003], [29.1537, -0.09839], [29.15441, -0.09685], [29.15453, -0.09577], [29.15465, -0.09459], [29.15489, -0.09256], [29.15631, -0.09316], [29.15667, -0.09482], [29.15774, -0.09566], [29.15893, -0.09577], [29.15941, -0.09566], [29.16048, -0.09506], [29.16191, -0.09423], [29.16274, -0.0934], [29.16536, -0.09316], [29.16762, -0.0934], [29.16762, -0.09433], [29.16619, -0.09541], [29.16536, -0.09683], [29.16536, -0.09683], [29.16536, -0.09685], [29.16655, -0.09708], [29.16774, -0.09625], [29.16881, -0.09494], [29.17023, -0.09447], [29.17261, -0.0947], [29.17428, -0.09506], [29.1763, -0.09518], [29.17725, -0.09387], [29.17868, -0.09387], [29.18106, -0.09447], [29.18165, -0.09411], [29.18249, -0.09292], [29.1832, -0.09209], [29.18392, -0.09197], [29.18522, -0.09244], [29.18593, -0.09315], [29.18511, -0.09469], [29.18511, -0.09469], [29.18511, -0.0947], [29.18629, -0.0953], [29.18784, -0.09494], [29.18915, -0.09387], [29.19022, -0.09447], [29.19129, -0.09554], [29.19236, -0.09661], [29.19474, -0.09732], [29.197, -0.09732], [29.1995, -0.09732], [29.20164, -0.09732], [29.20319, -0.09613], [29.20438, -0.0947], [29.20569, -0.09375], [29.20616, -0.09221], [29.2083, -0.09209], [29.21033, -0.09244], [29.21176, -0.09244], [29.21283, -0.09387], [29.21413, -0.09554], [29.2158, -0.09577], [29.21806, -0.09566], [29.22044, -0.09601], [29.22128, -0.09647], [29.22199, -0.09685], [29.22318, -0.09671], [29.22401, -0.09661], [29.22651, -0.09601], [29.22782, -0.09506], [29.22889, -0.09304], [29.22948, -0.09137], [29.23258, -0.09149], [29.23448, -0.09209], [29.23578, -0.09327], [29.23495, -0.09469], [29.23496, -0.0947], [29.23495, -0.0947], [29.23567, -0.09589], [29.23722, -0.09649], [29.23959, -0.09696], [29.24197, -0.09792], [29.24275, -0.09917], [29.24352, -0.10041], [29.24531, -0.10149], [29.24709, -0.10256], [29.24923, -0.10327], [29.25125, -0.10279], [29.2528, -0.10398], [29.25637, -0.10351], [29.25911, -0.10232], [29.26269, -0.10169], [29.26269, -0.10168], [29.26674, -0.10215], [29.27649, -0.10429], [29.27935, -0.10596], [29.28197, -0.10977], [29.28982, -0.11357], [29.2941, -0.11524], [29.29743, -0.11667], [29.301, -0.11714], [29.30576, -0.11786], [29.30933, -0.11928], [29.31314, -0.11928], [29.31766, -0.12], [29.32099, -0.12285], [29.32099, -0.12547], [29.32384, -0.1269], [29.32765, -0.12666], [29.33098, -0.12619], [29.33669, -0.12642], [29.34098, -0.12761], [29.34407, -0.12999], [29.34978, -0.1319], [29.35216, -0.13285], [29.35644, -0.13689], [29.36334, -0.13832], [29.3712, -0.14332], [29.37857, -0.14689], [29.38404, -0.14879], [29.38999, -0.1526], [29.39261, -0.15498], [29.39737, -0.1564], [29.40304, -0.15946], [29.40356, -0.15974], [29.40951, -0.16378], [29.4145, -0.16806], [29.41974, -0.16973], [29.42093, -0.17092], [29.42616, -0.1733], [29.42878, -0.17568], [29.43306, -0.17734], [29.43616, -0.17996], [29.4421, -0.18115], [29.4471, -0.18424], [29.45567, -0.19043], [29.46352, -0.19138], [29.46828, -0.19162], [29.47423, -0.19186], [29.48136, -0.19519], [29.48233, -0.19691], [29.48326, -0.19747], [29.48431, -0.19852], [29.48485, -0.1987], [29.4851, -0.19878], [29.49621, -0.21093], [29.50697, -0.22101], [29.51436, -0.22908], [29.52714, -0.24656], [29.5352, -0.26068], [29.54461, -0.26807], [29.55604, -0.28084], [29.5715, -0.29227], [29.57957, -0.30437], [29.59436, -0.31916], [29.60848, -0.32857], [29.62125, -0.33731], [29.63738, -0.34807], [29.65217, -0.35815], [29.66226, -0.36958], [29.66965, -0.37361], [29.67839, -0.37899], [29.6831, -0.38168], [29.69347, -0.38986], [29.68042, -0.44561], [29.68039, -0.44569], [29.67933, -0.44543], [29.67867, -0.44556], [29.67806, -0.44587], [29.67669, -0.44758], [29.6762, -0.44796], [29.6755, -0.44778], [29.67444, -0.44719], [29.67377, -0.4472], [29.6731, -0.4474], [29.66901, -0.45049], [29.66783, -0.45076], [29.66441, -0.45235], [29.66242, -0.45351], [29.6608, -0.45472], [29.65997, -0.45562], [29.65955, -0.45632], [29.65875, -0.4603], [29.6585, -0.46097], [29.65817, -0.46137], [29.65748, -0.46156], [29.65697, -0.46145], [29.65621, -0.46001], [29.65546, -0.45972], [29.6548, -0.4599], [29.65434, -0.4602], [29.65298, -0.46201], [29.65155, -0.46225], [29.65104, -0.46255], [29.65095, -0.46291], [29.65104, -0.46415], [29.65089, -0.46441], [29.64898, -0.46429], [29.64848, -0.46555], [29.64784, -0.46584], [29.64652, -0.46494], [29.64612, -0.46482], [29.64448, -0.46584], [29.6434, -0.4668], [29.64363, -0.46747], [29.64502, -0.46832], [29.64578, -0.46939], [29.64631, -0.46916], [29.64691, -0.46843], [29.64739, -0.46862], [29.64698, -0.47033], [29.64546, -0.47256], [29.64542, -0.47487], [29.64485, -0.47668], [29.64447, -0.47899], [29.64314, -0.48213], [29.64229, -0.48365], [29.64096, -0.48518], [29.63958, -0.48649], [29.63905, -0.48679], [29.63642, -0.48869], [29.63484, -0.49104], [29.63178, -0.49392], [29.63097, -0.49515], [29.62918, -0.49866], [29.62866, -0.49877], [29.62735, -0.49843], [29.62684, -0.49861], [29.62639, -0.49896], [29.62592, -0.49976], [29.62558, -0.50095], [29.62575, -0.50189], [29.62641, -0.50338], [29.62632, -0.50405], [29.62603, -0.50469], [29.62427, -0.50656], [29.6196, -0.50977], [29.61879, -0.51066], [29.6184, -0.5121], [29.6178, -0.51981], [29.61633, -0.52836], [29.61632, -0.52944], [29.61664, -0.53187], [29.61656, -0.53281], [29.6153, -0.53639], [29.61403, -0.53879], [29.61369, -0.53901], [29.61328, -0.53899], [29.61258, -0.53743], [29.61304, -0.5334], [29.61251, -0.53355], [29.61218, -0.53398], [29.6118, -0.53556], [29.61165, -0.53719], [29.61182, -0.53908], [29.61313, -0.54277], [29.61301, -0.54372], [29.61232, -0.54593], [29.61105, -0.54848], [29.60993, -0.55033], [29.60407, -0.55793], [29.60235, -0.56069], [29.59941, -0.56473], [29.59836, -0.56709], [29.59764, -0.57095], [29.59698, -0.57259], [29.59497, -0.57547], [29.59349, -0.57821], [29.59224, -0.57981], [29.59125, -0.58052], [29.58866, -0.58165], [29.58554, -0.58441], [29.57895, -0.58227], [29.57039, -0.57983], [29.56061, -0.57494], [29.54045, -0.56699], [29.52883, -0.5621], [29.51172, -0.55171], [29.50011, -0.54254], [29.49155, -0.5346], [29.48055, -0.53093], [29.46955, -0.52788], [29.46142, -0.52455], [29.45789, -0.5242], [29.44243, -0.52084], [29.431, -0.51143], [29.42495, -0.50739], [29.40815, -0.49865], [29.39537, -0.48991], [29.38932, -0.48252], [29.38193, -0.47647], [29.37857, -0.47445], [29.37453, -0.47109], [29.36983, -0.46907], [29.36464, -0.46423], [29.36448, -0.46496], [29.3642, -0.46472], [29.3642, -0.46402], [29.36368, -0.46333], [29.36394, -0.46237], [29.36385, -0.46176], [29.36298, -0.4615], [29.36185, -0.4615], [29.3602, -0.46141], [29.35898, -0.46132], [29.35785, -0.46089], [29.35767, -0.46045], [29.35811, -0.45863], [29.35872, -0.45758], [29.35863, -0.45628], [29.35854, -0.45584], [29.35854, -0.45462], [29.35976, -0.45401], [29.35994, -0.4528], [29.35924, -0.45149], [29.3582, -0.44984], [29.3575, -0.44949], [29.35637, -0.44836], [29.35576, -0.44801], [29.35524, -0.44688], [29.35454, -0.4461], [29.35437, -0.44566], [29.35245, -0.44583], [29.35167, -0.44636], [29.35054, -0.4467], [29.34958, -0.44636], [29.34958, -0.44522], [29.34845, -0.44488], [29.34732, -0.44375], [29.34662, -0.44296], [29.34514, -0.44279], [29.34497, -0.44201], [29.3454, -0.44079], [29.3454, -0.43966], [29.34497, -0.43913], [29.34392, -0.43939], [29.34375, -0.4387], [29.34462, -0.438], [29.34453, -0.4367], [29.3448, -0.43591], [29.34445, -0.43548], [29.3434, -0.43548], [29.34279, -0.43539], [29.34184, -0.43539], [29.3394, -0.4353], [29.33975, -0.43348], [29.34036, -0.43235], [29.34105, -0.43087], [29.34105, -0.42974], [29.34071, -0.42887], [29.33966, -0.42887], [29.33923, -0.42808], [29.33853, -0.42712], [29.33862, -0.42608], [29.33905, -0.42573], [29.3401, -0.42582], [29.34088, -0.42495], [29.34036, -0.42417], [29.33914, -0.42417], [29.33827, -0.42338], [29.33905, -0.42199], [29.33836, -0.42103], [29.33714, -0.42025], [29.33627, -0.42025], [29.33601, -0.41938], [29.3367, -0.41877], [29.33635, -0.41799], [29.33592, -0.4172], [29.33653, -0.41651], [29.3354, -0.41573], [29.33557, -0.41468], [29.33714, -0.4139], [29.3367, -0.41172], [29.33505, -0.41233], [29.334, -0.41285], [29.33279, -0.41242], [29.33166, -0.41137], [29.33235, -0.40972], [29.33244, -0.40842], [29.3327, -0.40789], [29.33366, -0.40746], [29.33366, -0.40667], [29.33453, -0.40615], [29.3347, -0.40537], [29.33566, -0.4045], [29.33627, -0.40363], [29.33548, -0.40198], [29.33531, -0.40102], [29.33566, -0.39989], [29.33722, -0.39954], [29.33827, -0.39884], [29.33836, -0.39719], [29.33896, -0.39528], [29.33862, -0.39388], [29.33766, -0.39336], [29.33618, -0.39336], [29.33487, -0.39336], [29.33331, -0.39327], [29.33331, -0.39206], [29.33418, -0.39084], [29.33461, -0.38945], [29.33392, -0.38875], [29.33313, -0.38797], [29.33174, -0.3877], [29.33166, -0.38666], [29.33105, -0.38544], [29.33018, -0.38457], [29.32965, -0.38309], [29.32852, -0.38257], [29.32757, -0.38196], [29.32704, -0.38066], [29.32643, -0.37961], [29.32696, -0.37874], [29.32835, -0.37865], [29.33, -0.3763], [29.33105, -0.37422], [29.33131, -0.37291], [29.33183, -0.37134], [29.33192, -0.37047], [29.33226, -0.36943], [29.33287, -0.3676], [29.33287, -0.36641], [29.3338, -0.36594], [29.3348, -0.36525], [29.33496, -0.36409], [29.33472, -0.36293], [29.33457, -0.36177], [29.33457, -0.36038], [29.33457, -0.35929], [29.3355, -0.3579], [29.3365, -0.35674], [29.33712, -0.35504], [29.33813, -0.35388], [29.33936, -0.35295], [29.34122, -0.3521], [29.34246, -0.35032], [29.34315, -0.3487], [29.34439, -0.34692], [29.34439, -0.34592], [29.34354, -0.34584], [29.34215, -0.34576], [29.34122, -0.34522], [29.34122, -0.34383], [29.34161, -0.34267], [29.34191, -0.34112], [29.34246, -0.33996], [29.34238, -0.33911], [29.34137, -0.33764], [29.34014, -0.33841], [29.33913, -0.33841], [29.33774, -0.33818], [29.33673, -0.33741], [29.33588, -0.33633], [29.33488, -0.33594], [29.33372, -0.33563], [29.3324, -0.33563], [29.33117, -0.3354], [29.33086, -0.33463], [29.33093, -0.33377], [29.33024, -0.33316], [29.33062, -0.33231], [29.32985, -0.33153], [29.32861, -0.3313], [29.32684, -0.33099], [29.3266, -0.33006], [29.32614, -0.3296], [29.32622, -0.32805], [29.32817, -0.32655], [29.33079, -0.32631], [29.33174, -0.32465], [29.33174, -0.32298], [29.32817, -0.32298], [29.32793, -0.32084], [29.32651, -0.31965], [29.32413, -0.31965], [29.3227, -0.31822], [29.32032, -0.31608], [29.31746, -0.31608], [29.31532, -0.31822], [29.31294, -0.31894], [29.31032, -0.32013], [29.30842, -0.32036], [29.30557, -0.31989], [29.30567, -0.31893], [29.30567, -0.31743], [29.30538, -0.31586], [29.30517, -0.31465], [29.30424, -0.31365], [29.30467, -0.31179], [29.30559, -0.30936], [29.30574, -0.30779], [29.30681, -0.30679], [29.30617, -0.30529], [29.30617, -0.30387], [29.30552, -0.30294], [29.30552, -0.30215], [29.30617, -0.30094], [29.30538, -0.2988], [29.30545, -0.2978], [29.30574, -0.29623], [29.30417, -0.29551], [29.30374, -0.29444], [29.3036, -0.29295], [29.3041, -0.29109], [29.30324, -0.28952], [29.3031, -0.28788], [29.30352, -0.28666], [29.30374, -0.28495], [29.30367, -0.28388], [29.30367, -0.28274], [29.30367, -0.28124], [29.30374, -0.28045], [29.30388, -0.27874], [29.30388, -0.2776], [29.30402, -0.27631], [29.30502, -0.27503], [29.30509, -0.27381], [29.30588, -0.27281], [29.30681, -0.27246], [29.30695, -0.27117], [29.30738, -0.26982], [29.30759, -0.2686], [29.30766, -0.2676], [29.30874, -0.26668], [29.30966, -0.26568], [29.31073, -0.26503], [29.31195, -0.26411], [29.3133, -0.26304], [29.3138, -0.26196], [29.31509, -0.26096], [29.3158, -0.26054], [29.31659, -0.25947], [29.31816, -0.25918], [29.3188, -0.25825], [29.31966, -0.25704], [29.31973, -0.25575], [29.3203, -0.25454], [29.32201, -0.25311], [29.32308, -0.25183], [29.32408, -0.25119], [29.32465, -0.2499], [29.32515, -0.2484], [29.32608, -0.24733], [29.32615, -0.24612], [29.32737, -0.24519], [29.32787, -0.24405], [29.32865, -0.24283], [29.32922, -0.24162], [29.33029, -0.24055], [29.33179, -0.23998], [29.33265, -0.23926], [29.33329, -0.23805], [29.33329, -0.23698], [29.33379, -0.23627], [29.33486, -0.2352], [29.336, -0.2342], [29.33665, -0.23255], [29.3365, -0.23134], [29.33658, -0.22913], [29.33665, -0.22749], [29.33829, -0.22606], [29.34, -0.22513], [29.34093, -0.22392], [29.34279, -0.2222], [29.34378, -0.22135], [29.34421, -0.21963], [29.3435, -0.21792], [29.3435, -0.21664], [29.34493, -0.21535], [29.34585, -0.21471], [29.34678, -0.21307], [29.34757, -0.21178], [29.34757, -0.21043], [29.34878, -0.20928], [29.3489, -0.2092], [29.35035, -0.20821], [29.35042, -0.20781], [29.35057, -0.20693], [29.35185, -0.206], [29.35264, -0.20557], [29.35321, -0.20457], [29.35278, -0.20264], [29.35264, -0.20236], [29.35157, -0.20157], [29.35049, -0.20057], [29.34992, -0.19965], [29.34835, -0.19858], [29.34728, -0.19693], [29.34728, -0.19536], [29.347, -0.19422], [29.34635, -0.19308], [29.34543, -0.19244], [29.34428, -0.19237], [29.34329, -0.19165], [29.34264, -0.18965], [29.34236, -0.18794], [29.34114, -0.18737], [29.34057, -0.18673], [29.33936, -0.1863], [29.33836, -0.18651], [29.33757, -0.18694], [29.33658, -0.18687], [29.33543, -0.1868], [29.33443, -0.1858], [29.33343, -0.18501], [29.33251, -0.18323], [29.33144, -0.18209], [29.33029, -0.18209], [29.32951, -0.18251], [29.32908, -0.18344], [29.32872, -0.18401], [29.32865, -0.18487], [29.32794, -0.18601], [29.32758, -0.18637], [29.32637, -0.18665], [29.32523, -0.18651], [29.3248, -0.18673], [29.32373, -0.18687], [29.32201, -0.18694], [29.32037, -0.18708], [29.3188, -0.18708], [29.31752, -0.18723], [29.31573, -0.18723], [29.3148, -0.18744], [29.31409, -0.1878], [29.31359, -0.1888], [29.31288, -0.18908], [29.31145, -0.18872], [29.31016, -0.18887], [29.30916, -0.18872], [29.30716, -0.18851], [29.30581, -0.18922], [29.30452, -0.18944], [29.30331, -0.19022], [29.30238, -0.19101], [29.30145, -0.19122], [29.3006, -0.19144], [29.2991, -0.19151], [29.29831, -0.19258], [29.29746, -0.19294], [29.29653, -0.19301], [29.29581, -0.19401], [29.29503, -0.19486], [29.29382, -0.19486], [29.29267, -0.19479], [29.29167, -0.19558], [29.29093, -0.19596], [29.28979, -0.1966], [29.28822, -0.19724], [29.28736, -0.19789], [29.28607, -0.19817], [29.285, -0.19753], [29.28436, -0.19824], [29.28329, -0.19867], [29.28258, -0.19974], [29.28158, -0.20031], [29.28108, -0.20131], [29.28044, -0.20153], [29.27936, -0.20245], [29.27837, -0.2016], [29.27729, -0.20138], [29.27665, -0.2021], [29.27608, -0.20267], [29.27451, -0.20253], [29.27294, -0.20238], [29.2713, -0.20217], [29.26944, -0.20188], [29.26809, -0.2006], [29.2673, -0.19867], [29.26644, -0.19746], [29.26516, -0.19767], [29.26423, -0.1976], [29.26288, -0.1976], [29.26152, -0.19767], [29.26031, -0.19789], [29.25873, -0.19796], [29.25752, -0.19796], [29.25616, -0.19767], [29.25452, -0.19767], [29.25331, -0.19767], [29.25202, -0.19853], [29.25117, -0.19946], [29.25045, -0.20031], [29.24931, -0.20088], [29.24867, -0.20117], [29.2486, -0.20238], [29.2486, -0.2036], [29.24881, -0.20453], [29.24796, -0.20524], [29.24674, -0.20567], [29.2461, -0.20688], [29.24553, -0.20859], [29.24539, -0.20974], [29.24439, -0.21016], [29.24232, -0.20995], [29.24089, -0.20966], [29.2391, -0.20974], [29.23789, -0.21038], [29.23718, -0.20995], [29.23575, -0.20931], [29.23439, -0.20931], [29.23289, -0.20881], [29.23189, -0.20874], [29.23068, -0.20874], [29.22968, -0.20995], [29.22897, -0.21109], [29.2284, -0.21173], [29.22768, -0.21216], [29.22675, -0.21281], [29.2259, -0.21345], [29.22447, -0.21381], [29.22311, -0.21388], [29.22162, -0.21509], [29.22104, -0.21609], [29.22047, -0.21702], [29.22154, -0.21816], [29.22147, -0.21909], [29.2209, -0.2203], [29.22083, -0.2218], [29.2204, -0.22344], [29.21969, -0.22466], [29.21933, -0.2263], [29.21847, -0.2273], [29.21797, -0.22858], [29.21719, -0.22987], [29.21669, -0.23079], [29.21612, -0.23158], [29.21569, -0.23236], [29.21483, -0.23258], [29.21398, -0.23244], [29.21269, -0.23244], [29.21198, -0.23286], [29.21176, -0.23401], [29.21155, -0.23508], [29.21112, -0.23558], [29.21027, -0.23558], [29.20941, -0.23558], [29.20848, -0.23593], [29.20748, -0.23593], [29.2067, -0.2375], [29.20584, -0.23815], [29.20534, -0.23957], [29.20491, -0.24086], [29.20441, -0.24172], [29.20377, -0.24236], [29.20291, -0.24236], [29.20234, -0.243], [29.20163, -0.244], [29.20106, -0.24479], [29.2007, -0.24586], [29.20006, -0.24664], [29.19913, -0.24693], [29.19797, -0.24735], [29.19676, -0.24709], [29.19598, -0.24622], [29.19511, -0.2451], [29.19399, -0.2444], [29.1926, -0.2444], [29.19148, -0.2444], [29.19026, -0.24432], [29.18914, -0.24388], [29.18775, -0.24328], [29.18689, -0.2425], [29.1855, -0.24085], [29.1842, -0.23947], [29.18334, -0.238], [29.1823, -0.2373], [29.18109, -0.23713], [29.17996, -0.23687], [29.17866, -0.23575], [29.17641, -0.23566], [29.17589, -0.23566], [29.17485, -0.23583], [29.17373, -0.23583], [29.17295, -0.23626], [29.17191, -0.23661], [29.17052, -0.23678], [29.16957, -0.23678], [29.16879, -0.23774], [29.16784, -0.23843], [29.16723, -0.23895], [29.16576, -0.23947], [29.16498, -0.2399], [29.16403, -0.24111], [29.16299, -0.24207], [29.16212, -0.24319], [29.16152, -0.24371], [29.16065, -0.24432], [29.15935, -0.24466], [29.15814, -0.24518], [29.15797, -0.24605], [29.15684, -0.24761], [29.15598, -0.24873], [29.15537, -0.24969], [29.15416, -0.24994], [29.15269, -0.24951], [29.15156, -0.24951], [29.15147, -0.25072], [29.1513, -0.25176], [29.15078, -0.25289], [29.15061, -0.25479], [29.15026, -0.25592], [29.14931, -0.25696], [29.14853, -0.25774], [29.14671, -0.25808], [29.14507, -0.25748], [29.14463, -0.25722], [29.14377, -0.25748], [29.14273, -0.25843], [29.14212, -0.25956], [29.14212, -0.26059], [29.1416, -0.26163], [29.1416, -0.26267], [29.14074, -0.26397], [29.13996, -0.26492], [29.13918, -0.26501], [29.13831, -0.26492], [29.13762, -0.2657], [29.13693, -0.26657], [29.13624, -0.26813], [29.1352, -0.26865], [29.13416, -0.26969], [29.13312, -0.27012], [29.13139, -0.27012], [29.13018, -0.2709], [29.12948, -0.2722], [29.1287, -0.27324], [29.12749, -0.27445], [29.12611, -0.27479], [29.12446, -0.27462], [29.12282, -0.2735], [29.12143, -0.27306], [29.12005, -0.27306], [29.11849, -0.27211], [29.11736, -0.27237], [29.11559, -0.2699], [29.11238, -0.26597], [29.11059, -0.26347], [29.11131, -0.26026], [29.10952, -0.25562], [29.10845, -0.25205], [29.10845, -0.24848], [29.11095, -0.24527], [29.11452, -0.24206], [29.11702, -0.23777], [29.11987, -0.23706], [29.12059, -0.23385], [29.12202, -0.22956], [29.12451, -0.22635], [29.12915, -0.221], [29.13272, -0.21778], [29.13665, -0.216], [29.13986, -0.21314], [29.14165, -0.20958], [29.14307, -0.20601], [29.14343, -0.20279], [29.14523, -0.20106], [29.14511, -0.19894], [29.14511, -0.1973], [29.14382, -0.19601], [29.14288, -0.19425], [29.14265, -0.19167], [29.14124, -0.18956], [29.14007, -0.18745], [29.13995, -0.18522], [29.14183, -0.18381], [29.14288, -0.18205], [29.14148, -0.17982], [29.13843, -0.18005], [29.13655, -0.17935], [29.13561, -0.17841], [29.13444, -0.17841], [29.13303, -0.17759], [29.13174, -0.17618], [29.13045, -0.17313], [29.12892, -0.17055], [29.12716, -0.17067], [29.12505, -0.17125], [29.1227, -0.17055], [29.12082, -0.16961], [29.1193, -0.16808], [29.11871, -0.16703], [29.1166, -0.16609], [29.11508, -0.16515], [29.11355, -0.16468], [29.11238, -0.16409], [29.11179, -0.16269], [29.10897, -0.16198], [29.10803, -0.16292], [29.10768, -0.16409], [29.10686, -0.16468], [29.10581, -0.16585], [29.10545, -0.16656], [29.10369, -0.16726], [29.10158, -0.16703], [29.09923, -0.16644], [29.09736, -0.16585], [29.09489, -0.16456], [29.09313, -0.16445], [29.09184, -0.16445], [29.09067, -0.16503], [29.08914, -0.16679], [29.08785, -0.16679], [29.08703, -0.16539], [29.0848, -0.1648], [29.08281, -0.16316], [29.08175, -0.16163], [29.07964, -0.16093], [29.07588, -0.16233], [29.07225, -0.16245], [29.0699, -0.16316], [29.06826, -0.16445], [29.06697, -0.16539], [29.06439, -0.16726], [29.06298, -0.16949], [29.06169, -0.1709], [29.06004, -0.17172], [29.05758, -0.17172], [29.055, -0.17172], [29.05195, -0.1709], [29.04866, -0.1709], [29.04678, -0.17102], [29.04221, -0.1729], [29.03927, -0.17653], [29.03399, -0.18005], [29.02895, -0.18064], [29.02472, -0.18228], [29.02144, -0.18263], [29.0198, -0.18392], [29.01851, -0.18392], [29.01639, -0.18392], [29.00985, -0.18343], [29.00592, -0.17951], [29.00093, -0.17594], [28.99379, -0.1713], [28.99058, -0.16773], [28.98558, -0.16166], [28.9813, -0.15916], [28.97844, -0.15916], [28.97505, -0.15684], [28.97243, -0.15185], [28.96982, -0.14828], [28.96529, -0.14423], [28.96173, -0.14376], [28.95839, -0.14399], [28.95649, -0.1428], [28.95506, -0.1428], [28.95292, -0.14495], [28.94792, -0.14566], [28.94555, -0.14661], [28.9415, -0.14828], [28.93579, -0.14828], [28.93151, -0.14899], [28.92508, -0.15113], [28.92151, -0.15375], [28.91652, -0.15542], [28.91271, -0.15661], [28.90962, -0.15875], [28.90343, -0.15875], [28.89843, -0.15827], [28.89534, -0.16017], [28.89201, -0.16017], [28.88844, -0.15851], [28.88606, -0.15637], [28.88511, -0.15351], [28.8832, -0.15113], [28.87963, -0.14947], [28.87654, -0.14947], [28.87725, -0.14685], [28.87725, -0.14471], [28.87844, -0.14233], [28.88011, -0.13995], [28.88225, -0.13805], [28.88439, -0.13471], [28.88454, -0.13339], [28.88606, -0.13238], [28.88636, -0.13136], [28.88616, -0.13106], [28.88616, -0.12923], [28.88717, -0.12771], [28.88859, -0.1266], [28.88991, -0.12589], [28.89051, -0.12498], [28.89062, -0.12336], [28.8893, -0.12204], [28.88768, -0.12042], [28.88717, -0.1187], [28.88697, -0.11647], [28.88565, -0.11495], [28.88433, -0.11353], [28.8822, -0.11211], [28.88048, -0.10947], [28.88018, -0.10593], [28.88018, -0.10441], [28.87998, -0.10268], [28.87987, -0.10106], [28.87876, -0.09964], [28.87775, -0.09873], [28.87775, -0.0967], [28.87775, -0.09559], [28.87724, -0.09316], [28.87562, -0.09235], [28.87471, -0.09042], [28.87369, -0.089], [28.87349, -0.08657], [28.87339, -0.08444], [28.87207, -0.08272], [28.86994, -0.0812], [28.86873, -0.08049], [28.86881, -0.07953], [28.86962, -0.07891], [28.86962, -0.0789], [28.86962, -0.0789], [28.86948, -0.07814], [28.86943, -0.07734], [28.87, -0.07644], [28.87072, -0.07549], [28.87181, -0.0753], [28.87248, -0.07596], [28.87309, -0.07615], [28.87438, -0.07539], [28.87486, -0.07668], [28.876, -0.07596], [28.8769, -0.07544], [28.87709, -0.07468], [28.87823, -0.07453], [28.87885, -0.0743], [28.87885, -0.07429], [28.87885, -0.07428], [28.87814, -0.07315], [28.87838, -0.07249], [28.87966, -0.07197], [28.88038, -0.0712], [28.88123, -0.07049], [28.88209, -0.07177], [28.88304, -0.07306], [28.88471, -0.07282], [28.88513, -0.07244], [28.8859, -0.07411], [28.88694, -0.07449], [28.88832, -0.07382], [28.88932, -0.07311], [28.8908, -0.07287], [28.89094, -0.07173], [28.89189, -0.07101], [28.89189, -0.071], [28.89189, -0.071], [28.8917, -0.07005], [28.89094, -0.0701], [28.89089, -0.06886], [28.89089, -0.06811], [28.89242, -0.06892], [28.89261, -0.06954], [28.8937, -0.06982], [28.89432, -0.07044], [28.89575, -0.07087], [28.89746, -0.07101], [28.89803, -0.07192], [28.89865, -0.07339], [28.89946, -0.07363], [28.90022, -0.0722], [28.90136, -0.07192], [28.9025, -0.07244], [28.90327, -0.07349], [28.90389, -0.07463], [28.90479, -0.07487], [28.90584, -0.07544], [28.9066, -0.07606], [28.90707, -0.07582], [28.90769, -0.07515], [28.90812, -0.07434], [28.9085, -0.07349], [28.90874, -0.07268], [28.90969, -0.0723], [28.91055, -0.07187], [28.91174, -0.07187], [28.91302, -0.07273], [28.91435, -0.07273], [28.91497, -0.07339], [28.91516, -0.07449], [28.91535, -0.07515], [28.91631, -0.07515], [28.91783, -0.07444], [28.91873, -0.07496], [28.91958, -0.07572], [28.91888, -0.07643], [28.91835, -0.07704], [28.91802, -0.07757], [28.91803, -0.07757], [28.91802, -0.07758], [28.91859, -0.07768], [28.91954, -0.07763], [28.9203, -0.07763], [28.92102, -0.07734], [28.92135, -0.07696], [28.92225, -0.07734], [28.923, -0.07809], [28.92343, -0.07931], [28.92429, -0.07945], [28.92529, -0.07931], [28.92586, -0.07995], [28.92593, -0.08052], [28.92729, -0.08038], [28.92836, -0.08009], [28.929, -0.07902], [28.93007, -0.07902], [28.9305, -0.07945], [28.93136, -0.07966], [28.93221, -0.07988], [28.93357, -0.07923], [28.9345, -0.07902], [28.93585, -0.07945], [28.937, -0.07895], [28.93878, -0.07888], [28.93992, -0.07888], [28.94085, -0.07952], [28.94099, -0.07838], [28.94185, -0.07795], [28.94278, -0.07873], [28.94349, -0.07895], [28.94657, -0.07787], [28.94895, -0.07787], [28.95086, -0.07572], [28.95085, -0.07571], [28.95086, -0.07571], [28.95014, -0.07263], [28.95133, -0.06978], [28.95323, -0.06668], [28.95538, -0.0643], [28.95847, -0.0605], [28.96156, -0.05812], [28.96442, -0.05574], [28.96656, -0.05336], [28.96918, -0.0505], [28.97156, -0.04955], [28.97417, -0.04955], [28.97632, -0.04765], [28.97917, -0.04741], [28.98084, -0.04646], [28.98322, -0.04455], [28.98583, -0.04384], [28.98869, -0.04479], [28.99059, -0.04479], [28.99321, -0.0436], [28.9944, -0.04194], [28.99654, -0.04051], [29.00011, -0.04098]]]}}, {"type": "Feature", "properties": {"zone": "Mangobo", "province": "Tshopo", "confirmed_cases": 8, "confirmed_deaths": 4}, "geometry": {"type": "Polygon", "coordinates": [[[25.16118, 0.63936], [25.15977, 0.62524], [25.16, 0.61395], [25.16259, 0.60407], [25.16776, 0.59372], [25.17092, 0.58789], [25.1682, 0.58835], [25.16536, 0.58858], [25.16536, 0.58858], [25.16423, 0.58812], [25.16127, 0.5854], [25.159, 0.58438], [25.1579, 0.58364], [25.15662, 0.58279], [25.15552, 0.58156], [25.15458, 0.58052], [25.15265, 0.57802], [25.15248, 0.57645], [25.15231, 0.57484], [25.15105, 0.57301], [25.14981, 0.57121], [25.14718, 0.56972], [25.14641, 0.56928], [25.13869, 0.56871], [25.13119, 0.56957], [25.12178, 0.57064], [25.11828, 0.56117], [25.11519, 0.55282], [25.06076, 0.57773], [25.05862, 0.57871], [25.04379, 0.58573], [25.03799, 0.59309], [25.01148, 0.61326], [25.00725, 0.62776], [25.01794, 0.63055], [25.03621, 0.63246], [25.04125, 0.63217], [25.04589, 0.6319], [25.04589, 0.6319], [25.0752, 0.63021], [25.10158, 0.63405], [25.14003, 0.64088], [25.15943, 0.64785], [25.16118, 0.645], [25.16118, 0.63936]]]}}, {"type": "Feature", "properties": {"zone": "Gety", "province": "Ituri", "confirmed_cases": 9, "confirmed_deaths": 5}, "geometry": {"type": "Polygon", "coordinates": [[[30.2544, 1.41071], [30.27296, 1.39857], [30.29509, 1.4], [30.29592, 1.41313], [30.29802, 1.41119], [30.31021, 1.4112], [30.3131, 1.41101], [30.32051, 1.41052], [30.32218, 1.41041], [30.33253, 1.40973], [30.33415, 1.41051], [30.34101, 1.41379], [30.34185, 1.42346], [30.34154, 1.43191], [30.34122, 1.44038], [30.35126, 1.44848], [30.3515, 1.44851], [30.36893, 1.45097], [30.37822, 1.45099], [30.38428, 1.45184], [30.40344, 1.4487], [30.42181, 1.44772], [30.4269, 1.44248], [30.43473, 1.43728], [30.44098, 1.42954], [30.45021, 1.42182], [30.45986, 1.41664], [30.46151, 1.41229], [30.46887, 1.41288], [30.46888, 1.41288], [30.46888, 1.41288], [30.46888, 1.41288], [30.47521, 1.40841], [30.47884, 1.40522], [30.48838, 1.39973], [30.49337, 1.39562], [30.49837, 1.39288], [30.50745, 1.38694], [30.51377, 1.38411], [30.51562, 1.38328], [30.52516, 1.37825], [30.53697, 1.37505], [30.55695, 1.36866], [30.56194, 1.36546], [30.57602, 1.35952], [30.58147, 1.35495], [30.59463, 1.34855], [30.60001, 1.34838], [30.60001, 1.34838], [30.59015, 1.33062], [30.57874, 1.31009], [30.5593, 1.27778], [30.54063, 1.24628], [30.51084, 1.2081], [30.50602, 1.20857], [30.49131, 1.20999], [30.4728, 1.21177], [30.47072, 1.21121], [30.46858, 1.21062], [30.45824, 1.20472], [30.44616, 1.20252], [30.42476, 1.19424], [30.41882, 1.19441], [30.40828, 1.19751], [30.39554, 1.19186], [30.38915, 1.19087], [30.363, 1.20046], [30.35868, 1.19743], [30.34018, 1.17608], [30.33629, 1.15559], [30.33267, 1.15187], [30.32948, 1.15137], [30.32348, 1.15682], [30.32005, 1.15701], [30.31439, 1.1519], [30.30667, 1.14767], [30.30104, 1.1398], [30.29035, 1.13508], [30.28586, 1.12917], [30.28472, 1.12767], [30.28075, 1.12528], [30.2711, 1.11948], [30.2711, 1.11947], [30.27085, 1.12007], [30.26907, 1.12428], [30.26748, 1.1263], [30.26646, 1.12758], [30.26371, 1.13051], [30.26103, 1.13304], [30.25785, 1.13456], [30.25467, 1.13607], [30.25267, 1.13708], [30.25088, 1.13738], [30.25066, 1.13742], [30.24886, 1.13725], [30.24883, 1.13725], [30.24882, 1.13725], [30.24615, 1.1366], [30.24544, 1.13643], [30.24528, 1.13639], [30.24424, 1.13613], [30.2433, 1.1359], [30.23978, 1.13472], [30.23645, 1.13497], [30.23444, 1.13521], [30.23355, 1.13388], [30.23155, 1.13088], [30.22727, 1.11661], [30.2237, 1.09662], [30.21942, 1.07806], [30.203, 1.06307], [30.19943, 1.0545], [30.18801, 1.05879], [30.17873, 1.0645], [30.17016, 1.0595], [30.16017, 1.06021], [30.14804, 1.0545], [30.12733, 1.04594], [30.11377, 1.0545], [30.09949, 1.05664], [30.08736, 1.0595], [30.06594, 1.07378], [30.05809, 1.08163], [30.05024, 1.08805], [30.03668, 1.09947], [30.02882, 1.10661], [30.01883, 1.11232], [30.01098, 1.11589], [30.0017, 1.11732], [29.99456, 1.11732], [29.98314, 1.11732], [29.976, 1.11661], [29.96743, 1.11732], [29.95958, 1.12517], [29.95102, 1.12731], [29.94388, 1.13017], [29.93888, 1.13303], [29.92817, 1.14516], [29.91961, 1.15444], [29.90819, 1.16515], [29.91104, 1.18085], [29.91747, 1.19085], [29.91994, 1.19383], [29.93044, 1.20074], [29.93342, 1.20533], [29.93765, 1.20858], [29.93619, 1.21342], [29.94174, 1.22011], [29.94143, 1.23176], [29.94185, 1.2373], [29.94491, 1.23956], [29.94796, 1.24339], [29.95182, 1.24822], [29.95102, 1.25366], [29.95258, 1.26171], [29.95365, 1.2672], [29.95971, 1.26982], [29.95601, 1.27936], [29.95292, 1.28242], [29.95292, 1.29051], [29.9576, 1.29886], [29.96101, 1.30649], [29.96429, 1.31058], [29.96314, 1.31435], [29.96776, 1.31512], [29.97103, 1.31877], [29.98531, 1.32877], [29.98674, 1.34661], [29.98674, 1.35875], [30.00744, 1.36017], [30.03028, 1.35732], [30.0517, 1.34304], [30.06526, 1.33805], [30.07525, 1.34733], [30.09024, 1.3459], [30.09453, 1.37945], [30.10167, 1.40657], [30.11048, 1.42024], [30.11371, 1.42524], [30.11594, 1.4287], [30.15378, 1.45868], [30.15398, 1.4614], [30.16588, 1.45425], [30.20157, 1.43783], [30.21514, 1.42713], [30.22941, 1.42356], [30.2544, 1.41071]]]}}, {"type": "Feature", "properties": {"zone": "Goma", "province": "Nord-Kivu", "confirmed_cases": 1, "confirmed_deaths": 0}, "geometry": {"type": "Polygon", "coordinates": [[[29.13216, -1.60818], [29.17041, -1.63294], [29.19726, -1.65611], [29.22222, -1.67784], [29.23605, -1.68], [29.24359, -1.6826], [29.24687, -1.68336], [29.24351, -1.69118], [29.24229, -1.69924], [29.24238, -1.70005], [29.24231, -1.70014], [29.2423, -1.70016], [29.24088, -1.70071], [29.23958, -1.7006], [29.23935, -1.70034], [29.23872, -1.69957], [29.23825, -1.69918], [29.23776, -1.69908], [29.23718, -1.6988], [29.23662, -1.69836], [29.23629, -1.6982], [29.23567, -1.69764], [29.2352, -1.69722], [29.23462, -1.6972], [29.23422, -1.69682], [29.23343, -1.69675], [29.23278, -1.69689], [29.23175, -1.69687], [29.23133, -1.69655], [29.23087, -1.69624], [29.2308, -1.69578], [29.23036, -1.69457], [29.23008, -1.69426], [29.23019, -1.69328], [29.22975, -1.69293], [29.22991, -1.69231], [29.23005, -1.69179], [29.22982, -1.69112], [29.22928, -1.69075], [29.2287, -1.69028], [29.2281, -1.69012], [29.22775, -1.68953], [29.22712, -1.68886], [29.2263, -1.68793], [29.22621, -1.68741], [29.22656, -1.68686], [29.22647, -1.68627], [29.22584, -1.68609], [29.22509, -1.68623], [29.2239, -1.68627], [29.22369, -1.68644], [29.22325, -1.68688], [29.22285, -1.68709], [29.22213, -1.68693], [29.22157, -1.68672], [29.22127, -1.68606], [29.22139, -1.6859], [29.2216, -1.68576], [29.22188, -1.68557], [29.22218, -1.68541], [29.22276, -1.68516], [29.22299, -1.68471], [29.22379, -1.68362], [29.22353, -1.68287], [29.22309, -1.68243], [29.2222, -1.68203], [29.22188, -1.68152], [29.22111, -1.68127], [29.22071, -1.68173], [29.22004, -1.68224], [29.21901, -1.68273], [29.21836, -1.68304], [29.21792, -1.68285], [29.21738, -1.68243], [29.21694, -1.6822], [29.21636, -1.68227], [29.21556, -1.68206], [29.21447, -1.68196], [29.21365, -1.68175], [29.21237, -1.68045], [29.21167, -1.68012], [29.211, -1.67984], [29.21037, -1.67963], [29.20944, -1.67949], [29.20925, -1.67908], [29.20886, -1.67884], [29.20809, -1.67849], [29.20767, -1.678], [29.20688, -1.67738], [29.20625, -1.67679], [29.2059, -1.67621], [29.20423, -1.67568], [29.20334, -1.6754], [29.20268, -1.67509], [29.20215, -1.67474], [29.2017, -1.67453], [29.20119, -1.67416], [29.20075, -1.6739], [29.19942, -1.67314], [29.19837, -1.67328], [29.19712, -1.67223], [29.1966, -1.67178], [29.19611, -1.67146], [29.19577, -1.67139], [29.19516, -1.67106], [29.19455, -1.67074], [29.19404, -1.6706], [29.1936, -1.6706], [29.19304, -1.67027], [29.19241, -1.67015], [29.19181, -1.67008], [29.19106, -1.66997], [29.19057, -1.66946], [29.19024, -1.66911], [29.18973, -1.66894], [29.18938, -1.66915], [29.1884, -1.66927], [29.18754, -1.66915], [29.18666, -1.66936], [29.18582, -1.66953], [29.18507, -1.66964], [29.18444, -1.66969], [29.18379, -1.66969], [29.18319, -1.6695], [29.18267, -1.66967], [29.18251, -1.66941], [29.18258, -1.66906], [29.18177, -1.66899], [29.18093, -1.6689], [29.18002, -1.66869], [29.17906, -1.66869], [29.17885, -1.66834], [29.17841, -1.66829], [29.17769, -1.66792], [29.17685, -1.66748], [29.17648, -1.66717], [29.17601, -1.66685], [29.17524, -1.66638], [29.17513, -1.66596], [29.17457, -1.66582], [29.17361, -1.66524], [29.17336, -1.66503], [29.17294, -1.66515], [29.17254, -1.66461], [29.17224, -1.66435], [29.17203, -1.66426], [29.17173, -1.66405], [29.17145, -1.66391], [29.17117, -1.66363], [29.1708, -1.6634], [29.17003, -1.66333], [29.1693, -1.66349], [29.16905, -1.66338], [29.16875, -1.6631], [29.16865, -1.66268], [29.16856, -1.66203], [29.16884, -1.6614], [29.16898, -1.66084], [29.169, -1.66025], [29.16879, -1.6597], [29.16842, -1.65909], [29.16812, -1.65904], [29.1676, -1.65841], [29.16693, -1.65802], [29.16651, -1.65755], [29.16642, -1.65706], [29.16672, -1.65681], [29.1673, -1.65648], [29.16742, -1.6559], [29.16725, -1.65506], [29.16693, -1.65462], [29.16632, -1.65452], [29.16583, -1.65408], [29.16588, -1.6535], [29.16593, -1.65306], [29.16576, -1.65266], [29.16565, -1.65234], [29.16567, -1.65178], [29.16586, -1.65122], [29.16537, -1.65108], [29.16532, -1.65059], [29.16462, -1.65054], [29.16404, -1.65001], [29.16357, -1.64996], [29.16357, -1.64942], [29.16381, -1.64905], [29.16355, -1.64877], [29.16332, -1.6484], [29.16327, -1.64803], [29.16318, -1.64721], [29.16369, -1.64698], [29.16309, -1.64668], [29.16327, -1.64619], [29.1643, -1.64537], [29.16493, -1.64465], [29.16513, -1.64418], [29.16427, -1.64374], [29.16381, -1.64381], [29.16346, -1.64355], [29.16278, -1.64297], [29.16243, -1.64239], [29.16187, -1.6422], [29.1618, -1.6415], [29.16218, -1.64127], [29.16171, -1.64085], [29.16134, -1.64074], [29.16071, -1.64013], [29.1602, -1.64006], [29.15999, -1.63971], [29.15994, -1.63913], [29.15954, -1.6388], [29.15957, -1.63831], [29.15971, -1.63792], [29.15978, -1.63706], [29.15957, -1.63666], [29.15938, -1.63624], [29.15936, -1.6351], [29.15899, -1.6351], [29.15854, -1.63484], [29.15868, -1.63428], [29.1584, -1.63403], [29.15789, -1.634], [29.1577, -1.63461], [29.15742, -1.63577], [29.15719, -1.63652], [29.15682, -1.63657], [29.15668, -1.63612], [29.15579, -1.63591], [29.15477, -1.63598], [29.15393, -1.63591], [29.15351, -1.63657], [29.15321, -1.6374], [29.15265, -1.63775], [29.15211, -1.63778], [29.15179, -1.63771], [29.15102, -1.63782], [29.15074, -1.63841], [29.15027, -1.63873], [29.14948, -1.63903], [29.14864, -1.6395], [29.14783, -1.63931], [29.14734, -1.63887], [29.14671, -1.63892], [29.1462, -1.63959], [29.14569, -1.64001], [29.14557, -1.63955], [29.14557, -1.63887], [29.14503, -1.63876], [29.14464, -1.63882], [29.14438, -1.63887], [29.14422, -1.6389], [29.14368, -1.63948], [29.14359, -1.64061], [29.14357, -1.64085], [29.14289, -1.64176], [29.14203, -1.6426], [29.14098, -1.64306], [29.14026, -1.64299], [29.1393, -1.64276], [29.13884, -1.64253], [29.13867, -1.64265], [29.13818, -1.64258], [29.13807, -1.64223], [29.1377, -1.6422], [29.13721, -1.64232], [29.13721, -1.64176], [29.1369, -1.64134], [29.13639, -1.64127], [29.1359, -1.64136], [29.13537, -1.6412], [29.13518, -1.64078], [29.13485, -1.64018], [29.13504, -1.63987], [29.1356, -1.63941], [29.13537, -1.63906], [29.13532, -1.63838], [29.13497, -1.63775], [29.1349, -1.63703], [29.13485, -1.63636], [29.13432, -1.63584], [29.13395, -1.63552], [29.13425, -1.63489], [29.13448, -1.63431], [29.13399, -1.63356], [29.13397, -1.63282], [29.1335, -1.63237], [29.13315, -1.63181], [29.13339, -1.63126], [29.13374, -1.63074], [29.13353, -1.63044], [29.13315, -1.63039], [29.13245, -1.63049], [29.13173, -1.63067], [29.13162, -1.63009], [29.13194, -1.6296], [29.13194, -1.62902], [29.13164, -1.62865], [29.13117, -1.62865], [29.13155, -1.62759], [29.13069, -1.62651], [29.12919, -1.62512], [29.12876, -1.6234], [29.13037, -1.62265], [29.13059, -1.6191], [29.12941, -1.61695], [29.12865, -1.61416], [29.12908, -1.61168], [29.13177, -1.60932], [29.13216, -1.60818]]]}}, {"type": "Feature", "properties": {"zone": "Lubunga", "province": "Tshopo", "confirmed_cases": 1, "confirmed_deaths": 0}, "geometry": {"type": "Polygon", "coordinates": [[[24.99461, 0.54648], [25.02797, 0.51674], [25.07454, 0.48569], [25.07454, 0.48569], [25.1735, 0.49013], [25.18523, 0.48705], [25.19568, 0.48431], [25.23643, 0.46352], [25.23932, 0.45992], [25.23932, 0.45992], [25.23919, 0.46008], [25.24053, 0.45919], [25.24137, 0.45868], [25.24239, 0.45807], [25.24995, 0.45352], [25.25929, 0.44726], [25.26871, 0.44095], [25.28192, 0.42898], [25.29204, 0.42158], [25.30583, 0.41463], [25.32055, 0.40954], [25.32928, 0.40491], [25.33526, 0.40074], [25.33526, 0.39519], [25.33802, 0.39102], [25.3417, 0.38038], [25.34951, 0.37667], [25.35658, 0.37256], [25.36137, 0.37143], [25.37372, 0.3632], [25.37784, 0.35908], [25.39332, 0.35063], [25.39499, 0.34972], [25.41258, 0.34358], [25.42524, 0.33235], [25.42559, 0.33204], [25.42662, 0.33112], [25.42883, 0.32916], [25.42607, 0.32696], [25.4254, 0.32643], [25.42367, 0.32505], [25.42296, 0.32449], [25.42296, 0.32449], [25.4206, 0.32261], [25.41658, 0.31941], [25.39555, 0.30263], [25.3949, 0.30211], [25.38865, 0.29779], [25.38854, 0.29771], [25.38854, 0.29771], [25.38054, 0.29218], [25.33748, 0.28033], [25.31185, 0.28736], [25.30775, 0.30031], [25.30057, 0.31028], [25.30057, 0.33914], [25.19537, 0.40344], [25.19135, 0.4059], [25.18892, 0.40738], [25.18778, 0.40808], [25.18694, 0.40726], [25.1862, 0.40655], [25.17958, 0.40013], [25.17753, 0.37426], [25.15907, 0.31059], [25.15087, 0.29368], [25.15035, 0.29378], [25.12421, 0.29872], [25.10473, 0.29578], [25.09858, 0.26493], [25.08337, 0.25787], [25.08003, 0.25633], [25.07295, 0.25304], [25.0709, 0.21223], [25.06987, 0.19531], [25.06411, 0.14738], [25.04286, 0.13054], [25.02048, 0.12382], [25.02686, 0.13805], [25.02731, 0.16055], [25.03265, 0.27474], [25.02552, 0.34094], [25.00503, 0.36304], [25.0028, 0.39808], [25.00225, 0.39961], [25.00095, 0.40327], [25.0008, 0.40368], [24.9999, 0.40621], [24.99968, 0.40684], [24.99868, 0.40963], [24.99598, 0.41671], [24.99454, 0.42048], [24.99454, 0.42047], [24.99433, 0.42103], [24.96849, 0.45829], [24.95468, 0.46221], [24.93685, 0.46441], [24.90032, 0.46752], [24.86423, 0.48923], [24.862, 0.50913], [24.862, 0.52903], [24.87314, 0.54025], [24.89625, 0.54725], [24.9057, 0.54273], [24.92169, 0.53774], [24.93333, 0.53733], [24.98008, 0.54832], [24.98601, 0.55041], [24.98908, 0.55072], [24.98908, 0.55072], [24.99461, 0.54648], [24.99461, 0.54648]]]}}, {"type": "Feature", "properties": {"zone": "Mabalako", "province": "Nord-Kivu", "confirmed_cases": 51, "confirmed_deaths": 20}, "geometry": {"type": "Polygon", "coordinates": [[[29.34179, 0.58975], [29.34074, 0.58932], [29.33969, 0.5897], [29.33922, 0.5897], [29.3386, 0.58894], [29.33798, 0.58847], [29.33698, 0.58832], [29.33593, 0.58837], [29.33489, 0.58856], [29.33465, 0.58804], [29.33384, 0.58751], [29.33322, 0.5869], [29.33232, 0.58666], [29.33165, 0.58656], [29.33137, 0.58594], [29.33089, 0.58542], [29.33041, 0.58556], [29.32994, 0.58518], [29.32956, 0.58471], [29.32913, 0.58423], [29.32861, 0.58347], [29.32822, 0.58247], [29.32813, 0.58138], [29.32813, 0.58047], [29.32818, 0.57973], [29.32855, 0.57884], [29.32856, 0.57881], [29.32856, 0.57881], [29.3287, 0.5779], [29.32856, 0.577], [29.3278, 0.57619], [29.32708, 0.57524], [29.32651, 0.57409], [29.32642, 0.57343], [29.32627, 0.57281], [29.32589, 0.57229], [29.32551, 0.57162], [29.32561, 0.57072], [29.32518, 0.56991], [29.32504, 0.56924], [29.3247, 0.56862], [29.32447, 0.56796], [29.32432, 0.56711], [29.3246, 0.56623], [29.3255, 0.56604], [29.3255, 0.56601], [29.32551, 0.566], [29.32551, 0.5652], [29.32518, 0.56439], [29.32475, 0.56329], [29.32475, 0.56215], [29.32475, 0.56106], [29.32475, 0.56006], [29.32475, 0.55906], [29.32461, 0.55796], [29.32437, 0.55658], [29.32427, 0.55549], [29.3238, 0.55439], [29.32323, 0.5542], [29.32294, 0.55306], [29.32285, 0.55235], [29.3228, 0.55097], [29.32275, 0.54997], [29.3227, 0.54854], [29.32266, 0.54778], [29.32284, 0.54705], [29.32284, 0.54705], [29.32285, 0.54702], [29.3228, 0.54549], [29.32261, 0.54449], [29.32232, 0.54302], [29.32242, 0.54166], [29.3227, 0.54092], [29.32313, 0.54015], [29.32313, 0.54013], [29.32313, 0.54012], [29.32318, 0.53935], [29.32289, 0.53902], [29.32228, 0.53893], [29.32194, 0.53874], [29.32151, 0.53812], [29.32109, 0.53764], [29.32094, 0.53717], [29.32066, 0.5365], [29.32009, 0.53559], [29.31929, 0.53173], [29.31788, 0.53067], [29.31595, 0.52821], [29.31525, 0.52716], [29.31384, 0.52716], [29.31296, 0.52628], [29.31156, 0.52593], [29.3091, 0.52593], [29.30716, 0.52417], [29.30523, 0.52347], [29.30417, 0.52224], [29.30312, 0.52188], [29.30083, 0.52153], [29.29837, 0.52206], [29.29679, 0.52083], [29.29539, 0.51925], [29.29292, 0.51995], [29.29187, 0.51819], [29.29011, 0.51696], [29.28853, 0.51714], [29.28572, 0.51872], [29.28343, 0.51854], [29.2815, 0.51608], [29.28027, 0.51433], [29.27869, 0.51222], [29.27587, 0.50958], [29.27412, 0.50694], [29.27325, 0.50573], [29.27552, 0.50329], [29.27657, 0.50118], [29.27956, 0.50118], [29.28237, 0.50083], [29.28553, 0.49978], [29.28554, 0.49974], [29.28554, 0.49974], [29.28589, 0.49728], [29.28486, 0.49538], [29.2887, 0.49573], [29.29028, 0.49644], [29.29027, 0.49639], [29.29029, 0.4964], [29.28977, 0.49257], [29.29239, 0.49257], [29.2945, 0.49274], [29.29608, 0.49099], [29.29766, 0.4887], [29.30083, 0.48993], [29.30258, 0.48888], [29.3054, 0.48888], [29.30663, 0.48835], [29.30891, 0.48694], [29.31155, 0.48571], [29.31383, 0.48325], [29.31506, 0.48185], [29.31735, 0.47921], [29.31911, 0.48132], [29.31999, 0.4822], [29.32245, 0.48185], [29.32368, 0.48079], [29.32544, 0.48009], [29.3273, 0.48515], [29.32786, 0.48543], [29.32824, 0.48595], [29.32834, 0.48652], [29.32843, 0.48704], [29.32915, 0.48743], [29.32957, 0.48743], [29.33, 0.48752], [29.33057, 0.48809], [29.33105, 0.48857], [29.33157, 0.48881], [29.33219, 0.48942], [29.33343, 0.4898], [29.33467, 0.48947], [29.33547, 0.48942], [29.33624, 0.48919], [29.33662, 0.48862], [29.33709, 0.48833], [29.33752, 0.48771], [29.33776, 0.48738], [29.33819, 0.48733], [29.33862, 0.488], [29.3389, 0.48857], [29.33942, 0.48895], [29.34033, 0.48871], [29.34066, 0.48814], [29.34066, 0.48811], [29.34067, 0.4881], [29.34071, 0.48742], [29.34123, 0.48719], [29.34123, 0.48715], [29.34124, 0.48715], [29.34119, 0.48624], [29.34119, 0.48561], [29.3418, 0.48519], [29.34257, 0.48571], [29.34304, 0.48543], [29.34361, 0.485], [29.34361, 0.48497], [29.34362, 0.48496], [29.34362, 0.4845], [29.34385, 0.48371], [29.34409, 0.48305], [29.34475, 0.48262], [29.34533, 0.482], [29.34532, 0.48197], [29.34533, 0.48196], [29.34529, 0.4813], [29.34514, 0.48049], [29.34495, 0.47978], [29.34514, 0.47919], [29.34547, 0.47834], [29.34547, 0.47832], [29.34548, 0.4783], [29.34548, 0.47748], [29.34623, 0.47738], [29.3478, 0.47672], [29.34813, 0.4771], [29.3488, 0.47776], [29.34885, 0.47829], [29.35013, 0.47838], [29.35075, 0.47881], [29.35089, 0.47972], [29.35089, 0.48067], [29.35089, 0.48119], [29.35194, 0.48019], [29.35242, 0.47972], [29.35289, 0.47981], [29.35361, 0.47981], [29.35422, 0.47986], [29.35494, 0.48024], [29.35551, 0.48062], [29.35679, 0.4801], [29.35732, 0.47967], [29.35728, 0.47966], [29.35733, 0.47963], [29.35671, 0.47953], [29.35653, 0.47922], [29.35703, 0.47862], [29.35737, 0.47772], [29.35808, 0.4771], [29.35808, 0.47707], [29.35809, 0.47706], [29.35813, 0.47614], [29.3586, 0.47548], [29.3586, 0.47545], [29.35861, 0.47544], [29.35861, 0.47487], [29.35852, 0.47448], [29.35941, 0.47439], [29.35998, 0.47524], [29.36041, 0.47586], [29.36117, 0.47486], [29.36203, 0.47539], [29.36289, 0.47553], [29.36431, 0.475], [29.36617, 0.47424], [29.36812, 0.47301], [29.36945, 0.47248], [29.37083, 0.47191], [29.37188, 0.47148], [29.37293, 0.47167], [29.37374, 0.47153], [29.37455, 0.47224], [29.37531, 0.47234], [29.37597, 0.47286], [29.3765, 0.47291], [29.37726, 0.47291], [29.37792, 0.47372], [29.37873, 0.47448], [29.37935, 0.47515], [29.37988, 0.47543], [29.38, 0.47515], [29.38045, 0.4742], [29.38107, 0.47381], [29.38164, 0.47362], [29.38211, 0.47282], [29.38225, 0.47229], [29.38321, 0.4721], [29.38344, 0.47129], [29.38416, 0.47082], [29.38415, 0.47079], [29.38417, 0.47078], [29.38398, 0.46984], [29.38449, 0.46891], [29.38506, 0.46825], [29.38506, 0.46822], [29.38507, 0.46821], [29.38497, 0.46745], [29.38412, 0.46697], [29.38384, 0.4665], [29.38406, 0.46577], [29.38406, 0.46576], [29.38407, 0.46573], [29.38398, 0.46509], [29.3843, 0.46463], [29.38521, 0.4642], [29.38597, 0.46434], [29.3862, 0.46382], [29.3862, 0.46382], [29.38621, 0.46378], [29.38574, 0.4635], [29.38564, 0.46288], [29.38564, 0.46212], [29.38569, 0.46145], [29.38559, 0.46102], [29.38521, 0.4605], [29.38466, 0.46031], [29.38502, 0.45987], [29.3853, 0.4594], [29.38592, 0.45863], [29.38654, 0.45797], [29.3872, 0.45816], [29.38782, 0.45825], [29.38849, 0.45811], [29.38868, 0.45754], [29.38868, 0.45752], [29.38869, 0.4575], [29.38869, 0.45698], [29.38873, 0.45604], [29.38897, 0.45535], [29.38968, 0.45497], [29.39001, 0.45407], [29.39001, 0.45406], [29.39002, 0.45403], [29.38956, 0.45356], [29.39025, 0.45269], [29.39025, 0.45265], [29.39026, 0.45265], [29.39044, 0.45135], [29.3912, 0.45069], [29.39177, 0.45069], [29.39206, 0.45031], [29.39234, 0.44983], [29.39235, 0.4498], [29.39235, 0.44979], [29.3924, 0.44917], [29.39226, 0.44872], [29.39287, 0.44831], [29.39344, 0.44764], [29.3941, 0.44721], [29.39411, 0.44717], [29.39411, 0.44717], [29.39425, 0.4464], [29.3951, 0.44598], [29.39591, 0.44483], [29.39672, 0.44431], [29.39715, 0.44402], [29.39796, 0.44431], [29.39815, 0.44445], [29.39886, 0.44402], [29.39986, 0.44355], [29.40072, 0.44293], [29.40143, 0.44312], [29.40142, 0.44308], [29.40144, 0.44308], [29.40125, 0.44232], [29.40082, 0.44208], [29.40058, 0.44127], [29.40035, 0.44089], [29.40021, 0.44039], [29.40067, 0.43969], [29.40115, 0.43898], [29.40167, 0.43931], [29.40267, 0.43912], [29.40338, 0.43855], [29.40367, 0.43798], [29.40405, 0.43641], [29.40405, 0.43639], [29.40406, 0.43637], [29.4042, 0.43537], [29.40429, 0.43453], [29.40453, 0.43365], [29.40505, 0.43275], [29.40553, 0.43198], [29.40605, 0.43132], [29.40676, 0.43051], [29.40748, 0.43018], [29.40857, 0.43018], [29.40948, 0.43041], [29.41048, 0.43122], [29.41124, 0.43184], [29.4119, 0.43179], [29.41271, 0.43198], [29.41319, 0.43227], [29.4139, 0.43098], [29.41419, 0.42984], [29.41476, 0.42899], [29.41538, 0.42937], [29.41566, 0.43003], [29.41557, 0.43098], [29.41604, 0.43132], [29.41652, 0.43213], [29.41714, 0.43251], [29.41799, 0.43246], [29.41866, 0.43246], [29.41961, 0.43198], [29.41985, 0.43137], [29.42085, 0.43027], [29.42171, 0.42927], [29.42242, 0.42846], [29.4239, 0.42813], [29.4248, 0.42846], [29.42547, 0.4287], [29.42618, 0.4287], [29.42694, 0.42746], [29.42723, 0.42703], [29.42818, 0.42713], [29.4287, 0.42765], [29.42946, 0.42832], [29.43008, 0.4288], [29.43089, 0.42956], [29.43156, 0.43022], [29.43213, 0.43056], [29.43279, 0.43056], [29.43379, 0.43051], [29.43465, 0.43032], [29.43465, 0.43028], [29.43466, 0.43028], [29.43475, 0.42928], [29.43466, 0.42835], [29.43522, 0.42727], [29.43522, 0.42726], [29.43523, 0.42723], [29.43499, 0.42652], [29.43433, 0.42576], [29.43451, 0.42489], [29.43479, 0.42408], [29.43479, 0.42407], [29.4348, 0.42405], [29.4348, 0.42321], [29.43546, 0.42204], [29.43617, 0.42151], [29.43616, 0.42149], [29.43618, 0.42148], [29.43542, 0.42029], [29.43571, 0.41876], [29.43566, 0.41743], [29.43528, 0.41648], [29.43494, 0.41538], [29.43433, 0.41481], [29.43371, 0.41415], [29.43361, 0.41286], [29.43356, 0.41115], [29.4338, 0.4092], [29.43375, 0.40815], [29.43375, 0.40706], [29.43366, 0.4062], [29.43337, 0.40596], [29.4331, 0.40536], [29.43351, 0.40481], [29.43351, 0.40479], [29.43352, 0.40477], [29.43342, 0.40406], [29.43347, 0.40305], [29.43394, 0.40305], [29.43484, 0.40291], [29.43484, 0.40287], [29.43485, 0.40287], [29.43475, 0.4022], [29.43466, 0.40126], [29.43503, 0.40015], [29.43503, 0.40013], [29.43504, 0.40011], [29.43508, 0.39924], [29.43579, 0.39872], [29.43579, 0.39869], [29.4358, 0.39868], [29.43571, 0.39778], [29.43551, 0.39668], [29.43511, 0.39636], [29.43555, 0.39601], [29.43556, 0.39597], [29.43556, 0.39597], [29.43571, 0.39516], [29.43561, 0.3944], [29.43537, 0.39368], [29.43528, 0.39297], [29.43532, 0.39248], [29.43643, 0.3924], [29.43705, 0.39259], [29.43795, 0.39259], [29.43862, 0.39254], [29.43933, 0.39245], [29.44043, 0.39302], [29.44124, 0.39307], [29.44219, 0.39331], [29.44319, 0.39392], [29.44376, 0.39431], [29.44452, 0.39502], [29.44538, 0.39549], [29.44657, 0.39549], [29.44742, 0.3954], [29.44818, 0.39507], [29.44909, 0.39497], [29.45075, 0.39497], [29.45318, 0.39511], [29.45428, 0.39549], [29.45513, 0.39597], [29.45675, 0.39654], [29.45875, 0.39678], [29.4597, 0.39697], [29.4608, 0.39688], [29.4617, 0.39626], [29.46213, 0.39578], [29.46289, 0.39569], [29.4637, 0.39559], [29.46432, 0.39526], [29.46536, 0.39535], [29.46613, 0.39516], [29.46698, 0.39516], [29.46808, 0.39483], [29.46946, 0.39416], [29.4705, 0.39407], [29.47069, 0.39378], [29.47112, 0.39331], [29.47112, 0.39328], [29.47113, 0.39327], [29.47108, 0.39244], [29.47169, 0.39193], [29.47168, 0.3919], [29.4717, 0.39189], [29.47138, 0.39138], [29.47174, 0.39093], [29.47236, 0.39074], [29.47326, 0.39031], [29.47355, 0.38955], [29.47398, 0.38883], [29.47398, 0.3888], [29.47398, 0.38879], [29.47403, 0.38832], [29.47403, 0.38816], [29.47455, 0.38798], [29.47541, 0.3875], [29.47636, 0.38769], [29.47764, 0.38769], [29.47826, 0.38817], [29.47907, 0.38793], [29.47945, 0.3874], [29.48021, 0.38688], [29.48054, 0.38626], [29.48054, 0.38624], [29.48055, 0.38622], [29.48055, 0.38566], [29.48064, 0.38531], [29.48116, 0.38512], [29.48131, 0.38479], [29.4813, 0.38477], [29.48131, 0.38475], [29.48127, 0.38399], [29.48103, 0.38327], [29.48065, 0.3828], [29.48031, 0.38208], [29.4796, 0.38185], [29.47874, 0.38185], [29.47817, 0.38166], [29.4776, 0.38151], [29.47655, 0.38166], [29.47613, 0.38147], [29.47617, 0.38099], [29.47579, 0.38037], [29.47541, 0.37999], [29.47503, 0.37975], [29.4746, 0.37894], [29.47408, 0.37828], [29.4737, 0.37747], [29.47322, 0.3769], [29.47232, 0.37642], [29.47189, 0.37618], [29.47156, 0.37561], [29.47156, 0.37499], [29.47127, 0.37456], [29.47108, 0.3739], [29.47099, 0.37326], [29.47131, 0.37289], [29.4713, 0.37287], [29.47132, 0.37285], [29.47108, 0.37252], [29.47046, 0.37195], [29.47046, 0.3714], [29.47088, 0.37061], [29.47089, 0.37058], [29.47089, 0.37057], [29.47094, 0.36947], [29.47061, 0.36857], [29.47056, 0.3679], [29.47056, 0.36736], [29.47093, 0.36694], [29.4715, 0.36685], [29.47241, 0.36666], [29.47241, 0.36662], [29.47241, 0.36662], [29.47241, 0.36605], [29.47241, 0.36528], [29.47218, 0.36433], [29.4718, 0.36381], [29.47137, 0.36348], [29.47099, 0.36305], [29.47084, 0.36252], [29.47018, 0.36233], [29.46965, 0.36186], [29.46975, 0.36118], [29.47008, 0.36056], [29.47065, 0.35976], [29.47064, 0.35974], [29.47065, 0.35972], [29.47004, 0.35891], [29.46989, 0.35834], [29.46975, 0.35781], [29.46942, 0.35719], [29.46904, 0.3571], [29.46875, 0.35639], [29.46794, 0.35577], [29.46767, 0.35544], [29.46822, 0.35416], [29.46821, 0.35415], [29.46823, 0.35412], [29.46776, 0.35341], [29.46798, 0.35301], [29.46799, 0.35298], [29.46799, 0.35297], [29.46808, 0.35245], [29.46794, 0.35188], [29.46761, 0.35136], [29.46705, 0.35065], [29.46746, 0.35002], [29.46746, 0.34999], [29.46747, 0.34998], [29.46747, 0.34941], [29.46709, 0.34936], [29.46594, 0.34941], [29.46475, 0.34893], [29.46413, 0.34807], [29.46433, 0.34703], [29.46423, 0.34636], [29.46342, 0.34579], [29.46328, 0.34469], [29.46323, 0.3437], [29.46304, 0.34298], [29.46295, 0.34198], [29.46242, 0.34103], [29.46247, 0.34045], [29.46313, 0.33997], [29.46337, 0.33921], [29.46337, 0.3392], [29.46337, 0.33917], [29.46337, 0.33822], [29.46314, 0.33751], [29.46295, 0.33639], [29.46356, 0.3356], [29.46417, 0.33464], [29.46418, 0.33461], [29.46418, 0.33461], [29.46433, 0.33332], [29.46409, 0.33251], [29.46333, 0.33199], [29.46261, 0.33137], [29.46218, 0.33142], [29.46209, 0.3308], [29.46123, 0.3307], [29.46061, 0.3307], [29.46023, 0.32989], [29.45919, 0.32909], [29.45823, 0.32913], [29.45787, 0.32913], [29.45818, 0.32855], [29.45817, 0.32855], [29.45819, 0.32851], [29.45771, 0.32828], [29.45748, 0.328], [29.45785, 0.32741], [29.45784, 0.3274], [29.45785, 0.32737], [29.45738, 0.32671], [29.45704, 0.32618], [29.45666, 0.3258], [29.45581, 0.32542], [29.45509, 0.3249], [29.45443, 0.32414], [29.45456, 0.32346], [29.45456, 0.32346], [29.45457, 0.32342], [29.45428, 0.3228], [29.45376, 0.32218], [29.45333, 0.3218], [29.45295, 0.32104], [29.453, 0.32042], [29.45286, 0.31981], [29.453, 0.31876], [29.45309, 0.31771], [29.45309, 0.31571], [29.45295, 0.31495], [29.45257, 0.31428], [29.45252, 0.31276], [29.45229, 0.31181], [29.4521, 0.31064], [29.45237, 0.31009], [29.45237, 0.31007], [29.45238, 0.31005], [29.45233, 0.3091], [29.452, 0.30796], [29.45223, 0.30661], [29.45275, 0.30576], [29.45275, 0.30573], [29.45276, 0.30572], [29.45276, 0.3041], [29.45219, 0.30316], [29.45247, 0.30238], [29.45247, 0.30234], [29.45248, 0.30234], [29.45262, 0.30158], [29.452, 0.30034], [29.45129, 0.29915], [29.45124, 0.29744], [29.45143, 0.29606], [29.45052, 0.2943], [29.44967, 0.29368], [29.44857, 0.29287], [29.44734, 0.29197], [29.44681, 0.29016], [29.44672, 0.28935], [29.44638, 0.28882], [29.44586, 0.28863], [29.44534, 0.28773], [29.44462, 0.28787], [29.44415, 0.28773], [29.44334, 0.28702], [29.44286, 0.28625], [29.44196, 0.28578], [29.44153, 0.28545], [29.44143, 0.28421], [29.44157, 0.28334], [29.44228, 0.28239], [29.44229, 0.28235], [29.44229, 0.28235], [29.44243, 0.28159], [29.44243, 0.28064], [29.44253, 0.27958], [29.44285, 0.27906], [29.44285, 0.27905], [29.44286, 0.27902], [29.44248, 0.27841], [29.44266, 0.27773], [29.44285, 0.27701], [29.44324, 0.27625], [29.44323, 0.27624], [29.44324, 0.27621], [29.44301, 0.27545], [29.44229, 0.27498], [29.44063, 0.27412], [29.43977, 0.27312], [29.43915, 0.27226], [29.43853, 0.2716], [29.43777, 0.27155], [29.43696, 0.27107], [29.4362, 0.27003], [29.43606, 0.26893], [29.43568, 0.26831], [29.4353, 0.2676], [29.43458, 0.2676], [29.43349, 0.2677], [29.43277, 0.26741], [29.43215, 0.26684], [29.43144, 0.26693], [29.43039, 0.26612], [29.4292, 0.26598], [29.42835, 0.26579], [29.42754, 0.26584], [29.42711, 0.26522], [29.42635, 0.26493], [29.42616, 0.26465], [29.42564, 0.26441], [29.42492, 0.26451], [29.4244, 0.26417], [29.42402, 0.26365], [29.42354, 0.26317], [29.42264, 0.26289], [29.4223, 0.26265], [29.4223, 0.26151], [29.42169, 0.26089], [29.4204, 0.26065], [29.41945, 0.2606], [29.41831, 0.26051], [29.41574, 0.25932], [29.41417, 0.25842], [29.41312, 0.25832], [29.4115, 0.25723], [29.41026, 0.25623], [29.40846, 0.25504], [29.40842, 0.25505], [29.40652, 0.25582], [29.405, 0.25839], [29.40395, 0.26044], [29.40271, 0.26239], [29.40224, 0.26439], [29.40086, 0.26677], [29.40014, 0.26829], [29.39867, 0.27024], [29.39772, 0.27167], [29.39596, 0.2739], [29.39595, 0.27394], [29.39595, 0.27394], [29.39567, 0.27581], [29.39486, 0.27757], [29.39391, 0.27933], [29.39282, 0.28128], [29.39191, 0.28476], [29.39048, 0.28747], [29.39048, 0.28749], [29.39048, 0.28751], [29.39048, 0.28987], [29.38972, 0.29208], [29.38972, 0.2921], [29.38972, 0.29212], [29.38972, 0.29307], [29.38962, 0.29379], [29.38957, 0.29498], [29.38957, 0.29583], [29.38981, 0.29649], [29.38944, 0.29718], [29.38945, 0.29718], [29.38943, 0.29721], [29.3901, 0.29788], [29.39033, 0.29869], [29.39086, 0.29973], [29.39048, 0.30127], [29.39048, 0.30129], [29.39048, 0.30131], [29.39033, 0.30235], [29.39057, 0.30311], [29.39006, 0.30455], [29.38825, 0.30679], [29.38782, 0.30845], [29.38782, 0.30846], [29.38781, 0.30849], [29.38786, 0.30968], [29.38791, 0.31097], [29.38777, 0.31189], [29.38749, 0.3124], [29.3873, 0.31307], [29.38696, 0.31369], [29.38696, 0.31372], [29.38696, 0.31373], [29.38691, 0.31458], [29.38691, 0.31533], [29.38663, 0.31616], [29.38663, 0.31618], [29.38662, 0.3162], [29.38667, 0.31682], [29.38705, 0.31754], [29.38757, 0.31839], [29.38786, 0.31934], [29.38786, 0.32006], [29.38819, 0.32091], [29.38862, 0.32172], [29.38862, 0.32267], [29.38914, 0.32353], [29.38948, 0.3242], [29.39005, 0.32482], [29.39067, 0.32544], [29.39094, 0.32612], [29.39039, 0.3264], [29.38963, 0.32682], [29.38948, 0.3273], [29.38882, 0.32744], [29.3883, 0.32716], [29.38763, 0.32701], [29.38701, 0.32787], [29.38701, 0.3279], [29.387, 0.32791], [29.38705, 0.32871], [29.38682, 0.32939], [29.38682, 0.3294], [29.38681, 0.32943], [29.3871, 0.32991], [29.38738, 0.33048], [29.38753, 0.331], [29.38776, 0.33205], [29.38814, 0.33276], [29.38886, 0.33348], [29.38891, 0.33405], [29.38919, 0.33476], [29.38938, 0.3358], [29.38906, 0.33682], [29.38887, 0.33767], [29.38887, 0.33768], [29.38886, 0.33771], [29.38919, 0.33856], [29.38891, 0.33944], [29.38892, 0.33944], [29.38891, 0.33947], [29.38943, 0.34033], [29.38943, 0.34154], [29.38868, 0.34272], [29.38867, 0.34275], [29.38867, 0.34276], [29.38853, 0.34374], [29.38834, 0.34453], [29.38834, 0.34453], [29.38834, 0.34457], [29.38838, 0.34523], [29.389, 0.34623], [29.3891, 0.34699], [29.38919, 0.34785], [29.38914, 0.34875], [29.38929, 0.35047], [29.38976, 0.35113], [29.39014, 0.35175], [29.39024, 0.3528], [29.39024, 0.35418], [29.39024, 0.35556], [29.39067, 0.35708], [29.39067, 0.35813], [29.39057, 0.35913], [29.39057, 0.35984], [29.39066, 0.36066], [29.38991, 0.36095], [29.38896, 0.36037], [29.38882, 0.35971], [29.38834, 0.35904], [29.38791, 0.35838], [29.38706, 0.35904], [29.38706, 0.35908], [29.38705, 0.35908], [29.387, 0.36008], [29.38696, 0.36105], [29.38663, 0.36175], [29.38663, 0.36178], [29.38662, 0.36179], [29.38662, 0.36303], [29.38658, 0.36395], [29.38601, 0.36432], [29.38549, 0.36504], [29.38549, 0.36506], [29.38548, 0.36508], [29.38571, 0.36605], [29.3853, 0.36656], [29.3843, 0.36699], [29.38344, 0.36642], [29.38273, 0.36604], [29.38216, 0.36537], [29.3812, 0.36428], [29.38044, 0.36356], [29.37973, 0.36299], [29.37892, 0.36294], [29.37754, 0.36299], [29.37621, 0.36285], [29.37511, 0.36247], [29.37435, 0.36218], [29.37421, 0.36171], [29.37383, 0.36099], [29.37374, 0.36006], [29.37444, 0.35894], [29.37443, 0.35893], [29.37445, 0.3589], [29.37388, 0.35847], [29.37326, 0.358], [29.37264, 0.35785], [29.37178, 0.35857], [29.37126, 0.35828], [29.37054, 0.35766], [29.36983, 0.35728], [29.36959, 0.35619], [29.36845, 0.35533], [29.36774, 0.35462], [29.36674, 0.35443], [29.36555, 0.35414], [29.36517, 0.35338], [29.36517, 0.35219], [29.36517, 0.35109], [29.36436, 0.34976], [29.36412, 0.34876], [29.36331, 0.34724], [29.36303, 0.34653], [29.36288, 0.34567], [29.36241, 0.34496], [29.36226, 0.34429], [29.36241, 0.34324], [29.36241, 0.34243], [29.36184, 0.34191], [29.36036, 0.34077], [29.35979, 0.33958], [29.35927, 0.33834], [29.35855, 0.33729], [29.35831, 0.33625], [29.35755, 0.33558], [29.35717, 0.33463], [29.35641, 0.33349], [29.35641, 0.33268], [29.35584, 0.33182], [29.35517, 0.33144], [29.35465, 0.33106], [29.3547, 0.33054], [29.35465, 0.33016], [29.35446, 0.32916], [29.35375, 0.32906], [29.35279, 0.32906], [29.35227, 0.32887], [29.3516, 0.32873], [29.35108, 0.32825], [29.35056, 0.32778], [29.34975, 0.32768], [29.34913, 0.32735], [29.34823, 0.32673], [29.34846, 0.32582], [29.34846, 0.3258], [29.34846, 0.32578], [29.34856, 0.32468], [29.34842, 0.32359], [29.34856, 0.32268], [29.34861, 0.32173], [29.34808, 0.32097], [29.34718, 0.32111], [29.34637, 0.32116], [29.34599, 0.32059], [29.34542, 0.3203], [29.34413, 0.31973], [29.34404, 0.3192], [29.34479, 0.31906], [29.34479, 0.31902], [29.3448, 0.31902], [29.3447, 0.31845], [29.34428, 0.31773], [29.34342, 0.31745], [29.34261, 0.31702], [29.34204, 0.3164], [29.34142, 0.31555], [29.34109, 0.31569], [29.34013, 0.31583], [29.33937, 0.31583], [29.33847, 0.31583], [29.33771, 0.31578], [29.33752, 0.31626], [29.33751, 0.31629], [29.33751, 0.3163], [29.33746, 0.31677], [29.33769, 0.31727], [29.3369, 0.31769], [29.33689, 0.31772], [29.33689, 0.31773], [29.3368, 0.31849], [29.33699, 0.3193], [29.33746, 0.31939], [29.33797, 0.31999], [29.33661, 0.32135], [29.33628, 0.32069], [29.33599, 0.32002], [29.33533, 0.31954], [29.334, 0.32049], [29.33318, 0.32068], [29.3337, 0.3202], [29.3337, 0.32017], [29.33371, 0.32016], [29.33376, 0.31916], [29.33214, 0.3195], [29.33185, 0.32007], [29.33114, 0.32064], [29.33005, 0.32078], [29.32952, 0.32088], [29.32786, 0.32092], [29.32671, 0.32092], [29.32673, 0.32096], [29.32671, 0.32096], [29.3269, 0.32158], [29.32676, 0.32259], [29.32557, 0.32311], [29.32519, 0.32387], [29.32491, 0.32444], [29.32491, 0.32446], [29.3249, 0.32448], [29.32509, 0.32501], [29.32523, 0.32601], [29.32523, 0.32645], [29.32476, 0.32692], [29.32406, 0.32711], [29.32344, 0.32721], [29.32325, 0.32773], [29.32277, 0.3282], [29.32215, 0.32868], [29.32134, 0.32887], [29.32049, 0.32911], [29.31982, 0.3292], [29.31906, 0.32978], [29.31863, 0.33001], [29.31825, 0.32949], [29.31796, 0.32906], [29.3172, 0.32949], [29.31644, 0.32997], [29.31582, 0.33035], [29.31539, 0.33082], [29.31539, 0.33085], [29.31539, 0.33086], [29.31539, 0.33146], [29.31516, 0.33215], [29.31473, 0.33263], [29.31421, 0.33315], [29.31354, 0.33334], [29.31292, 0.33353], [29.31273, 0.33406], [29.31273, 0.33407], [29.31272, 0.3341], [29.313, 0.33465], [29.31259, 0.3352], [29.31192, 0.33563], [29.31149, 0.3362], [29.31106, 0.33729], [29.31045, 0.33796], [29.31045, 0.33799], [29.31044, 0.338], [29.31044, 0.33852], [29.31101, 0.33923], [29.31078, 0.34001], [29.31016, 0.3401], [29.30945, 0.34001], [29.30854, 0.34005], [29.30797, 0.34096], [29.3073, 0.34215], [29.30683, 0.34277], [29.30578, 0.34324], [29.30502, 0.34372], [29.30416, 0.34415], [29.30374, 0.34439], [29.30374, 0.34442], [29.30373, 0.34442], [29.30373, 0.34499], [29.3043, 0.34538], [29.30435, 0.34599], [29.30449, 0.34671], [29.30463, 0.34723], [29.3052, 0.34737], [29.30573, 0.34785], [29.30564, 0.34848], [29.30507, 0.34919], [29.30506, 0.34923], [29.30506, 0.34923], [29.30488, 0.35043], [29.30469, 0.35081], [29.30412, 0.35086], [29.30364, 0.35057], [29.30326, 0.35043], [29.30269, 0.34995], [29.30216, 0.34976], [29.30174, 0.34976], [29.30069, 0.34991], [29.29964, 0.35081], [29.29964, 0.35085], [29.29964, 0.35085], [29.29944, 0.3519], [29.29967, 0.35254], [29.29869, 0.35328], [29.29807, 0.35447], [29.29807, 0.35449], [29.29806, 0.35451], [29.29821, 0.35551], [29.29845, 0.35618], [29.29845, 0.35675], [29.2984, 0.35757], [29.29812, 0.35766], [29.29717, 0.35781], [29.29636, 0.35781], [29.29522, 0.35785], [29.29431, 0.35781], [29.29303, 0.35709], [29.29269, 0.35757], [29.2927, 0.35759], [29.29269, 0.35761], [29.29283, 0.35818], [29.29364, 0.35841], [29.29407, 0.35908], [29.29464, 0.35956], [29.29464, 0.36056], [29.29464, 0.3613], [29.29436, 0.36218], [29.29327, 0.36256], [29.29246, 0.36356], [29.29198, 0.36442], [29.29198, 0.36445], [29.29197, 0.36446], [29.29197, 0.36541], [29.29216, 0.36651], [29.2923, 0.36738], [29.29179, 0.36789], [29.29179, 0.36793], [29.29178, 0.36793], [29.29174, 0.36922], [29.29174, 0.37084], [29.29221, 0.37169], [29.29217, 0.37218], [29.2916, 0.37218], [29.29089, 0.37184], [29.29032, 0.37184], [29.28932, 0.3728], [29.28855, 0.37365], [29.28803, 0.37413], [29.28736, 0.37446], [29.28675, 0.37508], [29.28598, 0.37508], [29.28508, 0.37508], [29.28456, 0.37527], [29.28455, 0.37531], [29.28455, 0.37531], [29.2845, 0.37619], [29.28399, 0.37722], [29.28361, 0.37798], [29.28299, 0.3787], [29.28232, 0.37917], [29.28203, 0.37922], [29.28204, 0.37926], [29.28203, 0.37926], [29.28207, 0.38002], [29.28263, 0.38067], [29.28218, 0.38112], [29.28137, 0.38155], [29.28065, 0.38155], [29.28065, 0.38159], [29.28065, 0.38159], [29.2806, 0.38235], [29.28131, 0.38211], [29.28174, 0.38307], [29.28198, 0.38359], [29.28207, 0.38487], [29.28204, 0.38498], [29.28189, 0.3856], [29.28189, 0.38561], [29.28188, 0.38564], [29.28179, 0.38638], [29.2817, 0.38674], [29.2817, 0.38674], [29.28169, 0.38678], [29.28198, 0.38763], [29.28236, 0.38821], [29.2825, 0.38887], [29.28241, 0.38951], [29.28222, 0.39012], [29.28146, 0.39088], [29.28065, 0.39097], [29.27985, 0.39145], [29.2788, 0.3925], [29.27761, 0.39274], [29.27685, 0.39293], [29.27632, 0.39312], [29.27547, 0.39316], [29.27494, 0.39354], [29.27466, 0.39445], [29.27447, 0.39507], [29.27447, 0.39508], [29.27446, 0.39511], [29.27446, 0.39601], [29.27446, 0.39698], [29.27423, 0.3973], [29.27342, 0.39759], [29.27285, 0.3984], [29.2719, 0.39854], [29.27076, 0.39849], [29.26999, 0.39864], [29.26923, 0.3983], [29.26852, 0.39854], [29.26823, 0.39859], [29.26804, 0.39826], [29.26742, 0.39783], [29.26709, 0.39788], [29.26681, 0.39826], [29.26609, 0.39807], [29.26566, 0.39768], [29.26538, 0.39683], [29.26514, 0.3963], [29.26428, 0.39635], [29.26352, 0.3964], [29.26276, 0.39626], [29.26281, 0.39569], [29.26281, 0.39497], [29.26181, 0.39531], [29.26143, 0.39473], [29.26067, 0.3944], [29.25972, 0.39488], [29.25781, 0.39554], [29.25676, 0.39554], [29.25591, 0.39592], [29.25592, 0.39595], [29.2559, 0.39596], [29.25609, 0.39644], [29.25647, 0.3971], [29.25615, 0.39783], [29.25553, 0.39878], [29.25491, 0.39945], [29.25435, 0.39898], [29.25481, 0.39844], [29.25481, 0.3984], [29.25481, 0.3984], [29.25496, 0.39749], [29.25453, 0.39669], [29.25419, 0.3964], [29.25353, 0.39673], [29.25315, 0.39716], [29.25229, 0.39773], [29.25163, 0.3983], [29.25058, 0.39897], [29.25029, 0.39921], [29.24948, 0.39935], [29.24948, 0.39821], [29.2492, 0.39768], [29.24867, 0.39702], [29.24877, 0.396], [29.24924, 0.39525], [29.24962, 0.39463], [29.24961, 0.39462], [29.24963, 0.39459], [29.24944, 0.39421], [29.24863, 0.39407], [29.24768, 0.39412], [29.24672, 0.39383], [29.24687, 0.39248], [29.24748, 0.39174], [29.24834, 0.391], [29.24834, 0.39097], [29.24835, 0.39096], [29.24835, 0.38979], [29.24835, 0.38886], [29.24816, 0.38825], [29.24705, 0.38862], [29.24588, 0.38868], [29.24606, 0.38736], [29.24748, 0.3865], [29.24822, 0.38545], [29.24871, 0.38458], [29.24982, 0.38489], [29.25032, 0.38471], [29.2503, 0.38468], [29.25032, 0.38467], [29.24977, 0.38374], [29.2494, 0.383], [29.24934, 0.38227], [29.24952, 0.38162], [29.24952, 0.38161], [29.24952, 0.38158], [29.24952, 0.38078], [29.24971, 0.37979], [29.24891, 0.37887], [29.2481, 0.378], [29.24793, 0.37741], [29.24976, 0.37576], [29.24976, 0.37573], [29.24977, 0.37572], [29.24971, 0.37449], [29.24891, 0.37381], [29.24872, 0.37294], [29.24847, 0.37214], [29.24847, 0.37121], [29.24805, 0.37018], [29.24828, 0.36965], [29.24828, 0.36964], [29.24829, 0.36961], [29.24786, 0.36887], [29.24779, 0.36807], [29.24762, 0.36777], [29.2481, 0.36687], [29.24828, 0.36595], [29.24828, 0.36594], [29.24829, 0.36591], [29.24829, 0.36541], [29.24792, 0.36504], [29.24724, 0.3648], [29.24724, 0.36402], [29.2476, 0.36354], [29.24761, 0.3635], [29.24761, 0.3635], [29.24767, 0.36307], [29.24736, 0.36264], [29.24681, 0.36264], [29.246, 0.36319], [29.24502, 0.36313], [29.24465, 0.36233], [29.24446, 0.36134], [29.24415, 0.3606], [29.24354, 0.35974], [29.24255, 0.35955], [29.24131, 0.35937], [29.24082, 0.35893], [29.24033, 0.35838], [29.23965, 0.35844], [29.23878, 0.35838], [29.2378, 0.35807], [29.23724, 0.35807], [29.23613, 0.35832], [29.23533, 0.35825], [29.23403, 0.35807], [29.23317, 0.35788], [29.23224, 0.35788], [29.23156, 0.35844], [29.23089, 0.35856], [29.23027, 0.35807], [29.22934, 0.35819], [29.22848, 0.35832], [29.22731, 0.35825], [29.22595, 0.35807], [29.2249, 0.35807], [29.22237, 0.35807], [29.22052, 0.35813], [29.21984, 0.35758], [29.2191, 0.35603], [29.21836, 0.35492], [29.21836, 0.35381], [29.21805, 0.35264], [29.21793, 0.35116], [29.21743, 0.35023], [29.21663, 0.34949], [29.21552, 0.349], [29.21453, 0.34826], [29.21324, 0.34826], [29.21219, 0.34813], [29.21175, 0.34764], [29.21089, 0.34746], [29.2104, 0.34702], [29.20996, 0.34634], [29.20935, 0.34579], [29.20879, 0.34536], [29.20842, 0.34492], [29.2083, 0.34418], [29.20805, 0.34344], [29.20706, 0.34276], [29.20602, 0.34227], [29.20503, 0.34147], [29.20429, 0.34054], [29.20416, 0.33986], [29.20349, 0.33999], [29.20231, 0.33937], [29.20108, 0.33919], [29.20034, 0.33832], [29.1991, 0.33801], [29.19799, 0.33752], [29.19694, 0.3374], [29.19626, 0.33746], [29.19509, 0.33783], [29.1933, 0.33783], [29.1917, 0.33795], [29.19065, 0.3377], [29.18972, 0.33715], [29.18855, 0.33721], [29.18633, 0.3374], [29.18454, 0.33733], [29.18287, 0.33758], [29.18152, 0.33764], [29.18028, 0.33703], [29.17899, 0.33678], [29.17676, 0.33752], [29.17528, 0.33709], [29.1743, 0.33752], [29.17269, 0.33777], [29.17189, 0.33727], [29.17158, 0.33709], [29.17016, 0.33684], [29.16911, 0.33629], [29.16769, 0.33604], [29.16596, 0.33653], [29.16479, 0.33598], [29.16411, 0.33542], [29.16275, 0.33462], [29.16208, 0.33406], [29.16189, 0.33301], [29.16115, 0.33289], [29.1601, 0.33314], [29.15905, 0.33443], [29.15794, 0.33499], [29.15677, 0.33536], [29.15566, 0.33536], [29.15516, 0.33487], [29.15399, 0.33487], [29.15337, 0.33425], [29.15263, 0.33419], [29.15146, 0.33468], [29.1506, 0.33487], [29.14967, 0.33468], [29.1493, 0.33406], [29.14794, 0.33382], [29.14733, 0.33382], [29.14652, 0.33487], [29.14628, 0.33598], [29.14554, 0.33585], [29.14523, 0.33542], [29.14362, 0.33579], [29.14239, 0.33616], [29.14153, 0.33591], [29.13992, 0.33511], [29.13998, 0.33388], [29.1398, 0.33295], [29.1393, 0.33283], [29.13813, 0.33258], [29.13684, 0.33301], [29.13616, 0.33357], [29.13529, 0.33406], [29.13326, 0.334], [29.1314, 0.33443], [29.12992, 0.33517], [29.12857, 0.33542], [29.12721, 0.3345], [29.12678, 0.33345], [29.12597, 0.33326], [29.1256, 0.33234], [29.12517, 0.33116], [29.12505, 0.32987], [29.12468, 0.32863], [29.124, 0.3282], [29.12295, 0.32765], [29.12202, 0.32721], [29.1203, 0.32734], [29.119, 0.32814], [29.11795, 0.32869], [29.11727, 0.32876], [29.11647, 0.32808], [29.11524, 0.32802], [29.1148, 0.32931], [29.11437, 0.33005], [29.11351, 0.33061], [29.11271, 0.33116], [29.1119, 0.33116], [29.11129, 0.33042], [29.11048, 0.32962], [29.10999, 0.33036], [29.10944, 0.33159], [29.10839, 0.3319], [29.10777, 0.33184], [29.10776, 0.33188], [29.10776, 0.33188], [29.10752, 0.33332], [29.10678, 0.33406], [29.10567, 0.33474], [29.10481, 0.33567], [29.10425, 0.33684], [29.10302, 0.33678], [29.1016, 0.33795], [29.10036, 0.33844], [29.09956, 0.33968], [29.09777, 0.34042], [29.09611, 0.34067], [29.09382, 0.34067], [29.09246, 0.34073], [29.09098, 0.34098], [29.08944, 0.34098], [29.08814, 0.34036], [29.08679, 0.33949], [29.08635, 0.33857], [29.08592, 0.33844], [29.08524, 0.33807], [29.08438, 0.33807], [29.08259, 0.33795], [29.08185, 0.33746], [29.08055, 0.33838], [29.08006, 0.33919], [29.07957, 0.3403], [29.07858, 0.34116], [29.07636, 0.34196], [29.07556, 0.34246], [29.07395, 0.34196], [29.07284, 0.34196], [29.07154, 0.34178], [29.07031, 0.34147], [29.06803, 0.3406], [29.06648, 0.3406], [29.06488, 0.34128], [29.06327, 0.34221], [29.06192, 0.34178], [29.06124, 0.34104], [29.06074, 0.34054], [29.05865, 0.33993], [29.05809, 0.33875], [29.05784, 0.33721], [29.05679, 0.33629], [29.05587, 0.33573], [29.0555, 0.33468], [29.05445, 0.33437], [29.05359, 0.33462], [29.0526, 0.33548], [29.05173, 0.33672], [29.05093, 0.33733], [29.04711, 0.3377], [29.04593, 0.33783], [29.04421, 0.3382], [29.04254, 0.33906], [29.04149, 0.33999], [29.03995, 0.34073], [29.03908, 0.34147], [29.0381, 0.34178], [29.03637, 0.34178], [29.03544, 0.34073], [29.03433, 0.33943], [29.03316, 0.33869], [29.03236, 0.3369], [29.03242, 0.33598], [29.03162, 0.33536], [29.03075, 0.33561], [29.02976, 0.33548], [29.02896, 0.33474], [29.02853, 0.33468], [29.02773, 0.33437], [29.02668, 0.33456], [29.02667, 0.3346], [29.02667, 0.3346], [29.02649, 0.33564], [29.02655, 0.33674], [29.02625, 0.3374], [29.02532, 0.33746], [29.02446, 0.33783], [29.02335, 0.33832], [29.02248, 0.33912], [29.02106, 0.33925], [29.01995, 0.33937], [29.01829, 0.33943], [29.01662, 0.33875], [29.0152, 0.33844], [29.0139, 0.33795], [29.01279, 0.33777], [29.01131, 0.33777], [29.01082, 0.3369], [29.01026, 0.33598], [29.0102, 0.33499], [29.00971, 0.334], [29.00965, 0.33301], [29.00971, 0.33227], [29.00921, 0.33215], [29.00841, 0.33215], [29.00755, 0.33197], [29.00668, 0.33141], [29.00613, 0.33073], [29.00545, 0.33055], [29.00459, 0.33092], [29.00415, 0.33147], [29.0031, 0.33209], [29.00243, 0.33209], [29.0007, 0.33227], [28.99947, 0.33296], [28.9995, 0.33298], [28.99946, 0.333], [29.00117, 0.33398], [29.00135, 0.33612], [29.00135, 0.33788], [29.00047, 0.33983], [28.99886, 0.34054], [28.99707, 0.34179], [28.99707, 0.34183], [28.99707, 0.34183], [28.99707, 0.34397], [28.99742, 0.34594], [28.99867, 0.34772], [29.00064, 0.34772], [29.00153, 0.34826], [29.00153, 0.34933], [29.00117, 0.35165], [29.00117, 0.35412], [28.99975, 0.35589], [28.99975, 0.35592], [28.99974, 0.35593], [28.99974, 0.357], [28.99974, 0.35932], [29.00082, 0.36003], [29.00171, 0.3611], [29.00331, 0.36271], [29.00296, 0.36392], [29.00189, 0.36571], [29.00189, 0.36574], [29.00189, 0.36574], [29.00171, 0.36785], [29.00047, 0.36963], [29.00046, 0.36967], [29.00046, 0.36967], [29.0001, 0.37163], [29.00099, 0.37393], [28.99922, 0.37624], [28.99779, 0.37891], [28.99779, 0.37894], [28.99778, 0.37895], [28.99778, 0.38072], [28.99725, 0.38212], [28.99672, 0.38409], [28.99672, 0.38409], [28.99671, 0.38413], [28.99742, 0.38573], [28.9976, 0.38784], [28.99654, 0.38891], [28.99493, 0.38873], [28.99386, 0.38873], [28.99244, 0.39051], [28.99208, 0.39194], [28.99208, 0.39194], [28.99207, 0.39198], [28.99261, 0.39305], [28.9935, 0.39287], [28.99475, 0.39251], [28.99528, 0.39323], [28.99635, 0.39269], [28.99725, 0.39305], [28.99778, 0.39216], [28.99974, 0.39144], [29.00117, 0.39144], [29.00189, 0.39144], [29.0026, 0.39234], [29.00314, 0.39234], [29.00349, 0.39287], [29.00349, 0.39448], [29.00367, 0.39537], [29.00367, 0.39642], [29.00296, 0.39801], [29.00296, 0.39803], [29.00296, 0.39805], [29.00296, 0.39858], [29.00296, 0.39962], [29.00189, 0.40086], [29.00189, 0.4009], [29.00179, 0.40192], [29.00176, 0.40225], [29.00172, 0.40265], [29.00174, 0.40268], [29.00296, 0.40461], [29.0035, 0.40586], [29.00475, 0.40729], [29.00653, 0.40907], [29.00653, 0.41121], [29.00653, 0.41318], [29.00653, 0.4132], [29.00653, 0.41351], [29.00581, 0.4153], [29.00456, 0.41583], [29.00367, 0.41726], [29.00331, 0.41851], [29.00278, 0.41994], [29.0026, 0.4219], [29.00117, 0.42368], [28.99981, 0.42384], [29.00082, 0.42513], [29.00243, 0.42585], [29.00332, 0.4262], [29.00439, 0.42674], [29.00546, 0.42781], [29.00564, 0.4287], [29.00671, 0.42942], [29.00707, 0.43049], [29.00704, 0.43075], [29.00706, 0.43082], [29.00688, 0.43225], [29.006, 0.43384], [29.006, 0.43513], [29.00689, 0.43531], [29.00867, 0.43566], [29.00903, 0.43673], [29.0101, 0.4378], [29.01028, 0.4387], [29.01028, 0.44012], [29.01028, 0.44209], [29.01082, 0.44262], [29.01224, 0.44405], [29.01314, 0.44494], [29.01421, 0.44583], [29.01415, 0.44613], [29.0142, 0.44617], [29.01402, 0.44706], [29.01366, 0.44903], [29.01352, 0.45034], [29.01403, 0.45119], [29.01492, 0.4519], [29.01617, 0.45279], [29.01813, 0.45369], [29.01903, 0.45494], [29.02027, 0.45779], [29.02152, 0.4585], [29.02349, 0.45868], [29.02349, 0.45958], [29.02384, 0.46154], [29.02545, 0.46314], [29.02599, 0.46475], [29.02593, 0.46496], [29.02598, 0.46509], [29.02562, 0.46651], [29.02544, 0.46759], [29.02456, 0.46882], [29.02456, 0.47028], [29.02455, 0.47029], [29.02455, 0.47062], [29.02349, 0.47151], [29.02349, 0.4735], [29.02456, 0.4751], [29.02545, 0.47689], [29.02545, 0.47814], [29.02544, 0.47814], [29.02544, 0.47847], [29.02401, 0.47901], [29.02384, 0.48079], [29.02169, 0.48168], [29.01616, 0.48347], [29.01384, 0.48472], [29.01338, 0.48625], [29.01421, 0.48724], [29.0151, 0.48884], [29.01506, 0.48912], [29.01509, 0.48918], [29.01491, 0.49043], [29.01432, 0.49147], [29.0151, 0.49241], [29.01617, 0.4933], [29.0176, 0.4933], [29.01849, 0.49473], [29.01849, 0.49634], [29.0201, 0.49741], [29.0201, 0.49884], [29.0201, 0.50134], [29.02009, 0.50135], [29.02009, 0.50167], [29.01902, 0.50363], [29.01795, 0.50576], [29.01795, 0.50669], [29.01795, 0.50776], [29.01867, 0.50883], [29.01974, 0.50972], [29.01974, 0.51133], [29.02117, 0.51169], [29.02206, 0.51276], [29.02295, 0.51383], [29.02295, 0.51543], [29.02295, 0.51704], [29.02294, 0.51713], [29.02294, 0.51738], [29.02279, 0.51926], [29.02313, 0.52114], [29.02456, 0.52329], [29.02453, 0.52359], [29.02455, 0.52362], [29.0244, 0.5251], [29.02527, 0.52632], [29.02652, 0.52793], [29.02831, 0.52846], [29.0308, 0.52846], [29.03241, 0.52775], [29.03277, 0.52882], [29.03402, 0.52953], [29.03396, 0.52984], [29.03401, 0.52987], [29.03383, 0.53076], [29.03347, 0.53272], [29.03169, 0.53469], [29.03138, 0.53637], [29.03223, 0.53738], [29.03312, 0.53738], [29.03473, 0.53792], [29.0358, 0.53863], [29.03687, 0.53935], [29.03848, 0.54042], [29.03955, 0.54202], [29.04008, 0.54417], [29.04115, 0.54434], [29.04276, 0.5447], [29.04294, 0.54666], [29.0433, 0.54845], [29.0433, 0.55095], [29.04419, 0.55184], [29.04633, 0.55184], [29.04794, 0.55184], [29.04972, 0.55113], [29.05097, 0.55095], [29.0524, 0.55237], [29.05311, 0.55452], [29.05329, 0.55541], [29.05329, 0.55737], [29.05329, 0.55791], [29.05328, 0.55791], [29.05328, 0.55824], [29.0524, 0.55842], [29.0524, 0.55862], [29.05239, 0.55863], [29.05239, 0.55896], [29.05096, 0.56021], [29.04882, 0.56163], [29.04776, 0.56376], [29.04776, 0.56522], [29.04847, 0.56647], [29.04919, 0.56647], [29.05008, 0.56737], [29.05133, 0.56933], [29.05133, 0.57076], [29.05133, 0.57218], [29.05132, 0.57219], [29.05132, 0.57252], [29.05053, 0.57347], [29.05133, 0.57522], [29.05293, 0.57682], [29.05454, 0.57772], [29.05472, 0.57897], [29.05467, 0.57904], [29.05471, 0.5793], [29.05417, 0.58019], [29.05278, 0.58107], [29.05293, 0.58325], [29.0549, 0.58468], [29.05668, 0.58557], [29.05775, 0.58628], [29.05775, 0.58807], [29.05882, 0.58967], [29.05989, 0.59057], [29.06079, 0.59271], [29.0615, 0.59503], [29.0615, 0.5986], [29.06149, 0.59864], [29.06149, 0.59893], [29.06125, 0.6002], [29.06123, 0.60035], [29.06215, 0.60816], [29.06763, 0.61229], [29.0706, 0.61711], [29.07246, 0.62767], [29.07267, 0.62883], [29.07564, 0.63136], [29.07977, 0.63216], [29.08131, 0.63246], [29.08219, 0.63264], [29.0842, 0.63303], [29.085, 0.63318], [29.09892, 0.63914], [29.10167, 0.64236], [29.10396, 0.65362], [29.11012, 0.65016], [29.11766, 0.65176], [29.12245, 0.65474], [29.12794, 0.66117], [29.13433, 0.66208], [29.14409, 0.6681], [29.15704, 0.67609], [29.16288, 0.67676], [29.16324, 0.67574], [29.16492, 0.67101], [29.16492, 0.67071], [29.16493, 0.67069], [29.16493, 0.66517], [29.16253, 0.66167], [29.16514, 0.65837], [29.17335, 0.65606], [29.17517, 0.64963], [29.177, 0.64824], [29.17847, 0.65029], [29.1818, 0.6549], [29.18564, 0.64835], [29.18703, 0.6459], [29.18727, 0.64548], [29.19081, 0.64502], [29.19457, 0.64455], [29.19591, 0.64258], [29.19728, 0.64057], [29.20369, 0.63856], [29.2046, 0.6335], [29.21486, 0.62591], [29.21874, 0.62521], [29.22125, 0.62153], [29.22215, 0.61694], [29.24375, 0.6182], [29.24569, 0.61831], [29.25361, 0.61878], [29.25661, 0.6156], [29.25808, 0.61251], [29.25809, 0.6125], [29.26025, 0.608], [29.26371, 0.60363], [29.26744, 0.60206], [29.27158, 0.6001], [29.27665, 0.59614], [29.27986, 0.59213], [29.28271, 0.58857], [29.28603, 0.587], [29.2905, 0.58665], [29.29193, 0.58986], [29.29171, 0.59397], [29.29016, 0.60038], [29.28635, 0.60355], [29.28184, 0.61234], [29.28075, 0.61755], [29.2808, 0.61763], [29.28075, 0.61787], [29.28555, 0.62636], [29.28714, 0.63441], [29.28899, 0.63765], [29.29501, 0.64615], [29.2952, 0.65017], [29.29626, 0.66062], [29.30114, 0.66964], [29.30436, 0.67558], [29.30859, 0.67964], [29.32541, 0.68689], [29.32974, 0.68436], [29.32965, 0.68409], [29.32975, 0.68403], [29.32617, 0.6737], [29.33656, 0.66274], [29.33654, 0.66245], [29.33657, 0.66242], [29.33636, 0.6595], [29.33952, 0.65608], [29.33947, 0.65582], [29.33953, 0.65575], [29.33884, 0.65231], [29.33134, 0.64432], [29.33197, 0.64069], [29.33194, 0.64061], [29.33198, 0.64036], [29.32831, 0.6321], [29.3281, 0.62825], [29.33012, 0.62529], [29.334, 0.62414], [29.33507, 0.62113], [29.33687, 0.62042], [29.33687, 0.62038], [29.33687, 0.62038], [29.33705, 0.61897], [29.33812, 0.61664], [29.33813, 0.61661], [29.33813, 0.61661], [29.33866, 0.61377], [29.34046, 0.61126], [29.34244, 0.60802], [29.34351, 0.60407], [29.34351, 0.60406], [29.34352, 0.60403], [29.34352, 0.60101], [29.34432, 0.59968], [29.34431, 0.59967], [29.34432, 0.59964], [29.34369, 0.59856], [29.34307, 0.59751], [29.34283, 0.59675], [29.3425, 0.59589], [29.34207, 0.59494], [29.34217, 0.59427], [29.34226, 0.59346], [29.34207, 0.59237], [29.34207, 0.59151], [29.34203, 0.59032], [29.34179, 0.58975]]]}}, {"type": "Feature", "properties": {"zone": "Rungu", "province": "Haut-Uele", "confirmed_cases": 4, "confirmed_deaths": 2}, "geometry": {"type": "Polygon", "coordinates": [[[27.67025, 3.30958], [27.67763, 3.30833], [27.67805, 3.30865], [27.68266, 3.31224], [27.68816, 3.31248], [27.69548, 3.31662], [27.69823, 3.3157], [27.69869, 3.31018], [27.70992, 3.30397], [27.7177, 3.30513], [27.72617, 3.30766], [27.72668, 3.30671], [27.72692, 3.30625], [27.72801, 3.30421], [27.72878, 3.30405], [27.73236, 3.30329], [27.73957, 3.30534], [27.73983, 3.30542], [27.74058, 3.30563], [27.74072, 3.30567], [27.74129, 3.30583], [27.74541, 3.30537], [27.74679, 3.2987], [27.75389, 3.29663], [27.75549, 3.2987], [27.75535, 3.29942], [27.75516, 3.30042], [27.75457, 3.30354], [27.75709, 3.30607], [27.76281, 3.30009], [27.77105, 3.30746], [27.77701, 3.30953], [27.78663, 3.30378], [27.79098, 3.29872], [27.79945, 3.29826], [27.80472, 3.29505], [27.80495, 3.29251], [27.79969, 3.28814], [27.79786, 3.28376], [27.80038, 3.281], [27.81549, 3.27641], [27.81857, 3.27699], [27.81915, 3.2771], [27.82236, 3.28193], [27.8274, 3.28148], [27.83083, 3.27687], [27.82305, 3.27066], [27.82488, 3.26812], [27.82924, 3.26697], [27.83107, 3.26444], [27.83061, 3.26122], [27.83496, 3.25777], [27.83565, 3.25409], [27.82925, 3.24212], [27.83085, 3.24005], [27.8352, 3.24258], [27.83841, 3.24166], [27.83896, 3.2398], [27.83681, 3.23429], [27.82994, 3.23015], [27.8304, 3.22693], [27.83819, 3.22025], [27.84186, 3.20345], [27.84142, 3.20274], [27.84125, 3.20247], [27.84072, 3.20161], [27.84094, 3.20148], [27.84125, 3.2013], [27.84507, 3.19908], [27.84851, 3.1931], [27.85377, 3.19379], [27.8574, 3.19235], [27.85807, 3.19208], [27.86362, 3.18988], [27.86888, 3.18965], [27.87117, 3.19219], [27.87107, 3.19265], [27.87101, 3.19292], [27.87002, 3.19748], [27.8714, 3.19955], [27.87392, 3.19932], [27.87958, 3.19411], [27.87997, 3.19375], [27.88216, 3.19173], [27.88589, 3.19142], [27.88766, 3.19127], [27.88906, 3.19332], [27.88936, 3.19375], [27.88972, 3.19427], [27.89086, 3.20025], [27.89269, 3.19933], [27.89521, 3.19312], [27.89817, 3.19004], [27.8986, 3.18958], [27.9014, 3.18667], [27.90407, 3.18639], [27.90448, 3.18635], [27.90546, 3.18625], [27.90628, 3.18616], [27.90911, 3.18587], [27.90936, 3.18584], [27.91163, 3.18561], [27.91221, 3.18555], [27.91239, 3.18553], [27.91465, 3.18634], [27.91832, 3.18764], [27.91885, 3.18784], [27.91948, 3.18806], [27.92269, 3.18691], [27.92311, 3.18504], [27.92321, 3.18458], [27.92361, 3.18277], [27.92292, 3.17724], [27.9259, 3.17587], [27.93116, 3.17656], [27.9327, 3.1757], [27.93405, 3.17495], [27.93941, 3.17196], [27.94284, 3.16804], [27.94422, 3.1639], [27.94056, 3.15101], [27.94629, 3.14319], [27.94652, 3.14088], [27.94657, 3.14037], [27.9468, 3.13852], [27.94835, 3.13674], [27.95499, 3.13628], [27.95796, 3.13813], [27.96918, 3.13376], [27.98498, 3.13468], [27.9875, 3.1333], [27.98796, 3.13054], [27.98498, 3.12778], [27.97857, 3.12662], [27.97789, 3.12409], [27.98041, 3.11995], [27.97972, 3.11788], [27.97446, 3.1188], [27.97495, 3.11732], [27.97514, 3.11673], [27.97524, 3.11642], [27.97542, 3.1159], [27.97647, 3.11274], [27.97664, 3.11222], [27.9769, 3.11142], [27.97724, 3.11042], [27.97766, 3.10913], [27.97949, 3.10729], [27.98196, 3.10977], [27.98234, 3.11016], [27.98453, 3.11235], [27.98728, 3.11097], [27.98675, 3.10692], [27.98662, 3.10588], [27.98659, 3.10568], [27.98911, 3.10315], [27.99235, 3.10303], [27.99269, 3.10301], [27.99504, 3.10292], [27.99519, 3.10292], [28.00034, 3.10272], [28.00063, 3.10271], [28.00101, 3.10269], [28.0017, 3.10227], [28.00202, 3.10208], [28.00857, 3.09809], [28.00926, 3.09625], [28.0072, 3.0951], [27.99781, 3.09809], [27.99644, 3.09625], [28.00148, 3.09003], [27.99965, 3.08152], [28.0024, 3.07369], [28.00995, 3.07231], [28.01589, 3.0691], [28.01673, 3.06865], [28.02384, 3.0648], [28.02394, 3.06474], [28.02424, 3.06458], [28.02781, 3.06265], [28.02889, 3.06153], [28.0292, 3.06121], [28.03768, 3.05238], [28.04956, 3.04838], [28.05414, 3.05184], [28.06146, 3.05092], [28.06197, 3.0506], [28.06225, 3.05042], [28.06398, 3.04931], [28.06585, 3.04469], [28.06742, 3.04079], [28.07208, 3.03414], [28.07382, 3.03166], [28.07458, 3.03058], [28.07662, 3.02768], [28.07726, 3.02675], [28.08162, 3.02307], [28.08199, 3.023], [28.0825, 3.02291], [28.08448, 3.02256], [28.08573, 3.02233], [28.08601, 3.02228], [28.08802, 3.02192], [28.09169, 3.01571], [28.09208, 3.01549], [28.09421, 3.01433], [28.10061, 3.01502], [28.1017, 3.01424], [28.10204, 3.01399], [28.10528, 3.01166], [28.10607, 3.0111], [28.10863, 3.00926], [28.11618, 3.00742], [28.11894, 3.00302], [28.11971, 3.00178], [28.12174, 2.99855], [28.12208, 2.99799], [28.12361, 2.99556], [28.12458, 2.994], [28.12511, 2.99316], [28.12692, 2.99125], [28.12753, 2.99061], [28.12969, 2.98832], [28.1307, 2.9882], [28.13407, 2.9878], [28.13459, 2.98774], [28.13747, 2.9874], [28.14182, 2.99385], [28.14223, 2.99395], [28.14245, 2.99401], [28.14526, 2.99477], [28.15052, 2.99339], [28.15423, 2.99379], [28.15492, 2.99387], [28.15549, 2.99393], [28.15804, 2.9942], [28.15899, 2.99431], [28.16219, 2.99477], [28.16379, 2.99277], [28.16431, 2.99211], [28.16677, 2.98901], [28.17112, 2.98671], [28.17707, 2.98671], [28.18103, 2.9838], [28.18146, 2.98348], [28.18149, 2.98346], [28.18222, 2.98292], [28.18394, 2.98165], [28.19813, 2.98326], [28.19904, 2.98436], [28.19921, 2.98458], [28.20133, 2.98717], [28.20288, 2.99354], [28.20311, 2.99448], [28.20362, 2.99655], [28.20374, 2.99708], [28.20385, 2.99753], [28.22079, 3.01387], [28.22262, 3.01502], [28.22697, 3.01456], [28.22857, 3.01065], [28.22651, 3.00121], [28.23178, 2.99362], [28.23132, 2.99281], [28.23069, 2.9917], [28.22812, 2.98717], [28.22857, 2.98533], [28.23475, 2.98418], [28.24093, 2.97566], [28.25856, 2.96001], [28.25902, 2.95794], [28.25398, 2.95265], [28.25535, 2.95034], [28.26039, 2.94827], [28.26506, 2.94753], [28.26694, 2.94723], [28.26734, 2.94716], [28.26784, 2.94708], [28.26843, 2.94699], [28.26971, 2.94678], [28.27184, 2.94644], [28.27481, 2.94597], [28.27582, 2.9444], [28.27939, 2.93884], [28.28282, 2.93676], [28.29632, 2.9363], [28.30022, 2.93883], [28.30035, 2.94042], [28.30136, 2.95264], [28.30296, 2.95494], [28.3064, 2.95471], [28.30686, 2.95325], [28.30744, 2.95146], [28.30846, 2.94827], [28.31372, 2.94804], [28.31784, 2.94528], [28.33089, 2.94573], [28.33363, 2.94757], [28.33767, 2.94796], [28.33844, 2.94803], [28.34205, 2.94275], [28.34251, 2.94208], [28.34503, 2.9384], [28.34542, 2.93783], [28.34599, 2.93698], [28.34537, 2.93595], [28.34493, 2.93522], [28.3421, 2.93054], [28.34439, 2.91857], [28.3445, 2.91835], [28.34458, 2.91817], [28.34502, 2.91726], [28.34504, 2.91723], [28.34504, 2.91723], [28.34782, 2.91144], [28.35514, 2.90315], [28.35617, 2.90144], [28.35662, 2.9007], [28.35973, 2.89553], [28.3603, 2.89458], [28.36041, 2.8944], [28.36842, 2.88865], [28.37395, 2.88895], [28.381, 2.88934], [28.3865, 2.88496], [28.39359, 2.88473], [28.39657, 2.89232], [28.4, 2.89186], [28.40389, 2.88634], [28.40709, 2.88427], [28.41225, 2.88323], [28.41739, 2.88219], [28.42174, 2.8815], [28.43204, 2.87643], [28.43967, 2.87671], [28.44337, 2.87684], [28.44463, 2.87689], [28.44623, 2.87482], [28.44257, 2.87045], [28.44325, 2.86838], [28.44852, 2.86699], [28.45492, 2.86216], [28.45649, 2.86189], [28.45767, 2.8617], [28.45816, 2.8621], [28.45848, 2.86236], [28.46133, 2.86469], [28.46316, 2.86285], [28.46153, 2.8588], [28.46153, 2.8588], [28.46019, 2.85548], [28.47048, 2.83638], [28.46966, 2.83065], [28.46956, 2.82993], [28.47139, 2.82717], [28.48169, 2.82993], [28.48672, 2.82601], [28.49039, 2.82637], [28.50068, 2.82739], [28.50297, 2.82509], [28.50045, 2.81818], [28.50182, 2.80622], [28.50217, 2.80505], [28.50238, 2.80435], [28.50456, 2.79701], [28.50181, 2.77768], [28.5041, 2.76479], [28.50226, 2.75535], [28.4878, 2.75638], [28.47555, 2.75656], [28.47057, 2.75664], [28.46062, 2.75678], [28.43997, 2.75466], [28.42771, 2.74211], [28.4282, 2.73334], [28.42917, 2.71604], [28.43026, 2.702], [28.43066, 2.69678], [28.43085, 2.6944], [28.43098, 2.69267], [28.43101, 2.69232], [28.43124, 2.68936], [28.42545, 2.67854], [28.41959, 2.67438], [28.41019, 2.66967], [28.40691, 2.66778], [28.40693, 2.66776], [28.39834, 2.66274], [28.39046, 2.65815], [28.38106, 2.65278], [28.37344, 2.64842], [28.37065, 2.64683], [28.37061, 2.64682], [28.36617, 2.64426], [28.3582, 2.64256], [28.35556, 2.64199], [28.35546, 2.64454], [28.35533, 2.64801], [28.35492, 2.65875], [28.35471, 2.66725], [28.35469, 2.66726], [28.35449, 2.68623], [28.34573, 2.70661], [28.33773, 2.71282], [28.32972, 2.71605], [28.32128, 2.69762], [28.31188, 2.69352], [28.29475, 2.69377], [28.29406, 2.70287], [28.29035, 2.71746], [28.27068, 2.74759], [28.26359, 2.74851], [28.2613, 2.7469], [28.25078, 2.74759], [28.25146, 2.74529], [28.24711, 2.73815], [28.23453, 2.72826], [28.21647, 2.72625], [28.20547, 2.72504], [28.1867, 2.72066], [28.17847, 2.71215], [28.17046, 2.71031], [28.16497, 2.70547], [28.15873, 2.7048], [28.15604, 2.70317], [28.14414, 2.70041], [28.13774, 2.68683], [28.1627, 2.67025], [28.17172, 2.65497], [28.17838, 2.64034], [28.18209, 2.62574], [28.17829, 2.60698], [28.17776, 2.60436], [28.17536, 2.59252], [28.16431, 2.57693], [28.15147, 2.56258], [28.14211, 2.55423], [28.14047, 2.55428], [28.12357, 2.55474], [28.10916, 2.55451], [28.10641, 2.55635], [28.10024, 2.54818], [28.0975, 2.52883], [28.10502, 2.51461], [28.10655, 2.51174], [28.10657, 2.51108], [28.10738, 2.48991], [28.09257, 2.49316], [28.0742, 2.49888], [28.05544, 2.48643], [28.05247, 2.48602], [28.04989, 2.48566], [28.04364, 2.48478], [28.03834, 2.48304], [28.02606, 2.47171], [28.01884, 2.45848], [28.01801, 2.45696], [28.01333, 2.4484], [28.00638, 2.43565], [28.00288, 2.43085], [27.99819, 2.42789], [27.98703, 2.43597], [27.98428, 2.43459], [27.98308, 2.43503], [27.98308, 2.43503], [27.98108, 2.43574], [27.97239, 2.44357], [27.96777, 2.44412], [27.96667, 2.44425], [27.96513, 2.44336], [27.96438, 2.44292], [27.95523, 2.43758], [27.94105, 2.42607], [27.93214, 2.42008], [27.92912, 2.42035], [27.92912, 2.42035], [27.92688, 2.42054], [27.92735, 2.41968], [27.92749, 2.41944], [27.93008, 2.41479], [27.92642, 2.41111], [27.92871, 2.40558], [27.92345, 2.39523], [27.92574, 2.39132], [27.93238, 2.38948], [27.93284, 2.38603], [27.93078, 2.38188], [27.92461, 2.3759], [27.92438, 2.36877], [27.92255, 2.366], [27.90357, 2.35864], [27.90082, 2.35587], [27.8974, 2.34713], [27.88797, 2.35286], [27.88362, 2.35937], [27.87836, 2.36724], [27.87823, 2.37936], [27.88311, 2.39201], [27.88213, 2.40051], [27.87784, 2.41481], [27.87305, 2.42435], [27.86697, 2.43647], [27.85938, 2.45536], [27.85755, 2.46679], [27.85695, 2.47048], [27.85262, 2.46862], [27.85695, 2.4705], [27.85685, 2.47115], [27.8552, 2.47335], [27.85418, 2.47471], [27.84606, 2.48554], [27.8363, 2.51355], [27.82798, 2.54488], [27.82015, 2.58588], [27.8181, 2.61136], [27.80987, 2.64509], [27.80574, 2.66005], [27.80345, 2.6635], [27.79888, 2.66603], [27.79463, 2.66668], [27.78286, 2.66602], [27.76386, 2.68396], [27.75905, 2.68603], [27.75775, 2.67494], [27.75106, 2.66595], [27.74375, 2.65909], [27.73879, 2.65341], [27.74241, 2.64669], [27.74514, 2.63968], [27.74227, 2.63185], [27.73524, 2.62711], [27.72729, 2.6251], [27.72171, 2.62185], [27.71066, 2.60596], [27.70755, 2.60588], [27.70177, 2.61389], [27.68086, 2.62054], [27.65116, 2.64269], [27.64016, 2.66151], [27.62917, 2.67701], [27.61597, 2.69584], [27.60717, 2.70691], [27.60938, 2.72904], [27.62149, 2.74011], [27.63581, 2.74895], [27.65782, 2.75005], [27.68975, 2.75888], [27.70736, 2.76884], [27.70847, 2.78654], [27.68867, 2.80648], [27.68868, 2.81976], [27.68979, 2.83304], [27.69338, 2.84867], [27.69407, 2.84862], [27.69134, 2.84879], [27.69022, 2.84886], [27.68338, 2.8493], [27.68338, 2.8493], [27.63645, 2.85225], [27.60267, 2.85438], [27.60264, 2.8548], [27.60263, 2.85959], [27.61069, 2.86473], [27.62323, 2.86246], [27.63727, 2.86382], [27.64438, 2.86754], [27.65575, 2.87982], [27.66095, 2.89555], [27.66092, 2.91281], [27.63811, 2.92755], [27.58825, 2.94178], [27.57779, 2.94674], [27.55879, 2.95472], [27.55198, 2.95839], [27.55357, 2.96552], [27.55346, 2.96713], [27.55325, 2.97019], [27.55311, 2.9722], [27.54669, 2.9837], [27.54577, 2.98968], [27.55744, 2.99268], [27.56055, 2.99255], [27.56574, 2.99234], [27.5682, 2.99223], [27.57851, 2.98487], [27.60334, 2.9933], [27.61663, 2.99596], [27.62515, 2.99867], [27.62515, 2.99867], [27.64336, 3.00429], [27.64336, 3.00429], [27.65793, 3.00861], [27.67355, 3.01324], [27.69056, 3.0561], [27.69877, 3.06538], [27.69952, 3.06623], [27.70136, 3.0683], [27.70477, 3.07216], [27.70571, 3.07981], [27.69241, 3.0829], [27.663, 3.0738], [27.6478, 3.07788], [27.6601, 3.1026], [27.64674, 3.14211], [27.64861, 3.15645], [27.65046, 3.15994], [27.65292, 3.16456], [27.65294, 3.16461], [27.65343, 3.16552], [27.65618, 3.1707], [27.6609, 3.18596], [27.66046, 3.19059], [27.65979, 3.19766], [27.65792, 3.21749], [27.65783, 3.21839], [27.65625, 3.2351], [27.65509, 3.24738], [27.66548, 3.27692], [27.66189, 3.29255], [27.65771, 3.30279], [27.65771, 3.30279], [27.65771, 3.30279], [27.65908, 3.30463], [27.65793, 3.30785], [27.65266, 3.31199], [27.65197, 3.31545], [27.65335, 3.31766], [27.65403, 3.31875], [27.65426, 3.31913], [27.6561, 3.31878], [27.65628, 3.31875], [27.65829, 3.31837], [27.65948, 3.31815], [27.66159, 3.31775], [27.66686, 3.31016], [27.66925, 3.30975], [27.67025, 3.30958]]]}}, {"type": "Feature", "properties": {"zone": "Wanie-Rukula", "province": "Tshopo", "confirmed_cases": 1, "confirmed_deaths": 1}, "geometry": {"type": "Polygon", "coordinates": [[[26.02446, 0.87683], [26.03916, 0.8369], [26.04173, 0.82338], [26.05503, 0.80211], [26.04978, 0.79979], [26.04592, 0.79289], [26.04364, 0.79334], [26.03745, 0.80022], [26.03289, 0.79791], [26.03108, 0.79492], [26.03042, 0.78595], [26.03248, 0.78228], [26.03635, 0.78551], [26.04001, 0.78506], [26.03774, 0.77793], [26.04042, 0.77758], [26.04299, 0.77725], [26.04391, 0.77518], [26.04232, 0.77311], [26.04278, 0.77163], [26.04301, 0.77087], [26.04311, 0.77054], [26.04316, 0.77038], [26.04324, 0.77013], [26.04306, 0.76993], [26.04279, 0.76962], [26.03937, 0.76575], [26.04052, 0.7646], [26.05102, 0.76508], [26.05881, 0.76141], [26.06153, 0.7596], [26.05698, 0.75453], [26.05676, 0.75223], [26.05882, 0.74925], [26.06247, 0.7488], [26.06566, 0.75295], [26.06704, 0.75289], [26.07068, 0.75273], [26.07376, 0.7495], [26.07984, 0.7431], [26.08302, 0.74794], [26.08736, 0.74772], [26.09011, 0.74474], [26.09035, 0.7406], [26.08807, 0.73784], [26.08442, 0.73645], [26.07803, 0.73735], [26.07071, 0.74239], [26.0701, 0.74233], [26.06843, 0.74215], [26.0657, 0.73847], [26.06503, 0.72996], [26.0621, 0.72731], [26.06071, 0.72604], [26.05523, 0.72557], [26.04855, 0.7281], [26.04678, 0.72877], [26.04473, 0.72462], [26.04816, 0.72142], [26.0557, 0.71937], [26.06757, 0.72009], [26.07851, 0.72793], [26.0856, 0.72059], [26.08676, 0.71577], [26.08231, 0.71107], [26.08152, 0.71024], [26.08039, 0.70702], [26.08131, 0.70495], [26.08657, 0.70037], [26.09227, 0.70085], [26.09477, 0.70568], [26.09224, 0.71372], [26.09269, 0.71762], [26.09885, 0.71672], [26.10043, 0.71826], [26.10088, 0.7187], [26.10213, 0.71992], [26.10273, 0.72051], [26.10273, 0.72051], [26.10351, 0.72127], [26.10546, 0.72317], [26.10934, 0.72318], [26.11167, 0.72359], [26.11176, 0.7236], [26.11213, 0.72367], [26.11296, 0.72381], [26.11296, 0.72381], [26.11347, 0.7239], [26.11422, 0.72403], [26.11462, 0.7241], [26.12006, 0.72505], [26.12135, 0.72292], [26.12396, 0.71862], [26.1267, 0.71817], [26.12966, 0.72071], [26.1372, 0.71866], [26.14039, 0.72142], [26.14382, 0.7166], [26.14702, 0.71684], [26.14376, 0.66257], [26.14466, 0.63316], [26.14466, 0.62421], [26.14466, 0.6204], [26.1442, 0.61812], [26.14389, 0.61656], [26.14131, 0.60375], [26.14094, 0.60325], [26.13174, 0.59101], [26.12639, 0.55988], [26.12282, 0.55599], [26.11971, 0.54562], [26.12973, 0.53997], [26.13089, 0.53862], [26.13419, 0.53477], [26.13441, 0.52353], [26.12884, 0.48764], [26.12888, 0.48545], [26.12893, 0.48203], [26.12906, 0.47358], [26.12795, 0.46385], [26.12483, 0.45628], [26.12082, 0.45413], [26.11481, 0.45414], [26.10344, 0.46239], [26.09586, 0.46417], [26.08516, 0.45288], [26.08312, 0.44621], [26.08085, 0.44345], [26.10389, 0.43297], [26.10946, 0.42734], [26.11124, 0.41782], [26.11837, 0.40115], [26.1382, 0.3812], [26.15446, 0.38095], [26.16983, 0.3794], [26.17719, 0.3742], [26.18365, 0.36878], [26.20392, 0.36354], [26.22263, 0.36826], [26.23667, 0.37472], [26.25338, 0.38225], [26.2614, 0.38158], [26.26474, 0.37984], [26.26719, 0.37768], [26.26897, 0.37508], [26.27231, 0.35885], [26.26652, 0.32447], [26.25895, 0.31], [26.24803, 0.29704], [26.24714, 0.28839], [26.24736, 0.28407], [26.25427, 0.2767], [26.27922, 0.27016], [26.30011, 0.26502], [26.30467, 0.26549], [26.30922, 0.27079], [26.32026, 0.26999], [26.32154, 0.2699], [26.32222, 0.25687], [26.33715, 0.24169], [26.34984, 0.23907], [26.35965, 0.24251], [26.36767, 0.23903], [26.36923, 0.23405], [26.37056, 0.22518], [26.38081, 0.21305], [26.38772, 0.2059], [26.39791, 0.19656], [26.40405, 0.20507], [26.40701, 0.20508], [26.40849, 0.20596], [26.41203, 0.20808], [26.41933, 0.20672], [26.42183, 0.20925], [26.42662, 0.21018], [26.42775, 0.21523], [26.43343, 0.22489], [26.43963, 0.21616], [26.4443, 0.21075], [26.45478, 0.1785], [26.45596, 0.16932], [26.45611, 0.16811], [26.46413, 0.16204], [26.47171, 0.16116], [26.4922, 0.16587], [26.50646, 0.16194], [26.51225, 0.15415], [26.51894, 0.1351], [26.52651, 0.10437], [26.54255, 0.1026], [26.55948, 0.09521], [26.56439, 0.08395], [26.56483, 0.06103], [26.57434, 0.03799], [26.57479, 0.04121], [26.58071, 0.04559], [26.58594, 0.0518], [26.5962, 0.05388], [26.59963, 0.05274], [26.61652, 0.06005], [26.61964, 0.07691], [26.61518, 0.09422], [26.6232, 0.10502], [26.63167, 0.10803], [26.66196, 0.11445], [26.67934, 0.12263], [26.70827, 0.13838], [26.71169, 0.13931], [26.71396, 0.14528], [26.71783, 0.14644], [26.71897, 0.14897], [26.71713, 0.15494], [26.72123, 0.16138], [26.72167, 0.1662], [26.71688, 0.17147], [26.71777, 0.17474], [26.7386, 0.17398], [26.74885, 0.17309], [26.75776, 0.16875], [26.76043, 0.15576], [26.76371, 0.1293], [26.75961, 0.12906], [26.75482, 0.12492], [26.75552, 0.11826], [26.75144, 0.10493], [26.75865, 0.10342], [26.75598, 0.07748], [26.75509, 0.05542], [26.75553, 0.03206], [26.7542, 0.00091], [26.75442, -0.01596], [26.74974, -0.03931], [26.73909, -0.08475], [26.7305, -0.11783], [26.7189, -0.13141], [26.70409, -0.13902], [26.70114, -0.14385], [26.69593, -0.15924], [26.68753, -0.17465], [26.68754, -0.17832], [26.69122, -0.1875], [26.68211, -0.19487], [26.67777, -0.19419], [26.66137, -0.20226], [26.65452, -0.20159], [26.63834, -0.20668], [26.63217, -0.20509], [26.62534, -0.21153], [26.60895, -0.22374], [26.60327, -0.235], [26.60215, -0.24189], [26.60336, -0.26899], [26.61026, -0.2917], [26.61895, -0.2988], [26.62971, -0.31187], [26.63066, -0.32518], [26.62543, -0.33094], [26.62378, -0.33467], [26.61772, -0.34841], [26.61476, -0.35209], [26.61476, -0.35209], [26.60427, -0.35716], [26.59219, -0.36086], [26.58992, -0.36255], [26.58208, -0.3684], [26.56779, -0.37589], [26.55991, -0.37844], [26.53997, -0.3766], [26.52494, -0.38329], [26.51511, -0.38308], [26.49813, -0.37872], [26.49024, -0.38171], [26.47084, -0.38433], [26.46787, -0.38272], [26.45738, -0.38183], [26.4544, -0.37977], [26.45302, -0.37449], [26.44844, -0.3683], [26.44254, -0.34694], [26.43854, -0.34308], [26.43683, -0.33928], [26.43171, -0.33641], [26.43283, -0.33136], [26.42986, -0.32608], [26.43144, -0.32171], [26.43075, -0.31919], [26.42518, -0.31823], [26.41866, -0.31957], [26.40792, -0.31213], [26.40515, -0.30694], [26.39901, -0.30893], [26.38599, -0.30458], [26.3821, -0.30183], [26.37977, -0.29548], [26.37011, -0.28303], [26.36977, -0.27909], [26.36286, -0.27318], [26.34373, -0.26066], [26.33605, -0.2672], [26.32645, -0.25868], [26.3208, -0.23991], [26.32172, -0.22813], [26.31667, -0.22481], [26.31279, -0.21954], [26.3091, -0.20737], [26.30977, -0.20209], [26.30131, -0.19199], [26.29493, -0.19577], [26.28299, -0.1981], [26.27954, -0.20029], [26.27299, -0.1995], [26.27016, -0.19451], [26.2679, -0.18086], [26.26491, -0.17686], [26.25848, -0.17464], [26.25458, -0.16231], [26.25274, -0.16047], [26.24349, -0.15887], [26.23006, -0.14451], [26.22628, -0.13697], [26.22305, -0.13646], [26.2188, -0.14208], [26.2157, -0.14281], [26.21278, -0.13969], [26.2132, -0.13025], [26.21216, -0.12948], [26.2092, -0.13294], [26.20571, -0.1342], [26.19723, -0.13149], [26.19257, -0.13229], [26.19218, -0.13034], [26.19777, -0.12049], [26.19477, -0.11432], [26.19448, -0.10625], [26.1882, -0.11025], [26.18318, -0.11094], [26.17357, -0.0942], [26.1706, -0.09421], [26.16605, -0.09949], [26.14984, -0.09286], [26.14322, -0.09333], [26.1448, -0.08277], [26.14023, -0.07727], [26.13635, -0.07659], [26.13413, -0.08586], [26.13219, -0.08698], [26.1236, -0.08525], [26.12379, -0.08089], [26.12261, -0.07987], [26.11902, -0.0817], [26.11824, -0.08209], [26.11775, -0.08234], [26.11686, -0.0828], [26.1112, -0.07583], [26.10141, -0.07648], [26.09709, -0.06586], [26.09501, -0.05416], [26.09181, -0.05072], [26.08064, -0.05303], [26.07836, -0.04982], [26.08655, -0.0443], [26.08951, -0.04016], [26.09068, -0.03433], [26.09112, -0.03213], [26.08943, -0.03137], [26.08388, -0.03562], [26.07949, -0.03686], [26.06706, -0.035], [26.06501, -0.03403], [26.06411, -0.03077], [26.07022, -0.03073], [26.07363, -0.02742], [26.07208, -0.02279], [26.07066, -0.02141], [26.06746, -0.01828], [26.06433, -0.01429], [26.05707, -0.0138], [26.05823, -0.02346], [26.05641, -0.02966], [26.05163, -0.03632], [26.0473, -0.03656], [26.03958, -0.03958], [26.03357, -0.04895], [26.03558, -0.06061], [26.04825, -0.08589], [26.05037, -0.09546], [26.06498, -0.16127], [26.06763, -0.16486], [26.07405, -0.18276], [26.07845, -0.19158], [26.08184, -0.19836], [26.08763, -0.2043], [26.08922, -0.20592], [26.08998, -0.2067], [26.09025, -0.20698], [26.09281, -0.20959], [26.09968, -0.21991], [26.10425, -0.22427], [26.11498, -0.22701], [26.12458, -0.23732], [26.1288, -0.24431], [26.1358, -0.2559], [26.1422, -0.26255], [26.15773, -0.27033], [26.17077, -0.28409], [26.16486, -0.29696], [26.15781, -0.30501], [26.15417, -0.31167], [26.15291, -0.31569], [26.15284, -0.31589], [26.15284, -0.31592], [26.15279, -0.31608], [26.15183, -0.31912], [26.151, -0.32178], [26.14968, -0.32338], [26.14734, -0.32619], [26.1428, -0.33167], [26.13226, -0.34796], [26.1312, -0.3496], [26.12596, -0.35558], [26.11411, -0.36456], [26.10911, -0.37261], [26.12361, -0.38969], [26.15228, -0.415], [26.17258, -0.42746], [26.17335, -0.42793], [26.17337, -0.42794], [26.17375, -0.42817], [26.17666, -0.42996], [26.18111, -0.43269], [26.18448, -0.43476], [26.18829, -0.4371], [26.19249, -0.44011], [26.19249, -0.44012], [26.19273, -0.44029], [26.19485, -0.44181], [26.2031, -0.44775], [26.2163, -0.45725], [26.22365, -0.46255], [26.22377, -0.46263], [26.21833, -0.46257], [26.21354, -0.46251], [26.1996, -0.46116], [26.19504, -0.46295], [26.18813, -0.46768], [26.18496, -0.4703], [26.18235, -0.47302], [26.17993, -0.47664], [26.17642, -0.48191], [26.17224, -0.48604], [26.1663, -0.48982], [26.1587, -0.49394], [26.15549, -0.49515], [26.15151, -0.49585], [26.14442, -0.4961], [26.13969, -0.49736], [26.13456, -0.49701], [26.1333, -0.49746], [26.13049, -0.49902], [26.12596, -0.50315], [26.12017, -0.50636], [26.11791, -0.50868], [26.11223, -0.51632], [26.11052, -0.51763], [26.10383, -0.52125], [26.09684, -0.52709], [26.08904, -0.53197], [26.07978, -0.53644], [26.0659, -0.54163], [26.05891, -0.54354], [26.0492, -0.54399], [26.04432, -0.54484], [26.03991, -0.54562], [26.03661, -0.5462], [26.03535, -0.54642], [26.03165, -0.54625], [26.02883, -0.54613], [26.02631, -0.54666], [26.02335, -0.54686], [26.01464, -0.5461], [26.01233, -0.54676], [26.0073, -0.54615], [26.00257, -0.54515], [25.99875, -0.54595], [25.99523, -0.5461], [25.99307, -0.54671], [25.98959, -0.54857], [25.98633, -0.54897], [25.98411, -0.54977], [25.98074, -0.54962], [25.97652, -0.54987], [25.9742, -0.55053], [25.96817, -0.55279], [25.96515, -0.55314], [25.96349, -0.55571], [25.96002, -0.55832], [25.95741, -0.56029], [25.95197, -0.56678], [25.95028, -0.56884], [25.94873, -0.571], [25.9473, -0.57324], [25.94601, -0.57557], [25.94486, -0.57798], [25.94386, -0.58044], [25.94301, -0.58297], [25.94231, -0.58554], [25.94164, -0.5885], [25.94113, -0.5915], [25.94113, -0.5915], [25.94079, -0.59453], [25.94061, -0.59756], [25.94061, -0.59756], [25.9406, -0.60061], [25.9406, -0.60061], [25.94075, -0.60365], [25.94154, -0.6057], [25.94518, -0.61527], [25.94733, -0.6221], [25.94769, -0.62326], [25.94769, -0.62326], [25.9487, -0.62945], [25.9487, -0.62945], [25.94918, -0.63242], [25.94918, -0.63242], [25.94921, -0.63258], [25.94951, -0.63443], [25.94846, -0.6346], [25.94563, -0.63403], [25.94196, -0.63378], [25.93874, -0.63448], [25.93175, -0.63458], [25.92727, -0.63423], [25.924, -0.63443], [25.92109, -0.63599], [25.91797, -0.63715], [25.91394, -0.63735], [25.91324, -0.638], [25.91067, -0.638], [25.90564, -0.64001], [25.90258, -0.64208], [25.8987, -0.64414], [25.89351, -0.6469], [25.89131, -0.64731], [25.88925, -0.64811], [25.88432, -0.64932], [25.87969, -0.65007], [25.87722, -0.64962], [25.87722, -0.64962], [25.87722, -0.64962], [25.87612, -0.64866], [25.87612, -0.64866], [25.87405, -0.64791], [25.87084, -0.64673], [25.86822, -0.64524], [25.8642, -0.64444], [25.86254, -0.64408], [25.86087, -0.6439], [25.85918, -0.6439], [25.8575, -0.64407], [25.85584, -0.64442], [25.85424, -0.64494], [25.85284, -0.64501], [25.85145, -0.6449], [25.85008, -0.64463], [25.84876, -0.64419], [25.8475, -0.6436], [25.8475, -0.6436], [25.8475, -0.6436], [25.84719, -0.64341], [25.84631, -0.64286], [25.84523, -0.64197], [25.84477, -0.64092], [25.84449, -0.6398], [25.84449, -0.6398], [25.8444, -0.63865], [25.8444, -0.63865], [25.84451, -0.6375], [25.84451, -0.6375], [25.8448, -0.63638], [25.84528, -0.63533], [25.84616, -0.63388], [25.84687, -0.63234], [25.84741, -0.63073], [25.84741, -0.63073], [25.84778, -0.62907], [25.84778, -0.62907], [25.84796, -0.62739], [25.84796, -0.62739], [25.84797, -0.62569], [25.84797, -0.62569], [25.84779, -0.624], [25.84779, -0.624], [25.84743, -0.62234], [25.84689, -0.62073], [25.84674, -0.62039], [25.84619, -0.61919], [25.84559, -0.61829], [25.84531, -0.61787], [25.84431, -0.61665], [25.84319, -0.61555], [25.84196, -0.61456], [25.84063, -0.6137], [25.83922, -0.61298], [25.83775, -0.61241], [25.83623, -0.612], [25.83467, -0.61174], [25.83241, -0.612], [25.83165, -0.61245], [25.83105, -0.61396], [25.82838, -0.61622], [25.82697, -0.61602], [25.82551, -0.61537], [25.82315, -0.61557], [25.82259, -0.61581], [25.82209, -0.61614], [25.82164, -0.61654], [25.82127, -0.61702], [25.82098, -0.61755], [25.82078, -0.61813], [25.82068, -0.61872], [25.82068, -0.61872], [25.82068, -0.61933], [25.82068, -0.61933], [25.82069, -0.61938], [25.82079, -0.61992], [25.82095, -0.6204], [25.82099, -0.6205], [25.82187, -0.62169], [25.8235, -0.62392], [25.8245, -0.62474], [25.82582, -0.62583], [25.82904, -0.62799], [25.82939, -0.62821], [25.8297, -0.62849], [25.82997, -0.62882], [25.83017, -0.62919], [25.83031, -0.62958], [25.83031, -0.62958], [25.83038, -0.63], [25.83038, -0.63], [25.83038, -0.63042], [25.83038, -0.63042], [25.8303, -0.63083], [25.8303, -0.63083], [25.83017, -0.63123], [25.82996, -0.63159], [25.8297, -0.63192], [25.82938, -0.6322], [25.82903, -0.63242], [25.82864, -0.63258], [25.82823, -0.63267], [25.82144, -0.63362], [25.81972, -0.63387], [25.81405, -0.63579], [25.81183, -0.63599], [25.80499, -0.63604], [25.80323, -0.63513], [25.80197, -0.63368], [25.80158, -0.63288], [25.80031, -0.6303], [25.79998, -0.62971], [25.79985, -0.62949], [25.79926, -0.62875], [25.79889, -0.62842], [25.79856, -0.62813], [25.79835, -0.628], [25.79777, -0.62763], [25.7969, -0.62726], [25.7871, -0.63428], [25.78568, -0.6371], [25.78432, -0.63977], [25.78115, -0.64363], [25.77889, -0.64353], [25.77637, -0.64283], [25.77528, -0.64274], [25.76961, -0.6468], [25.76957, -0.64839], [25.77, -0.65027], [25.77005, -0.65052], [25.77005, -0.65052], [25.77006, -0.65062], [25.77023, -0.65321], [25.76961, -0.65507], [25.76767, -0.65697], [25.76599, -0.65807], [25.76333, -0.65794], [25.76333, -0.65794], [25.76214, -0.65741], [25.76037, -0.65749], [25.75739, -0.65686], [25.75471, -0.65629], [25.75228, -0.65578], [25.75083, -0.65547], [25.74937, -0.65224], [25.74937, -0.65224], [25.74892, -0.6499], [25.74892, -0.6499], [25.74892, -0.64804], [25.74892, -0.64804], [25.7504, -0.64505], [25.75286, -0.64234], [25.75502, -0.63995], [25.75557, -0.63849], [25.7556, -0.63619], [25.7556, -0.63619], [25.75563, -0.63406], [25.75563, -0.63406], [25.7556, -0.63222], [25.7556, -0.63222], [25.75555, -0.62948], [25.75555, -0.62948], [25.75508, -0.62657], [25.75445, -0.6255], [25.75346, -0.6238], [25.75224, -0.62276], [25.75069, -0.62143], [25.74816, -0.61997], [25.74645, -0.61931], [25.74495, -0.61873], [25.74384, -0.61909], [25.7426, -0.61949], [25.74142, -0.62095], [25.7411, -0.62139], [25.74017, -0.62369], [25.73876, -0.63058], [25.73876, -0.63058], [25.73829, -0.63152], [25.7377, -0.63238], [25.73698, -0.63315], [25.73617, -0.63381], [25.73526, -0.63434], [25.73429, -0.63474], [25.73315, -0.63426], [25.73155, -0.63222], [25.72996, -0.63018], [25.72846, -0.6289], [25.72674, -0.62806], [25.72395, -0.62806], [25.72249, -0.62908], [25.72024, -0.63133], [25.71834, -0.63412], [25.71719, -0.63659], [25.71608, -0.63823], [25.71586, -0.63852], [25.71558, -0.63878], [25.71527, -0.63898], [25.71493, -0.63914], [25.71457, -0.63923], [25.7142, -0.63927], [25.71383, -0.63924], [25.71347, -0.63916], [25.71312, -0.63901], [25.71281, -0.63882], [25.71253, -0.63857], [25.71229, -0.63828], [25.7121, -0.63796], [25.71197, -0.63761], [25.71144, -0.63597], [25.71144, -0.63597], [25.71233, -0.62868], [25.71233, -0.62868], [25.71374, -0.62435], [25.71634, -0.61926], [25.71737, -0.61547], [25.7186, -0.61091], [25.71898, -0.6097], [25.71898, -0.6097], [25.71918, -0.60846], [25.71918, -0.60845], [25.71922, -0.60719], [25.71922, -0.60719], [25.71908, -0.60593], [25.71908, -0.60593], [25.71877, -0.6047], [25.71829, -0.60353], [25.71764, -0.60248], [25.71685, -0.60153], [25.71594, -0.6007], [25.71493, -0.6], [25.71382, -0.59944], [25.71266, -0.59904], [25.71144, -0.59881], [25.71021, -0.59874], [25.70898, -0.59884], [25.70777, -0.59911], [25.70605, -0.59955], [25.70446, -0.60057], [25.70344, -0.6015], [25.70243, -0.60243], [25.70106, -0.60313], [25.69944, -0.60522], [25.69717, -0.60742], [25.69575, -0.60879], [25.69438, -0.60932], [25.6923, -0.60892], [25.69063, -0.6076], [25.68979, -0.60645], [25.68935, -0.60455], [25.68859, -0.60296], [25.68758, -0.60084], [25.68758, -0.60084], [25.68758, -0.59602], [25.68758, -0.59602], [25.68868, -0.59288], [25.68806, -0.59067], [25.68696, -0.58877], [25.6851, -0.58696], [25.68028, -0.58342], [25.6799, -0.58312], [25.67958, -0.58275], [25.67932, -0.58234], [25.67913, -0.58189], [25.67902, -0.58142], [25.67902, -0.58142], [25.67898, -0.58093], [25.67898, -0.58093], [25.67903, -0.58045], [25.67903, -0.58045], [25.67916, -0.57998], [25.67936, -0.57953], [25.67964, -0.57913], [25.67997, -0.57878], [25.68045, -0.57841], [25.68087, -0.57797], [25.68122, -0.57747], [25.68149, -0.57692], [25.68167, -0.57634], [25.68167, -0.57634], [25.68176, -0.57574], [25.68176, -0.57574], [25.68175, -0.57514], [25.68175, -0.57514], [25.68165, -0.57454], [25.68165, -0.57454], [25.6816, -0.57412], [25.68147, -0.57372], [25.68128, -0.57334], [25.68103, -0.57301], [25.68073, -0.57271], [25.68038, -0.57248], [25.68, -0.5723], [25.6796, -0.57219], [25.67918, -0.57215], [25.67877, -0.57222], [25.67835, -0.57223], [25.67793, -0.57216], [25.67754, -0.57203], [25.67717, -0.57183], [25.67684, -0.57158], [25.67656, -0.57127], [25.67633, -0.57092], [25.67616, -0.57053], [25.67616, -0.57053], [25.67582, -0.56879], [25.67582, -0.56879], [25.67553, -0.56736], [25.67471, -0.56667], [25.67334, -0.56552], [25.67184, -0.56495], [25.67048, -0.56478], [25.66963, -0.56534], [25.66834, -0.56621], [25.66698, -0.56813], [25.6657, -0.56994], [25.66455, -0.57056], [25.66327, -0.57065], [25.66221, -0.57025], [25.66057, -0.56866], [25.65893, -0.56654], [25.65717, -0.56543], [25.6562, -0.56449], [25.65505, -0.56458], [25.65397, -0.56466], [25.65239, -0.56478], [25.65071, -0.5649], [25.64895, -0.56503], [25.64727, -0.58029], [25.64727, -0.58029], [25.64678, -0.5908], [25.64678, -0.5908], [25.64603, -0.60688], [25.64603, -0.60688], [25.64506, -0.61984], [25.64506, -0.61984], [25.64395, -0.63447], [25.64395, -0.63447], [25.64209, -0.64822], [25.64209, -0.64822], [25.64164, -0.65886], [25.64164, -0.65886], [25.64011, -0.66059], [25.6371, -0.664], [25.63577, -0.66678], [25.63356, -0.66952], [25.63069, -0.67204], [25.62928, -0.67267], [25.62773, -0.67381], [25.62623, -0.67491], [25.62353, -0.67827], [25.62165, -0.68019], [25.61985, -0.68137], [25.61775, -0.68277], [25.61496, -0.68397], [25.61196, -0.68526], [25.60942, -0.6855], [25.60591, -0.68656], [25.60382, -0.6878], [25.60005, -0.69004], [25.59794, -0.69158], [25.59682, -0.69378], [25.5422, -0.71389], [25.5253, -0.72102], [25.51951, -0.72546], [25.51951, -0.72546], [25.50275, -0.69389], [25.49429, -0.67547], [25.49111, -0.66524], [25.48371, -0.65033], [25.48283, -0.64434], [25.4778, -0.62564], [25.47692, -0.61639], [25.47762, -0.60166], [25.47559, -0.58887], [25.47656, -0.57186], [25.47462, -0.56321], [25.47268, -0.54946], [25.47241, -0.54186], [25.47113, -0.50548], [25.47006, -0.47495], [25.47068, -0.47185], [25.46983, -0.46688], [25.47198, -0.46124], [25.48908, -0.45492], [25.51425, -0.44228], [25.52288, -0.44042], [25.53659, -0.44075], [25.53857, -0.4403], [25.53308, -0.43597], [25.52779, -0.43376], [25.52333, -0.43189], [25.52057, -0.42952], [25.516, -0.42416], [25.51496, -0.42283], [25.51378, -0.42161], [25.51248, -0.42052], [25.51107, -0.41958], [25.50956, -0.4188], [25.50808, -0.41852], [25.50663, -0.41805], [25.50525, -0.41743], [25.50396, -0.41664], [25.50277, -0.4157], [25.5017, -0.41463], [25.50076, -0.41344], [25.49929, -0.41051], [25.4976, -0.40261], [25.49752, -0.40159], [25.49728, -0.4006], [25.49689, -0.39967], [25.49636, -0.3988], [25.49569, -0.39804], [25.49491, -0.39739], [25.4945, -0.39741], [25.49409, -0.39736], [25.4937, -0.39724], [25.49333, -0.39706], [25.49299, -0.39682], [25.4927, -0.39652], [25.49246, -0.39619], [25.49228, -0.39582], [25.49217, -0.39542], [25.49212, -0.39501], [25.49215, -0.3946], [25.49224, -0.3942], [25.4923, -0.39368], [25.49228, -0.39315], [25.49218, -0.39264], [25.49199, -0.39215], [25.49173, -0.3917], [25.49139, -0.3913], [25.49099, -0.39096], [25.49054, -0.39069], [25.49006, -0.39049], [25.48954, -0.39038], [25.48902, -0.39036], [25.48838, -0.39025], [25.48776, -0.39003], [25.48719, -0.38971], [25.48669, -0.38929], [25.48626, -0.38879], [25.48593, -0.38823], [25.4857, -0.38762], [25.48358, -0.38337], [25.48284, -0.37891], [25.48337, -0.37488], [25.48538, -0.36989], [25.48814, -0.36713], [25.49701, -0.3633], [25.50311, -0.3579], [25.50958, -0.35217], [25.51245, -0.34792], [25.52232, -0.34155], [25.5272, -0.33466], [25.52189, -0.33581], [25.52, -0.3343], [25.52412, -0.32914], [25.51778, -0.32407], [25.51607, -0.32146], [25.51415, -0.31852], [25.51234, -0.31576], [25.52922, -0.29167], [25.53686, -0.28626], [25.5428, -0.29071], [25.54908, -0.28916], [25.55213, -0.28707], [25.55936, -0.28212], [25.56509, -0.27819], [25.56529, -0.27546], [25.56446, -0.27225], [25.56259, -0.26509], [25.56414, -0.25983], [25.56626, -0.25261], [25.57136, -0.24391], [25.57231, -0.23828], [25.57624, -0.23202], [25.57886, -0.22568], [25.58027, -0.21992], [25.58154, -0.21472], [25.58547, -0.20549], [25.58876, -0.19371], [25.59545, -0.17885], [25.59854, -0.16926], [25.59927, -0.16484], [25.60076, -0.15581], [25.6015, -0.1452], [25.59916, -0.13268], [25.59948, -0.1244], [25.60155, -0.11764], [25.60041, -0.11306], [25.59777, -0.10249], [25.59343, -0.09131], [25.59022, -0.07872], [25.58447, -0.0562], [25.581, -0.04561], [25.5772, -0.034], [25.57003, -0.01211], [25.56909, 0.006], [25.5655, 0.02959], [25.55833, 0.05129], [25.55417, 0.06799], [25.55055, 0.0925], [25.54438, 0.1343], [25.54002, 0.16382], [25.54694, 0.1824], [25.54555, 0.18591], [25.54493, 0.19025], [25.54568, 0.19112], [25.54769, 0.19346], [25.548, 0.19382], [25.548, 0.19382], [25.54893, 0.19702], [25.54876, 0.19808], [25.54864, 0.19881], [25.54804, 0.20245], [25.5474, 0.20462], [25.54659, 0.20636], [25.54618, 0.20723], [25.54458, 0.21068], [25.54415, 0.21315], [25.54352, 0.21679], [25.54381, 0.2203], [25.54381, 0.2203], [25.54365, 0.22605], [25.54326, 0.22774], [25.54306, 0.22864], [25.5425, 0.23109], [25.54136, 0.23312], [25.54133, 0.23496], [25.54133, 0.23514], [25.54133, 0.23514], [25.54073, 0.23642], [25.54048, 0.23694], [25.53997, 0.23802], [25.53861, 0.23929], [25.53781, 0.24073], [25.53684, 0.24686], [25.53684, 0.24686], [25.53641, 0.24885], [25.53294, 0.25215], [25.53136, 0.2543], [25.53117, 0.25456], [25.53117, 0.25456], [25.53016, 0.25767], [25.5285, 0.25981], [25.52782, 0.26131], [25.52696, 0.26272], [25.52641, 0.26342], [25.52595, 0.26402], [25.52534, 0.26464], [25.52479, 0.2652], [25.52351, 0.26623], [25.52238, 0.26712], [25.52138, 0.26815], [25.52052, 0.2693], [25.51982, 0.27055], [25.51929, 0.27188], [25.51929, 0.27188], [25.51894, 0.27327], [25.51886, 0.27393], [25.51877, 0.27469], [25.51831, 0.28129], [25.51814, 0.28292], [25.51814, 0.28292], [25.51779, 0.28452], [25.51725, 0.28607], [25.51655, 0.28754], [25.51616, 0.28816], [25.51568, 0.28893], [25.51465, 0.29021], [25.51428, 0.29057], [25.51349, 0.29136], [25.51113, 0.29321], [25.51097, 0.29333], [25.51097, 0.29333], [25.50654, 0.29802], [25.50471, 0.29996], [25.50169, 0.30315], [25.4982, 0.3062], [25.49761, 0.30694], [25.49668, 0.3081], [25.49622, 0.30864], [25.49563, 0.30933], [25.49227, 0.31227], [25.49056, 0.31377], [25.48932, 0.3143], [25.48857, 0.31462], [25.4831, 0.31944], [25.4831, 0.31944], [25.4805, 0.32174], [25.4805, 0.32174], [25.47778, 0.32414], [25.47696, 0.32472], [25.47505, 0.32607], [25.47233, 0.32911], [25.46959, 0.33217], [25.46344, 0.341], [25.45756, 0.35057], [25.45531, 0.35389], [25.45451, 0.35447], [25.45451, 0.35447], [25.45285, 0.3536], [25.44823, 0.35356], [25.44823, 0.35356], [25.44787, 0.35358], [25.44389, 0.35377], [25.44193, 0.35355], [25.44111, 0.35346], [25.43812, 0.35313], [25.43612, 0.35291], [25.43515, 0.3528], [25.43295, 0.35256], [25.43279, 0.35273], [25.43256, 0.35297], [25.43212, 0.35331], [25.43181, 0.35346], [25.43162, 0.35356], [25.43108, 0.35373], [25.43108, 0.35373], [25.43053, 0.35381], [25.42997, 0.3538], [25.42942, 0.35369], [25.42889, 0.35349], [25.42841, 0.35321], [25.42841, 0.35321], [25.42798, 0.35285], [25.42762, 0.35242], [25.42762, 0.35242], [25.42733, 0.35194], [25.42693, 0.35037], [25.42671, 0.34876], [25.42669, 0.34791], [25.42667, 0.34714], [25.42681, 0.34553], [25.42681, 0.34553], [25.42712, 0.34394], [25.4276, 0.34239], [25.4276, 0.34239], [25.42786, 0.34092], [25.42795, 0.33944], [25.42786, 0.33796], [25.4276, 0.3365], [25.42718, 0.33507], [25.42718, 0.33507], [25.42659, 0.33371], [25.42585, 0.33242], [25.42559, 0.33204], [25.42524, 0.33235], [25.41258, 0.34358], [25.39499, 0.34972], [25.39332, 0.35063], [25.37784, 0.35908], [25.37372, 0.3632], [25.36137, 0.37143], [25.35658, 0.37256], [25.35216, 0.39713], [25.33742, 0.43453], [25.32228, 0.45584], [25.32502, 0.45723], [25.3378, 0.45659], [25.34058, 0.45762], [25.34281, 0.45844], [25.34781, 0.45831], [25.35057, 0.45824], [25.36173, 0.46517], [25.36331, 0.46954], [25.36193, 0.47482], [25.36328, 0.47873], [25.36257, 0.48608], [25.36415, 0.49045], [25.36464, 0.49972], [25.3648, 0.50263], [25.37159, 0.51713], [25.37725, 0.5178], [25.38033, 0.51817], [25.38756, 0.51903], [25.39602, 0.51561], [25.40032, 0.5239], [25.41512, 0.53544], [25.42233, 0.54765], [25.42456, 0.55144], [25.42687, 0.55536], [25.43306, 0.56585], [25.4436, 0.5837], [25.46103, 0.60706], [25.46974, 0.62894], [25.47692, 0.63688], [25.4923, 0.64481], [25.51075, 0.67165], [25.52101, 0.67959], [25.51957, 0.69217], [25.51888, 0.69826], [25.52044, 0.71044], [25.53277, 0.70749], [25.53347, 0.70473], [25.53298, 0.70261], [25.53188, 0.69783], [25.53328, 0.69209], [25.54061, 0.68476], [25.54131, 0.67971], [25.53701, 0.66889], [25.53885, 0.66499], [25.54182, 0.66317], [25.55549, 0.66941], [25.56483, 0.6768], [25.57142, 0.68624], [25.57254, 0.69337], [25.57129, 0.70332], [25.57113, 0.70463], [25.56607, 0.71656], [25.5672, 0.71955], [25.56949, 0.72155], [25.57221, 0.72393], [25.57996, 0.72787], [25.5847, 0.72927], [25.59067, 0.73112], [25.59126, 0.73171], [25.5918, 0.73226], [25.59198, 0.73244], [25.59295, 0.73342], [25.59889, 0.73321], [25.59924, 0.7324], [25.60027, 0.73], [25.60029, 0.72241], [25.60304, 0.72082], [25.60713, 0.7268], [25.61011, 0.72222], [25.61556, 0.73051], [25.62194, 0.73328], [25.62086, 0.73444], [25.61929, 0.73612], [25.61851, 0.73695], [25.62418, 0.73955], [25.62446, 0.73968], [25.62446, 0.73968], [25.62557, 0.74019], [25.62544, 0.74065], [25.62543, 0.74065], [25.62488, 0.74249], [25.62624, 0.74502], [25.63038, 0.74543], [25.6361, 0.74609], [25.6361, 0.74609], [25.63972, 0.74651], [25.63981, 0.7466], [25.63987, 0.74665], [25.64041, 0.74714], [25.64091, 0.74759], [25.64306, 0.74953], [25.64752, 0.75288], [25.65108, 0.75363], [25.66779, 0.75045], [25.68071, 0.74653], [25.69274, 0.74434], [25.69408, 0.75213], [25.68873, 0.76295], [25.68829, 0.78674], [25.69319, 0.79192], [25.70522, 0.79362], [25.71591, 0.7936], [25.73195, 0.79486], [25.77517, 0.78569], [25.79433, 0.78781], [25.80591, 0.80335], [25.80948, 0.81675], [25.82062, 0.84052], [25.83443, 0.84265], [25.84512, 0.83744], [25.85448, 0.84693], [25.86918, 0.87069], [25.8928, 0.8741], [25.90527, 0.87364], [25.92131, 0.87836], [25.93512, 0.88655], [25.95384, 0.90035], [25.96899, 0.91415], [25.98146, 0.92148], [25.99884, 0.91539], [26.02446, 0.87683]]]}}, {"type": "Feature", "properties": {"zone": "Alimbongo", "province": "Nord-Kivu", "confirmed_cases": 5, "confirmed_deaths": 3}, "geometry": {"type": "Polygon", "coordinates": [[[28.60534, -0.00905], [28.60665, -0.00997], [28.60777, -0.00936], [28.60797, -0.00784], [28.60909, -0.00814], [28.6103, -0.00885], [28.61091, -0.01058], [28.61152, -0.01179], [28.61314, -0.01179], [28.61446, -0.01169], [28.61547, -0.01311], [28.61699, -0.01311], [28.61699, -0.01453], [28.61709, -0.01666], [28.61841, -0.01686], [28.61962, -0.01716], [28.62115, -0.01655], [28.62175, -0.01807], [28.62155, -0.02009], [28.62155, -0.02009], [28.62155, -0.0201], [28.62226, -0.02132], [28.62378, -0.02132], [28.62439, -0.02253], [28.6259, -0.02344], [28.6251, -0.02465], [28.62398, -0.02546], [28.62074, -0.02434], [28.62013, -0.02576], [28.62013, -0.02578], [28.62013, -0.02578], [28.62023, -0.02801], [28.62125, -0.02922], [28.62266, -0.03094], [28.62165, -0.03215], [28.62044, -0.03124], [28.62033, -0.03215], [28.62033, -0.03216], [28.62033, -0.03216], [28.62033, -0.03407], [28.61881, -0.0358], [28.61831, -0.03823], [28.61831, -0.03823], [28.61831, -0.03824], [28.62033, -0.03895], [28.62155, -0.03763], [28.62216, -0.03591], [28.62297, -0.03459], [28.62439, -0.03338], [28.62489, -0.03216], [28.625, -0.03034], [28.6254, -0.02861], [28.62601, -0.0279], [28.62733, -0.0279], [28.62875, -0.02882], [28.63016, -0.02882], [28.63128, -0.02993], [28.633, -0.03024], [28.63351, -0.02932], [28.63554, -0.02993], [28.63695, -0.02993], [28.63847, -0.03064], [28.63979, -0.03003], [28.63999, -0.02892], [28.63999, -0.02891], [28.63999, -0.02891], [28.63999, -0.0274], [28.6402, -0.02598], [28.64091, -0.02507], [28.64141, -0.02395], [28.64385, -0.02517], [28.64455, -0.02648], [28.64364, -0.02799], [28.64365, -0.028], [28.64364, -0.02801], [28.64384, -0.02901], [28.64334, -0.03083], [28.64334, -0.03084], [28.64334, -0.03084], [28.64364, -0.03186], [28.64567, -0.03196], [28.64658, -0.03206], [28.64658, -0.03358], [28.64678, -0.0349], [28.64912, -0.0351], [28.65084, -0.035], [28.65226, -0.03429], [28.65357, -0.03378], [28.6554, -0.03348], [28.65621, -0.03277], [28.65621, -0.03276], [28.65621, -0.03276], [28.6557, -0.03164], [28.6557, -0.02973], [28.65692, -0.02993], [28.65814, -0.03064], [28.65925, -0.03165], [28.66138, -0.03176], [28.66178, -0.03226], [28.66138, -0.03316], [28.66006, -0.03357], [28.65955, -0.03488], [28.65956, -0.03489], [28.65955, -0.0349], [28.66047, -0.03773], [28.66036, -0.03934], [28.66037, -0.03935], [28.66036, -0.03936], [28.66067, -0.04067], [28.66148, -0.04118], [28.66229, -0.0423], [28.66381, -0.0423], [28.66482, -0.04128], [28.66645, -0.04199], [28.66695, -0.043], [28.66604, -0.0439], [28.66605, -0.04391], [28.66604, -0.04392], [28.66675, -0.04483], [28.66847, -0.04554], [28.66989, -0.04402], [28.67101, -0.04422], [28.67273, -0.04422], [28.67425, -0.04513], [28.67415, -0.04694], [28.67303, -0.04735], [28.67141, -0.04806], [28.67141, -0.04807], [28.67141, -0.04807], [28.67151, -0.04898], [28.67232, -0.0499], [28.67253, -0.05132], [28.67313, -0.05222], [28.67283, -0.05424], [28.67283, -0.05424], [28.67283, -0.05425], [28.67394, -0.05466], [28.67577, -0.05506], [28.67658, -0.05486], [28.6781, -0.05466], [28.67881, -0.05395], [28.68094, -0.05405], [28.68215, -0.05395], [28.68367, -0.05405], [28.68519, -0.05476], [28.68712, -0.05567], [28.68803, -0.05598], [28.69006, -0.05618], [28.69117, -0.05567], [28.69239, -0.05557], [28.69249, -0.05618], [28.69361, -0.05699], [28.69472, -0.05709], [28.69604, -0.05669], [28.69766, -0.05699], [28.69867, -0.05719], [28.69979, -0.0574], [28.70181, -0.05709], [28.70333, -0.0578], [28.70333, -0.05779], [28.70333, -0.05779], [28.70313, -0.05566], [28.70212, -0.05505], [28.70222, -0.05415], [28.70303, -0.05284], [28.70526, -0.05284], [28.70719, -0.05273], [28.70962, -0.05223], [28.71094, -0.05142], [28.71134, -0.05253], [28.71185, -0.05385], [28.71276, -0.05436], [28.71387, -0.05486], [28.71438, -0.05385], [28.71468, -0.05405], [28.7157, -0.05557], [28.71641, -0.05699], [28.71762, -0.05679], [28.71914, -0.05658], [28.71995, -0.05567], [28.72046, -0.05456], [28.72137, -0.05517], [28.72229, -0.05517], [28.72259, -0.05334], [28.7236, -0.05172], [28.72522, -0.05132], [28.72583, -0.05061], [28.72735, -0.0505], [28.72816, -0.04949], [28.72837, -0.04817], [28.72847, -0.04675], [28.72897, -0.04605], [28.73039, -0.04523], [28.73141, -0.04523], [28.73262, -0.04493], [28.73353, -0.04493], [28.73455, -0.04584], [28.73617, -0.04675], [28.7382, -0.04686], [28.73982, -0.04757], [28.74124, -0.04757], [28.74225, -0.04787], [28.74255, -0.04898], [28.74286, -0.0503], [28.74357, -0.05061], [28.74478, -0.05061], [28.74509, -0.04959], [28.7461, -0.04949], [28.74711, -0.04979], [28.74722, -0.05111], [28.74752, -0.05182], [28.74711, -0.05323], [28.74701, -0.05444], [28.74701, -0.05444], [28.74701, -0.05446], [28.74985, -0.05375], [28.75137, -0.05182], [28.75249, -0.05121], [28.7533, -0.05], [28.75329, -0.04999], [28.7533, -0.04998], [28.75178, -0.04817], [28.75309, -0.04696], [28.75451, -0.04655], [28.75593, -0.04605], [28.75765, -0.04574], [28.75806, -0.04584], [28.75938, -0.04746], [28.75968, -0.04909], [28.75988, -0.05029], [28.75938, -0.051], [28.75796, -0.0513], [28.75796, -0.05131], [28.75796, -0.05132], [28.75816, -0.05213], [28.75938, -0.05243], [28.75999, -0.05314], [28.76069, -0.05405], [28.76181, -0.05476], [28.76282, -0.05628], [28.76323, -0.058], [28.76282, -0.05921], [28.76282, -0.05922], [28.76282, -0.05922], [28.76292, -0.06013], [28.76343, -0.06185], [28.76262, -0.06356], [28.76232, -0.06539], [28.76232, -0.06539], [28.76232, -0.0654], [28.76414, -0.0656], [28.76424, -0.06742], [28.76353, -0.06904], [28.76262, -0.07096], [28.76262, -0.07097], [28.76262, -0.07098], [28.76303, -0.07219], [28.76414, -0.07321], [28.76495, -0.07422], [28.76647, -0.07523], [28.76678, -0.07604], [28.76759, -0.07746], [28.769, -0.07929], [28.76961, -0.0809], [28.7686, -0.08211], [28.76861, -0.08212], [28.7686, -0.08212], [28.76921, -0.08273], [28.77093, -0.08182], [28.77164, -0.08283], [28.77208, -0.08415], [28.77214, -0.08434], [28.77164, -0.08505], [28.77022, -0.08616], [28.77022, -0.08618], [28.77022, -0.08618], [28.77032, -0.08699], [28.77123, -0.0882], [28.77134, -0.08922], [28.77134, -0.09023], [28.77225, -0.09114], [28.77265, -0.09246], [28.77367, -0.09276], [28.77539, -0.09358], [28.77711, -0.09358], [28.77863, -0.09438], [28.77823, -0.09559], [28.77742, -0.09559], [28.77681, -0.0967], [28.77681, -0.09672], [28.77681, -0.09672], [28.77681, -0.09824], [28.77762, -0.09895], [28.77873, -0.09884], [28.77995, -0.09915], [28.78106, -0.09966], [28.78218, -0.10067], [28.7835, -0.10107], [28.7838, -0.09986], [28.78481, -0.09986], [28.78664, -0.09976], [28.78765, -0.10057], [28.78877, -0.10118], [28.78957, -0.10148], [28.78897, -0.10228], [28.78836, -0.10349], [28.78836, -0.1035], [28.78836, -0.10351], [28.78887, -0.10432], [28.79019, -0.10401], [28.7913, -0.1033], [28.79221, -0.103], [28.79353, -0.10199], [28.79464, -0.10087], [28.79475, -0.10016], [28.79505, -0.09874], [28.79596, -0.09874], [28.79738, -0.09864], [28.79738, -0.09863], [28.79738, -0.09773], [28.79748, -0.09682], [28.79829, -0.0954], [28.7988, -0.09449], [28.7988, -0.09448], [28.7988, -0.09447], [28.7984, -0.09337], [28.7991, -0.09246], [28.80022, -0.09216], [28.80123, -0.09287], [28.80255, -0.09337], [28.80306, -0.09205], [28.80417, -0.09074], [28.80427, -0.08932], [28.80447, -0.0881], [28.80529, -0.08749], [28.8064, -0.0876], [28.80782, -0.0876], [28.80873, -0.08668], [28.81066, -0.08618], [28.81238, -0.08658], [28.81268, -0.08557], [28.8142, -0.08476], [28.81572, -0.08395], [28.81826, -0.08516], [28.82059, -0.08526], [28.82241, -0.08385], [28.82424, -0.08314], [28.82738, -0.08263], [28.829, -0.08334], [28.83062, -0.08405], [28.83184, -0.08415], [28.83346, -0.08283], [28.83467, -0.08304], [28.83609, -0.08314], [28.8369, -0.08233], [28.83711, -0.08111], [28.83853, -0.08111], [28.83924, -0.07969], [28.83924, -0.07968], [28.83924, -0.07968], [28.83924, -0.07817], [28.83964, -0.07756], [28.84055, -0.07756], [28.84116, -0.07706], [28.84116, -0.07704], [28.84116, -0.07704], [28.84116, -0.07562], [28.84116, -0.07412], [28.84217, -0.07462], [28.84288, -0.07543], [28.844, -0.07574], [28.844, -0.07696], [28.84491, -0.07756], [28.84633, -0.07706], [28.84694, -0.07584], [28.84755, -0.07473], [28.84876, -0.07462], [28.84967, -0.07422], [28.85048, -0.07452], [28.8518, -0.07483], [28.85271, -0.07371], [28.85434, -0.07371], [28.85636, -0.07371], [28.85778, -0.07361], [28.85809, -0.0725], [28.85808, -0.07249], [28.85809, -0.07248], [28.85677, -0.07157], [28.85707, -0.07057], [28.85768, -0.06925], [28.85859, -0.06814], [28.85981, -0.06875], [28.85981, -0.07057], [28.86062, -0.07148], [28.86102, -0.07259], [28.86072, -0.0735], [28.86072, -0.0735], [28.86072, -0.07351], [28.86113, -0.07462], [28.86224, -0.07554], [28.86336, -0.07614], [28.86427, -0.07736], [28.86447, -0.07857], [28.86427, -0.07978], [28.86427, -0.07978], [28.86427, -0.07979], [28.86558, -0.0801], [28.86629, -0.0807], [28.86761, -0.08081], [28.86873, -0.0805], [28.86873, -0.08049], [28.86994, -0.0812], [28.87207, -0.08272], [28.87339, -0.08444], [28.87349, -0.08657], [28.87369, -0.089], [28.87471, -0.09042], [28.87562, -0.09235], [28.87724, -0.09316], [28.87775, -0.09559], [28.87775, -0.0967], [28.87775, -0.09873], [28.87876, -0.09964], [28.87987, -0.10106], [28.87998, -0.10268], [28.88018, -0.10441], [28.88018, -0.10593], [28.88048, -0.10947], [28.8822, -0.11211], [28.88433, -0.11353], [28.88565, -0.11495], [28.88697, -0.11647], [28.88717, -0.1187], [28.88768, -0.12042], [28.8893, -0.12204], [28.89062, -0.12336], [28.89051, -0.12498], [28.88991, -0.12589], [28.88859, -0.1266], [28.88717, -0.12771], [28.88616, -0.12923], [28.88616, -0.13106], [28.88636, -0.13136], [28.88606, -0.13238], [28.88454, -0.13339], [28.88439, -0.13471], [28.88225, -0.13805], [28.88011, -0.13995], [28.87844, -0.14233], [28.87725, -0.14471], [28.87725, -0.14685], [28.87654, -0.14947], [28.87963, -0.14947], [28.8832, -0.15113], [28.88511, -0.15351], [28.88606, -0.15637], [28.88844, -0.15851], [28.89201, -0.16017], [28.89534, -0.16017], [28.89843, -0.15827], [28.90343, -0.15875], [28.90962, -0.15875], [28.91271, -0.15661], [28.91652, -0.15542], [28.92151, -0.15375], [28.92508, -0.15113], [28.93151, -0.14899], [28.93579, -0.14828], [28.9415, -0.14828], [28.94555, -0.14661], [28.94792, -0.14566], [28.95292, -0.14495], [28.95506, -0.1428], [28.95649, -0.1428], [28.95839, -0.14399], [28.96173, -0.14376], [28.96529, -0.14423], [28.96982, -0.14828], [28.97243, -0.15185], [28.97505, -0.15684], [28.97844, -0.15916], [28.9813, -0.15916], [28.98558, -0.16166], [28.99058, -0.16773], [28.99379, -0.1713], [29.00093, -0.17594], [29.00592, -0.17951], [29.00985, -0.18343], [29.01639, -0.18392], [29.01851, -0.18392], [29.0198, -0.18392], [29.02144, -0.18263], [29.02472, -0.18228], [29.02895, -0.18064], [29.03399, -0.18005], [29.03927, -0.17653], [29.04221, -0.1729], [29.04678, -0.17102], [29.04866, -0.1709], [29.05195, -0.1709], [29.055, -0.17172], [29.05758, -0.17172], [29.06004, -0.17172], [29.06169, -0.1709], [29.06298, -0.16949], [29.06439, -0.16726], [29.06697, -0.16539], [29.06826, -0.16445], [29.0699, -0.16316], [29.07225, -0.16245], [29.07588, -0.16233], [29.07964, -0.16093], [29.08175, -0.16163], [29.08281, -0.16316], [29.0848, -0.1648], [29.08703, -0.16539], [29.08785, -0.16679], [29.08914, -0.16679], [29.09067, -0.16503], [29.09184, -0.16445], [29.09313, -0.16445], [29.09489, -0.16456], [29.09736, -0.16585], [29.09923, -0.16644], [29.10158, -0.16703], [29.10369, -0.16726], [29.10545, -0.16656], [29.10581, -0.16585], [29.10686, -0.16468], [29.10768, -0.16409], [29.10803, -0.16292], [29.10897, -0.16198], [29.11179, -0.16269], [29.11238, -0.16409], [29.11355, -0.16468], [29.11508, -0.16515], [29.1166, -0.16609], [29.11871, -0.16703], [29.1193, -0.16808], [29.12082, -0.16961], [29.1227, -0.17055], [29.12505, -0.17125], [29.12716, -0.17067], [29.12892, -0.17055], [29.13045, -0.17313], [29.13174, -0.17618], [29.13303, -0.17759], [29.13444, -0.17841], [29.13561, -0.17841], [29.13655, -0.17935], [29.13843, -0.18005], [29.14148, -0.17982], [29.14288, -0.18205], [29.14183, -0.18381], [29.13995, -0.18522], [29.14007, -0.18745], [29.14124, -0.18956], [29.14265, -0.19167], [29.14288, -0.19425], [29.14382, -0.19601], [29.14511, -0.1973], [29.14511, -0.19894], [29.14523, -0.20106], [29.14343, -0.20279], [29.14307, -0.20601], [29.14165, -0.20958], [29.13986, -0.21314], [29.13665, -0.216], [29.13272, -0.21778], [29.12915, -0.221], [29.12451, -0.22635], [29.12202, -0.22956], [29.12059, -0.23385], [29.11987, -0.23706], [29.11702, -0.23777], [29.11452, -0.24206], [29.11095, -0.24527], [29.10845, -0.24848], [29.10845, -0.25205], [29.10952, -0.25562], [29.11131, -0.26026], [29.11059, -0.26347], [29.11238, -0.26597], [29.11559, -0.2699], [29.11736, -0.27237], [29.11849, -0.27211], [29.12005, -0.27306], [29.12143, -0.27306], [29.12282, -0.2735], [29.12446, -0.27462], [29.12611, -0.27479], [29.12749, -0.27445], [29.1287, -0.27324], [29.12948, -0.2722], [29.13018, -0.2709], [29.13139, -0.27012], [29.13312, -0.27012], [29.13416, -0.26969], [29.1352, -0.26865], [29.13624, -0.26813], [29.13693, -0.26657], [29.13762, -0.2657], [29.13831, -0.26492], [29.13918, -0.26501], [29.13996, -0.26492], [29.14074, -0.26397], [29.1416, -0.26267], [29.1416, -0.26163], [29.14212, -0.26059], [29.14212, -0.25956], [29.14273, -0.25843], [29.14377, -0.25748], [29.14463, -0.25722], [29.14507, -0.25748], [29.14671, -0.25808], [29.14853, -0.25774], [29.14931, -0.25696], [29.15026, -0.25592], [29.15061, -0.25479], [29.15078, -0.25289], [29.1513, -0.25176], [29.15147, -0.25072], [29.15156, -0.24951], [29.15269, -0.24951], [29.15416, -0.24994], [29.15537, -0.24969], [29.15598, -0.24873], [29.15684, -0.24761], [29.15797, -0.24605], [29.15814, -0.24518], [29.15935, -0.24466], [29.16065, -0.24432], [29.16152, -0.24371], [29.16212, -0.24319], [29.16299, -0.24207], [29.16403, -0.24111], [29.16498, -0.2399], [29.16576, -0.23947], [29.16723, -0.23895], [29.16784, -0.23843], [29.16879, -0.23774], [29.16957, -0.23678], [29.17052, -0.23678], [29.17191, -0.23661], [29.17295, -0.23626], [29.17373, -0.23583], [29.17485, -0.23583], [29.17589, -0.23566], [29.17641, -0.23566], [29.17866, -0.23575], [29.17996, -0.23687], [29.18109, -0.23713], [29.1823, -0.2373], [29.18334, -0.238], [29.1842, -0.23947], [29.1855, -0.24085], [29.18689, -0.2425], [29.18775, -0.24328], [29.18914, -0.24388], [29.19026, -0.24432], [29.19148, -0.2444], [29.1926, -0.2444], [29.19399, -0.2444], [29.19511, -0.2451], [29.19598, -0.24622], [29.19676, -0.24709], [29.19797, -0.24735], [29.19913, -0.24693], [29.20006, -0.24664], [29.2007, -0.24586], [29.20106, -0.24479], [29.20163, -0.244], [29.20234, -0.243], [29.20291, -0.24236], [29.20377, -0.24236], [29.20441, -0.24172], [29.20491, -0.24086], [29.20534, -0.23957], [29.20584, -0.23815], [29.2067, -0.2375], [29.20748, -0.23593], [29.20848, -0.23593], [29.20941, -0.23558], [29.21027, -0.23558], [29.21112, -0.23558], [29.21155, -0.23508], [29.21176, -0.23401], [29.21198, -0.23286], [29.21269, -0.23244], [29.21398, -0.23244], [29.21483, -0.23258], [29.21569, -0.23236], [29.21612, -0.23158], [29.21669, -0.23079], [29.21719, -0.22987], [29.21797, -0.22858], [29.21847, -0.2273], [29.21933, -0.2263], [29.21969, -0.22466], [29.2204, -0.22344], [29.22083, -0.2218], [29.2209, -0.2203], [29.22147, -0.21909], [29.22154, -0.21816], [29.22047, -0.21702], [29.22104, -0.21609], [29.22162, -0.21509], [29.22311, -0.21388], [29.22447, -0.21381], [29.2259, -0.21345], [29.22675, -0.21281], [29.22768, -0.21216], [29.2284, -0.21173], [29.22897, -0.21109], [29.22968, -0.20995], [29.23068, -0.20874], [29.23189, -0.20874], [29.23289, -0.20881], [29.23439, -0.20931], [29.23575, -0.20931], [29.23718, -0.20995], [29.23789, -0.21038], [29.2391, -0.20974], [29.24089, -0.20966], [29.24232, -0.20995], [29.24439, -0.21016], [29.24539, -0.20974], [29.24553, -0.20859], [29.2461, -0.20688], [29.24674, -0.20567], [29.24796, -0.20524], [29.24881, -0.20453], [29.2486, -0.2036], [29.2486, -0.20238], [29.24867, -0.20117], [29.24931, -0.20088], [29.25045, -0.20031], [29.25117, -0.19946], [29.25202, -0.19853], [29.25331, -0.19767], [29.25452, -0.19767], [29.25616, -0.19767], [29.25752, -0.19796], [29.25873, -0.19796], [29.26031, -0.19789], [29.26152, -0.19767], [29.26288, -0.1976], [29.26423, -0.1976], [29.26516, -0.19767], [29.26644, -0.19746], [29.2673, -0.19867], [29.26809, -0.2006], [29.26944, -0.20188], [29.2713, -0.20217], [29.27294, -0.20238], [29.27451, -0.20253], [29.27608, -0.20267], [29.27665, -0.2021], [29.27729, -0.20138], [29.27837, -0.2016], [29.27936, -0.20245], [29.28044, -0.20153], [29.28108, -0.20131], [29.28158, -0.20031], [29.28258, -0.19974], [29.28329, -0.19867], [29.28436, -0.19824], [29.285, -0.19753], [29.28607, -0.19817], [29.28736, -0.19789], [29.28822, -0.19724], [29.28979, -0.1966], [29.29093, -0.19596], [29.29167, -0.19558], [29.29267, -0.19479], [29.29382, -0.19486], [29.29503, -0.19486], [29.29581, -0.19401], [29.29653, -0.19301], [29.29746, -0.19294], [29.29831, -0.19258], [29.2991, -0.19151], [29.3006, -0.19144], [29.30145, -0.19122], [29.30238, -0.19101], [29.30331, -0.19022], [29.30452, -0.18944], [29.30581, -0.18922], [29.30716, -0.18851], [29.30916, -0.18872], [29.31016, -0.18887], [29.31145, -0.18872], [29.31288, -0.18908], [29.31359, -0.1888], [29.31409, -0.1878], [29.3148, -0.18744], [29.31573, -0.18723], [29.31752, -0.18723], [29.3188, -0.18708], [29.32037, -0.18708], [29.32201, -0.18694], [29.32373, -0.18687], [29.3248, -0.18673], [29.32523, -0.18651], [29.32637, -0.18665], [29.32758, -0.18637], [29.32794, -0.18601], [29.32865, -0.18487], [29.32872, -0.18401], [29.32908, -0.18344], [29.32951, -0.18251], [29.33029, -0.18209], [29.33144, -0.18209], [29.33251, -0.18323], [29.33343, -0.18501], [29.33443, -0.1858], [29.33543, -0.1868], [29.33658, -0.18687], [29.33757, -0.18694], [29.33836, -0.18651], [29.33936, -0.1863], [29.34057, -0.18673], [29.34114, -0.18737], [29.34236, -0.18794], [29.34264, -0.18965], [29.34329, -0.19165], [29.34428, -0.19237], [29.34543, -0.19244], [29.34635, -0.19308], [29.347, -0.19422], [29.34728, -0.19536], [29.34728, -0.19693], [29.34835, -0.19858], [29.34992, -0.19965], [29.35049, -0.20057], [29.35157, -0.20157], [29.35264, -0.20236], [29.35278, -0.20264], [29.35321, -0.20457], [29.35264, -0.20557], [29.35185, -0.206], [29.35057, -0.20693], [29.35042, -0.20781], [29.35035, -0.20821], [29.3489, -0.2092], [29.34878, -0.20928], [29.34757, -0.21043], [29.34757, -0.21178], [29.34678, -0.21307], [29.34585, -0.21471], [29.34493, -0.21535], [29.3435, -0.21664], [29.3435, -0.21792], [29.34421, -0.21963], [29.34378, -0.22135], [29.34279, -0.2222], [29.34093, -0.22392], [29.34, -0.22513], [29.33829, -0.22606], [29.33665, -0.22749], [29.33658, -0.22913], [29.3365, -0.23134], [29.33665, -0.23255], [29.336, -0.2342], [29.33486, -0.2352], [29.33379, -0.23627], [29.33329, -0.23698], [29.33329, -0.23805], [29.33265, -0.23926], [29.33179, -0.23998], [29.33029, -0.24055], [29.32922, -0.24162], [29.32865, -0.24283], [29.32787, -0.24405], [29.32737, -0.24519], [29.32615, -0.24612], [29.32608, -0.24733], [29.32515, -0.2484], [29.32465, -0.2499], [29.32408, -0.25119], [29.32308, -0.25183], [29.32201, -0.25311], [29.3203, -0.25454], [29.31973, -0.25575], [29.31966, -0.25704], [29.3188, -0.25825], [29.31816, -0.25918], [29.31659, -0.25947], [29.3158, -0.26054], [29.31509, -0.26096], [29.3138, -0.26196], [29.3133, -0.26304], [29.31195, -0.26411], [29.31073, -0.26503], [29.30966, -0.26568], [29.30874, -0.26668], [29.30766, -0.2676], [29.30759, -0.2686], [29.30738, -0.26982], [29.30695, -0.27117], [29.30681, -0.27246], [29.30588, -0.27281], [29.30509, -0.27381], [29.30502, -0.27503], [29.30402, -0.27631], [29.30388, -0.2776], [29.30388, -0.27874], [29.30374, -0.28045], [29.30367, -0.28124], [29.30367, -0.28274], [29.30367, -0.28388], [29.30374, -0.28495], [29.30352, -0.28666], [29.3031, -0.28788], [29.30324, -0.28952], [29.3041, -0.29109], [29.3036, -0.29295], [29.30374, -0.29444], [29.30417, -0.29551], [29.30574, -0.29623], [29.30545, -0.2978], [29.30538, -0.2988], [29.30617, -0.30094], [29.30552, -0.30215], [29.30552, -0.30294], [29.30617, -0.30387], [29.30617, -0.30529], [29.30681, -0.30679], [29.30574, -0.30779], [29.30559, -0.30936], [29.30467, -0.31179], [29.30424, -0.31365], [29.30517, -0.31465], [29.30538, -0.31586], [29.30567, -0.31743], [29.30567, -0.31893], [29.30557, -0.31989], [29.30842, -0.32036], [29.31032, -0.32013], [29.31294, -0.31894], [29.31532, -0.31822], [29.31746, -0.31608], [29.32032, -0.31608], [29.3227, -0.31822], [29.32413, -0.31965], [29.32651, -0.31965], [29.32793, -0.32084], [29.32817, -0.32298], [29.33174, -0.32298], [29.33174, -0.32465], [29.33079, -0.32631], [29.32817, -0.32655], [29.32622, -0.32805], [29.32614, -0.3296], [29.3266, -0.33006], [29.32684, -0.33099], [29.32861, -0.3313], [29.32985, -0.33153], [29.33062, -0.33231], [29.33024, -0.33316], [29.33093, -0.33377], [29.33086, -0.33463], [29.33117, -0.3354], [29.3324, -0.33563], [29.33372, -0.33563], [29.33488, -0.33594], [29.33588, -0.33633], [29.33673, -0.33741], [29.33774, -0.33818], [29.33913, -0.33841], [29.34014, -0.33841], [29.34137, -0.33764], [29.34238, -0.33911], [29.34246, -0.33996], [29.34191, -0.34112], [29.34161, -0.34267], [29.34122, -0.34383], [29.34122, -0.34522], [29.34215, -0.34576], [29.34354, -0.34584], [29.34439, -0.34592], [29.34439, -0.34692], [29.34315, -0.3487], [29.34246, -0.35032], [29.34122, -0.3521], [29.33936, -0.35295], [29.33813, -0.35388], [29.33712, -0.35504], [29.3365, -0.35674], [29.3355, -0.3579], [29.33457, -0.35929], [29.33457, -0.36038], [29.33457, -0.36177], [29.33472, -0.36293], [29.33496, -0.36409], [29.3348, -0.36525], [29.3338, -0.36594], [29.33287, -0.36641], [29.33287, -0.3676], [29.33226, -0.36943], [29.33192, -0.37047], [29.33183, -0.37134], [29.33131, -0.37291], [29.33105, -0.37422], [29.33, -0.3763], [29.32835, -0.37865], [29.32696, -0.37874], [29.32643, -0.37961], [29.32704, -0.38066], [29.32757, -0.38196], [29.32852, -0.38257], [29.32965, -0.38309], [29.33018, -0.38457], [29.33105, -0.38544], [29.33166, -0.38666], [29.33174, -0.3877], [29.33313, -0.38797], [29.33392, -0.38875], [29.33461, -0.38945], [29.33418, -0.39084], [29.33331, -0.39206], [29.33331, -0.39327], [29.33487, -0.39336], [29.33618, -0.39336], [29.33766, -0.39336], [29.33862, -0.39388], [29.33896, -0.39528], [29.33836, -0.39719], [29.33827, -0.39884], [29.33722, -0.39954], [29.33566, -0.39989], [29.33531, -0.40102], [29.33548, -0.40198], [29.33627, -0.40363], [29.33566, -0.4045], [29.3347, -0.40537], [29.33453, -0.40615], [29.33366, -0.40667], [29.33366, -0.40746], [29.3327, -0.40789], [29.33244, -0.40842], [29.33235, -0.40972], [29.33166, -0.41137], [29.33279, -0.41242], [29.334, -0.41285], [29.33505, -0.41233], [29.3367, -0.41172], [29.33714, -0.4139], [29.33557, -0.41468], [29.3354, -0.41573], [29.33653, -0.41651], [29.33592, -0.4172], [29.33635, -0.41799], [29.3367, -0.41877], [29.33601, -0.41938], [29.33627, -0.42025], [29.33714, -0.42025], [29.33836, -0.42103], [29.33905, -0.42199], [29.33827, -0.42338], [29.33914, -0.42417], [29.34036, -0.42417], [29.34088, -0.42495], [29.3401, -0.42582], [29.33905, -0.42573], [29.33862, -0.42608], [29.33853, -0.42712], [29.33923, -0.42808], [29.33966, -0.42887], [29.34071, -0.42887], [29.34105, -0.42974], [29.34105, -0.43087], [29.34036, -0.43235], [29.33975, -0.43348], [29.3394, -0.4353], [29.34184, -0.43539], [29.34279, -0.43539], [29.3434, -0.43548], [29.34445, -0.43548], [29.3448, -0.43591], [29.34453, -0.4367], [29.34462, -0.438], [29.34375, -0.4387], [29.34392, -0.43939], [29.34497, -0.43913], [29.3454, -0.43966], [29.3454, -0.44079], [29.34497, -0.44201], [29.34514, -0.44279], [29.34662, -0.44296], [29.34732, -0.44375], [29.34845, -0.44488], [29.34958, -0.44522], [29.34958, -0.44636], [29.35054, -0.4467], [29.35167, -0.44636], [29.35245, -0.44583], [29.35437, -0.44566], [29.35454, -0.4461], [29.35524, -0.44688], [29.35576, -0.44801], [29.35637, -0.44836], [29.3575, -0.44949], [29.3582, -0.44984], [29.35924, -0.45149], [29.35994, -0.4528], [29.35976, -0.45401], [29.35854, -0.45462], [29.35854, -0.45584], [29.35863, -0.45628], [29.35872, -0.45758], [29.35811, -0.45863], [29.35767, -0.46045], [29.35785, -0.46089], [29.35898, -0.46132], [29.3602, -0.46141], [29.36185, -0.4615], [29.36298, -0.4615], [29.36385, -0.46176], [29.36394, -0.46237], [29.36368, -0.46333], [29.3642, -0.46402], [29.3642, -0.46472], [29.36448, -0.46496], [29.36464, -0.46423], [29.36983, -0.46907], [29.37453, -0.47109], [29.37857, -0.47445], [29.38193, -0.47647], [29.38932, -0.48252], [29.39537, -0.48991], [29.40815, -0.49865], [29.42495, -0.50739], [29.431, -0.51143], [29.44243, -0.52084], [29.45789, -0.5242], [29.46142, -0.52455], [29.46955, -0.52788], [29.48055, -0.53093], [29.49155, -0.5346], [29.50011, -0.54254], [29.51172, -0.55171], [29.52883, -0.5621], [29.54045, -0.56699], [29.56061, -0.57494], [29.57039, -0.57983], [29.57895, -0.58227], [29.58554, -0.58441], [29.58447, -0.58536], [29.58164, -0.59015], [29.58008, -0.59251], [29.57779, -0.5946], [29.57704, -0.5965], [29.57333, -0.60247], [29.57229, -0.60531], [29.5717, -0.60634], [29.57086, -0.60718], [29.56802, -0.6093], [29.5643, -0.61377], [29.56015, -0.61804], [29.55894, -0.6191], [29.55566, -0.62066], [29.55395, -0.62105], [29.5526, -0.62096], [29.5489, -0.62023], [29.54613, -0.62038], [29.54102, -0.62077], [29.53442, -0.62056], [29.52723, -0.6196], [29.52284, -0.61829], [29.52163, -0.61824], [29.5174, -0.61649], [29.51672, -0.61643], [29.51606, -0.61656], [29.51569, -0.61696], [29.51561, -0.61736], [29.51627, -0.61818], [29.51913, -0.61938], [29.52488, -0.62081], [29.52565, -0.62163], [29.526, -0.62227], [29.52488, -0.62324], [29.51508, -0.62856], [29.50686, -0.63447], [29.49921, -0.64111], [29.4978, -0.64189], [29.49369, -0.64362], [29.49183, -0.64497], [29.48866, -0.64701], [29.48748, -0.64732], [29.48654, -0.64727], [29.48566, -0.64692], [29.48501, -0.64643], [29.48379, -0.64412], [29.48321, -0.64343], [29.48117, -0.64268], [29.48045, -0.64207], [29.47999, -0.64124], [29.47992, -0.64016], [29.4803, -0.6361], [29.48099, -0.63321], [29.48088, -0.63212], [29.47973, -0.62983], [29.47667, -0.62568], [29.476, -0.62504], [29.47493, -0.62467], [29.47363, -0.62604], [29.47286, -0.6263], [29.47242, -0.626], [29.47198, -0.62493], [29.47171, -0.6247], [29.47097, -0.62456], [29.46848, -0.62453], [29.46731, -0.62419], [29.4669, -0.62384], [29.46707, -0.62318], [29.46766, -0.62242], [29.47089, -0.62148], [29.47158, -0.62104], [29.47203, -0.62054], [29.47234, -0.61936], [29.47236, -0.61773], [29.4719, -0.61617], [29.47127, -0.61529], [29.47075, -0.61515], [29.46898, -0.61529], [29.46821, -0.61519], [29.46757, -0.61468], [29.46613, -0.61305], [29.46562, -0.61294], [29.4648, -0.61309], [29.46401, -0.61363], [29.46369, -0.6141], [29.46481, -0.6156], [29.46507, -0.61773], [29.46346, -0.61759], [29.46213, -0.61644], [29.46013, -0.61556], [29.45948, -0.61513], [29.45918, -0.61468], [29.45893, -0.61387], [29.45903, -0.61239], [29.45886, -0.61173], [29.45792, -0.61025], [29.45663, -0.60919], [29.45457, -0.60856], [29.45402, -0.60814], [29.4536, -0.60761], [29.4535, -0.6072], [29.45357, -0.6068], [29.45454, -0.60586], [29.45351, -0.60478], [29.45362, -0.6037], [29.45348, -0.60331], [29.44865, -0.60115], [29.44799, -0.60085], [29.44764, -0.60065], [29.44731, -0.60046], [29.43638, -0.59411], [29.42697, -0.59008], [29.42025, -0.58268], [29.4189, -0.56722], [29.41487, -0.55848], [29.40748, -0.54974], [29.40008, -0.54773], [29.3973, -0.54495], [29.39201, -0.53966], [29.38731, -0.53495], [29.38059, -0.52756], [29.37185, -0.52353], [29.36445, -0.51344], [29.35706, -0.50806], [29.3463, -0.50269], [29.33689, -0.49462], [29.33151, -0.48588], [29.3263, -0.47687], [29.32613, -0.47595], [29.32541, -0.47309], [29.32185, -0.47238], [29.32018, -0.47238], [29.31756, -0.47381], [29.30876, -0.46881], [29.30721, -0.46853], [29.30552, -0.46816], [29.30379, -0.46769], [29.30114, -0.46667], [29.29686, -0.46548], [29.29401, -0.46619], [29.28972, -0.46572], [29.28663, -0.46429], [29.2833, -0.46524], [29.27949, -0.4612], [29.27592, -0.45929], [29.2733, -0.45929], [29.26851, -0.45747], [29.26845, -0.45591], [29.26792, -0.45474], [29.26739, -0.45415], [29.26649, -0.45369], [29.26636, -0.45213], [29.2661, -0.45109], [29.26539, -0.45064], [29.26467, -0.45038], [29.26422, -0.44927], [29.26402, -0.44803], [29.26298, -0.4468], [29.26233, -0.44615], [29.26233, -0.44517], [29.26336, -0.44386], [29.26428, -0.44263], [29.26428, -0.44179], [29.26239, -0.44107], [29.26083, -0.44101], [29.26051, -0.4401], [29.25979, -0.43944], [29.25862, -0.43931], [29.25738, -0.43925], [29.25641, -0.4397], [29.25498, -0.43821], [29.25394, -0.43736], [29.25322, -0.43684], [29.25244, -0.43561], [29.25153, -0.43495], [29.25142, -0.43443], [29.25127, -0.43372], [29.25049, -0.43378], [29.24971, -0.43365], [29.24958, -0.43281], [29.24879, -0.43242], [29.24808, -0.43229], [29.24834, -0.4304], [29.24788, -0.42916], [29.24782, -0.42806], [29.24756, -0.4276], [29.24619, -0.4276], [29.2458, -0.42663], [29.24509, -0.42624], [29.24541, -0.42578], [29.24528, -0.42272], [29.24561, -0.42162], [29.24567, -0.41993], [29.24554, -0.41901], [29.2447, -0.41862], [29.2447, -0.41739], [29.24424, -0.41635], [29.2445, -0.4155], [29.24398, -0.41543], [29.24326, -0.41602], [29.24268, -0.41602], [29.24242, -0.41563], [29.24131, -0.41537], [29.24027, -0.4155], [29.23956, -0.41459], [29.23819, -0.41374], [29.23702, -0.41257], [29.23734, -0.41212], [29.23695, -0.41153], [29.23682, -0.41042], [29.23539, -0.40925], [29.23526, -0.40873], [29.23591, -0.40808], [29.23617, -0.40737], [29.23572, -0.40626], [29.23461, -0.40593], [29.23331, -0.40593], [29.23207, -0.40587], [29.23129, -0.40515], [29.23025, -0.40444], [29.2294, -0.40502], [29.22836, -0.40522], [29.22628, -0.40535], [29.22417, -0.4053], [29.22231, -0.40554], [29.22036, -0.40509], [29.21815, -0.40405], [29.21613, -0.40405], [29.21268, -0.4034], [29.21158, -0.40288], [29.21139, -0.40235], [29.21125, -0.40197], [29.21014, -0.40216], [29.20884, -0.40262], [29.20722, -0.40281], [29.20618, -0.40281], [29.20429, -0.40249], [29.2026, -0.40197], [29.19915, -0.40197], [29.19733, -0.40249], [29.19563, -0.40307], [29.19284, -0.40346], [29.19004, -0.40359], [29.18672, -0.40314], [29.18425, -0.40275], [29.18132, -0.40203], [29.18002, -0.4032], [29.1795, -0.4032], [29.17911, -0.40236], [29.17943, -0.40171], [29.17904, -0.40092], [29.178, -0.40092], [29.17664, -0.40118], [29.17494, -0.39956], [29.17494, -0.39897], [29.17598, -0.39832], [29.17779, -0.3963], [29.17808, -0.39539], [29.17794, -0.39409], [29.17703, -0.39338], [29.17618, -0.39292], [29.17455, -0.3926], [29.17293, -0.39325], [29.17252, -0.39265], [29.17245, -0.39165], [29.17295, -0.39079], [29.17059, -0.39043], [29.16852, -0.39229], [29.16745, -0.39229], [29.16631, -0.39215], [29.16552, -0.3925], [29.16453, -0.39215], [29.16445, -0.39136], [29.1616, -0.38901], [29.15981, -0.38994], [29.15903, -0.39015], [29.15824, -0.39029], [29.15739, -0.39008], [29.15617, -0.39058], [29.15617, -0.39143], [29.15546, -0.39201], [29.15489, -0.39186], [29.15453, -0.39108], [29.15453, -0.39029], [29.15532, -0.38929], [29.1556, -0.38794], [29.15532, -0.38715], [29.15432, -0.38644], [29.1541, -0.38544], [29.1546, -0.3848], [29.1546, -0.38401], [29.15553, -0.38394], [29.15724, -0.38308], [29.15774, -0.38251], [29.15753, -0.38151], [29.15689, -0.38058], [29.15689, -0.3798], [29.15766, -0.37987], [29.15846, -0.37994], [29.15924, -0.37937], [29.15889, -0.37773], [29.15846, -0.37709], [29.15739, -0.37609], [29.15753, -0.37459], [29.15803, -0.37359], [29.1581, -0.37273], [29.15789, -0.37209], [29.15689, -0.37209], [29.15589, -0.37138], [29.15567, -0.37102], [29.1566, -0.37066], [29.15724, -0.3698], [29.15724, -0.36888], [29.15674, -0.36852], [29.1546, -0.36895], [29.15275, -0.36895], [29.15182, -0.36781], [29.1511, -0.36773], [29.15068, -0.36888], [29.15125, -0.36995], [29.1526, -0.37109], [29.15296, -0.37152], [29.15275, -0.37273], [29.15146, -0.37245], [29.15046, -0.37245], [29.14946, -0.37252], [29.14918, -0.37188], [29.14854, -0.37123], [29.14682, -0.37109], [29.14582, -0.37109], [29.14532, -0.37195], [29.14468, -0.37209], [29.14425, -0.37116], [29.14161, -0.37109], [29.1413, -0.37074], [29.14004, -0.3698], [29.13933, -0.3698], [29.13926, -0.3708], [29.13997, -0.37173], [29.13961, -0.37245], [29.1379, -0.37181], [29.13697, -0.3713], [29.13569, -0.3718], [29.13469, -0.37195], [29.13333, -0.37202], [29.13233, -0.37245], [29.13124, -0.37266], [29.13017, -0.3727], [29.12726, -0.37266], [29.12562, -0.3723], [29.12441, -0.37188], [29.12191, -0.37195], [29.12034, -0.3723], [29.11674, -0.37236], [29.11484, -0.37259], [29.1081, -0.37309], [29.10417, -0.37309], [29.09275, -0.37273], [29.07633, -0.37095], [29.05563, -0.37059], [29.03222, -0.3626], [29.02529, -0.36024], [29.0078, -0.35596], [29.00209, -0.35167], [28.99531, -0.34846], [28.99031, -0.3481], [28.98532, -0.34632], [28.98467, -0.34782], [28.98331, -0.34873], [28.98241, -0.34978], [28.98015, -0.34978], [28.97964, -0.35143], [28.97955, -0.35355], [28.98, -0.3552], [28.97849, -0.35701], [28.97742, -0.35795], [28.97608, -0.35912], [28.97397, -0.35957], [28.97096, -0.36078], [28.96915, -0.36183], [28.96509, -0.36228], [28.95861, -0.36123], [28.95349, -0.36002], [28.94732, -0.35776], [28.94295, -0.35325], [28.94265, -0.34933], [28.94114, -0.34692], [28.93904, -0.34542], [28.93617, -0.34511], [28.93572, -0.34451], [28.93542, -0.34225], [28.93422, -0.34105], [28.93226, -0.33969], [28.92925, -0.33939], [28.92684, -0.33909], [28.92669, -0.33683], [28.9288, -0.33533], [28.9294, -0.33337], [28.92789, -0.33246], [28.92639, -0.33246], [28.92578, -0.3302], [28.92548, -0.32764], [28.92503, -0.32539], [28.92367, -0.32418], [28.92142, -0.32403], [28.91916, -0.32343], [28.9184, -0.32177], [28.91886, -0.31936], [28.9181, -0.3168], [28.91794, -0.31569], [28.9175, -0.31258], [28.91645, -0.31033], [28.91539, -0.30852], [28.91374, -0.30746], [28.91163, -0.30686], [28.90861, -0.3034], [28.90801, -0.30084], [28.90801, -0.29918], [28.90696, -0.29692], [28.9053, -0.29572], [28.9053, -0.29451], [28.90575, -0.29256], [28.9024, -0.28607], [28.90169, -0.28322], [28.89634, -0.27965], [28.89098, -0.28], [28.88563, -0.28215], [28.88135, -0.28571], [28.87849, -0.28786], [28.87742, -0.29], [28.8739, -0.29256], [28.87216, -0.29403], [28.86984, -0.29607], [28.86843, -0.29563], [28.86561, -0.29563], [28.86495, -0.29504], [28.86346, -0.29452], [28.86235, -0.29459], [28.86084, -0.29491], [28.85991, -0.29481], [28.85842, -0.2937], [28.85672, -0.294], [28.85575, -0.29548], [28.85575, -0.29644], [28.85479, -0.29852], [28.85308, -0.30008], [28.85077, -0.30039], [28.84962, -0.30117], [28.84891, -0.30153], [28.84827, -0.30224], [28.84634, -0.30217], [28.84541, -0.30196], [28.84306, -0.30196], [28.84134, -0.30203], [28.84078, -0.30232], [28.83969, -0.30277], [28.83799, -0.30317], [28.8367, -0.30303], [28.83585, -0.30317], [28.83463, -0.30338], [28.83365, -0.30391], [28.83249, -0.30453], [28.83085, -0.30467], [28.82885, -0.3066], [28.82642, -0.30795], [28.82415, -0.30828], [28.82263, -0.30856], [28.81986, -0.30995], [28.81978, -0.31066], [28.81857, -0.31181], [28.81707, -0.31152], [28.8145, -0.31252], [28.81265, -0.31259], [28.81129, -0.31252], [28.81008, -0.31266], [28.80922, -0.31352], [28.80758, -0.31459], [28.80629, -0.31538], [28.80472, -0.31602], [28.80037, -0.3158], [28.79837, -0.31545], [28.79494, -0.31616], [28.79266, -0.31416], [28.79137, -0.31431], [28.79037, -0.3148], [28.78952, -0.3158], [28.7888, -0.31652], [28.78766, -0.31659], [28.78645, -0.31652], [28.78523, -0.31602], [28.78374, -0.31523], [28.78202, -0.31516], [28.78059, -0.31516], [28.77874, -0.31559], [28.77753, -0.31559], [28.77524, -0.31338], [28.7741, -0.31223], [28.77267, -0.31031], [28.77131, -0.30917], [28.7701, -0.30845], [28.76889, -0.30838], [28.76789, -0.30824], [28.7671, -0.30745], [28.76532, -0.30774], [28.76425, -0.30845], [28.76325, -0.30788], [28.76239, -0.30652], [28.76175, -0.30495], [28.76232, -0.3041], [28.76153, -0.30279], [28.76039, -0.30146], [28.75939, -0.30088], [28.75839, -0.30074], [28.7564, -0.30067], [28.75497, -0.3016], [28.75368, -0.30138], [28.75268, -0.30146], [28.75147, -0.30124], [28.75147, -0.30067], [28.7514, -0.29974], [28.75183, -0.29896], [28.75297, -0.29832], [28.75318, -0.29732], [28.75311, -0.29639], [28.7529, -0.29482], [28.7529, -0.29353], [28.75304, -0.29203], [28.75276, -0.29118], [28.75183, -0.29082], [28.75176, -0.28982], [28.75118, -0.28925], [28.75083, -0.28839], [28.7519, -0.28832], [28.75261, -0.28846], [28.75497, -0.28668], [28.7559, -0.28625], [28.75682, -0.28461], [28.75747, -0.28411], [28.75839, -0.28404], [28.75911, -0.28418], [28.75961, -0.28411], [28.76004, -0.28304], [28.76075, -0.28233], [28.76017, -0.28178], [28.75888, -0.2815], [28.7586, -0.28057], [28.75681, -0.28057], [28.75581, -0.28007], [28.75438, -0.28007], [28.75388, -0.27921], [28.75481, -0.27871], [28.75431, -0.27786], [28.75246, -0.2775], [28.7516, -0.27771], [28.7501, -0.27879], [28.74889, -0.27929], [28.74824, -0.27868], [28.74721, -0.2778], [28.74625, -0.27707], [28.7441, -0.27743], [28.7441, -0.27564], [28.7443, -0.27385], [28.74432, -0.27278], [28.74418, -0.272], [28.7451, -0.27136], [28.74517, -0.27036], [28.74546, -0.26872], [28.74589, -0.26701], [28.74732, -0.26679], [28.7476, -0.26572], [28.74682, -0.26487], [28.74746, -0.26444], [28.74817, -0.26365], [28.74846, -0.26251], [28.7476, -0.26172], [28.74553, -0.26294], [28.74403, -0.26308], [28.74305, -0.26343], [28.74139, -0.2633], [28.74146, -0.26215], [28.74389, -0.26087], [28.74439, -0.25965], [28.74432, -0.25801], [28.74503, -0.25659], [28.74496, -0.2563], [28.74346, -0.25594], [28.74218, -0.25666], [28.74185, -0.25538], [28.74175, -0.2548], [28.74068, -0.25516], [28.73954, -0.25523], [28.73861, -0.25416], [28.73711, -0.25452], [28.73611, -0.2533], [28.73668, -0.25302], [28.73697, -0.25195], [28.73661, -0.25087], [28.7359, -0.24952], [28.73447, -0.24759], [28.73475, -0.24623], [28.73233, -0.24416], [28.7314, -0.24309], [28.73161, -0.24224], [28.73247, -0.24238], [28.73347, -0.24281], [28.7344, -0.24295], [28.73511, -0.24224], [28.73525, -0.24109], [28.73654, -0.24095], [28.73782, -0.24017], [28.73854, -0.23945], [28.73661, -0.23781], [28.73747, -0.23724], [28.73782, -0.23631], [28.73847, -0.2371], [28.73989, -0.2376], [28.74132, -0.23781], [28.74132, -0.23645], [28.74068, -0.23488], [28.74075, -0.23346], [28.74182, -0.23353], [28.74268, -0.23346], [28.7436, -0.2341], [28.7441, -0.23331], [28.74332, -0.23124], [28.74225, -0.23082], [28.74261, -0.2301], [28.74353, -0.22996], [28.74375, -0.22889], [28.74296, -0.22753], [28.74285, -0.22681], [28.74268, -0.22568], [28.74189, -0.22496], [28.74111, -0.22311], [28.74091, -0.22236], [28.74032, -0.22104], [28.74011, -0.22182], [28.73932, -0.22132], [28.73996, -0.21847], [28.73927, -0.21743], [28.73818, -0.21661], [28.73789, -0.21697], [28.73682, -0.21718], [28.73525, -0.21725], [28.7344, -0.2169], [28.73304, -0.21611], [28.73254, -0.21747], [28.7319, -0.21682], [28.73161, -0.2159], [28.73154, -0.21483], [28.73126, -0.21318], [28.7304, -0.21268], [28.73026, -0.21197], [28.73147, -0.21033], [28.73197, -0.20919], [28.73111, -0.20797], [28.72933, -0.20783], [28.72804, -0.20697], [28.72683, -0.20519], [28.72533, -0.20469], [28.72427, -0.20469], [28.72283, -0.20483], [28.72297, -0.2064], [28.72333, -0.20776], [28.72169, -0.20826], [28.72069, -0.20819], [28.72005, -0.20655], [28.72033, -0.20519], [28.71955, -0.20412], [28.71883, -0.20483], [28.71791, -0.20448], [28.71748, -0.20383], [28.71798, -0.20283], [28.71798, -0.20176], [28.71691, -0.20141], [28.71508, -0.20129], [28.71369, -0.20098], [28.71212, -0.20369], [28.7107, -0.20141], [28.70885, -0.20123], [28.70763, -0.20125], [28.70627, -0.20141], [28.70541, -0.20069], [28.70527, -0.19948], [28.70599, -0.19798], [28.70613, -0.19612], [28.70499, -0.19798], [28.70399, -0.19834], [28.70192, -0.19798], [28.7017, -0.19684], [28.7012, -0.19612], [28.69935, -0.19505], [28.69813, -0.19512], [28.69706, -0.19634], [28.69609, -0.19624], [28.69406, -0.19619], [28.69364, -0.19527], [28.69414, -0.19391], [28.69328, -0.19263], [28.69028, -0.19284], [28.68907, -0.19348], [28.68814, -0.19298], [28.68721, -0.19341], [28.68564, -0.19398], [28.68457, -0.19448], [28.68357, -0.19434], [28.68357, -0.1937], [28.68464, -0.1922], [28.68407, -0.19134], [28.68357, -0.18991], [28.68221, -0.18977], [28.68221, -0.18799], [28.6815, -0.18834], [28.67986, -0.18906], [28.67872, -0.18799], [28.67836, -0.18706], [28.67729, -0.1862], [28.67629, -0.18606], [28.67479, -0.18791], [28.67615, -0.1892], [28.67622, -0.19063], [28.67522, -0.19155], [28.67315, -0.1907], [28.67308, -0.18977], [28.67158, -0.18791], [28.66987, -0.18777], [28.66858, -0.18699], [28.66708, -0.18663], [28.66544, -0.18606], [28.66405, -0.18352], [28.66294, -0.18149], [28.66201, -0.1817], [28.6608, -0.18142], [28.65959, -0.18063], [28.6591, -0.17986], [28.65832, -0.17887], [28.65759, -0.17806], [28.65709, -0.17678], [28.6563, -0.17578], [28.65545, -0.17549], [28.6543, -0.17449], [28.65309, -0.17307], [28.65252, -0.17192], [28.65238, -0.17057], [28.65155, -0.17002], [28.65054, -0.16914], [28.64759, -0.16621], [28.64631, -0.16536], [28.64645, -0.16371], [28.64617, -0.16243], [28.64559, -0.162], [28.64502, -0.161], [28.64488, -0.15972], [28.64402, -0.15822], [28.64345, -0.15601], [28.64338, -0.15451], [28.64418, -0.15333], [28.64502, -0.15187], [28.64438, -0.15151], [28.64338, -0.15194], [28.6416, -0.15208], [28.64145, -0.15008], [28.64067, -0.14908], [28.63938, -0.1483], [28.63739, -0.14851], [28.63674, -0.14787], [28.63582, -0.14737], [28.63524, -0.14737], [28.63332, -0.1463], [28.63253, -0.14551], [28.63103, -0.14601], [28.63025, -0.14587], [28.6291, -0.14594], [28.62853, -0.14665], [28.6296, -0.14837], [28.62946, -0.14958], [28.63032, -0.15022], [28.63146, -0.15065], [28.63217, -0.15151], [28.63217, -0.15222], [28.63317, -0.15344], [28.63317, -0.15465], [28.6321, -0.15493], [28.63046, -0.15643], [28.6306, -0.15722], [28.63139, -0.158], [28.63196, -0.159], [28.63053, -0.16], [28.6291, -0.15936], [28.62918, -0.15843], [28.62903, -0.15743], [28.62618, -0.15601], [28.62425, -0.15465], [28.62304, -0.15515], [28.62247, -0.15465], [28.62111, -0.15486], [28.6201, -0.15539], [28.61914, -0.15617], [28.61811, -0.15708], [28.61754, -0.15786], [28.61747, -0.15872], [28.61754, -0.15965], [28.61661, -0.16107], [28.61568, -0.16093], [28.6147, -0.16022], [28.6134, -0.1595], [28.61154, -0.16], [28.60997, -0.15986], [28.60955, -0.161], [28.6089, -0.162], [28.60805, -0.16214], [28.60683, -0.16264], [28.60569, -0.16207], [28.60305, -0.1615], [28.60176, -0.16207], [28.60141, -0.16143], [28.60005, -0.16136], [28.59927, -0.16186], [28.59827, -0.16314], [28.5967, -0.16357], [28.59434, -0.16357], [28.59291, -0.16286], [28.59256, -0.16114], [28.59063, -0.16007], [28.5892, -0.1595], [28.58827, -0.15972], [28.58742, -0.15893], [28.58677, -0.15786], [28.58513, -0.1575], [28.58406, -0.1575], [28.58278, -0.15643], [28.58242, -0.15722], [28.58113, -0.15865], [28.57992, -0.15936], [28.57814, -0.15865], [28.57707, -0.15786], [28.57628, -0.15836], [28.57485, -0.159], [28.57278, -0.15886], [28.57157, -0.16072], [28.57157, -0.162], [28.57235, -0.163], [28.57293, -0.16414], [28.572, -0.16479], [28.57057, -0.16464], [28.56871, -0.16464], [28.56729, -0.165], [28.56636, -0.16571], [28.56743, -0.16628], [28.56829, -0.16728], [28.56857, -0.16893], [28.56743, -0.16914], [28.56679, -0.16807], [28.56514, -0.16764], [28.56429, -0.16786], [28.56457, -0.16835], [28.56472, -0.16935], [28.56457, -0.17114], [28.56379, -0.17335], [28.56279, -0.17471], [28.56122, -0.17442], [28.56001, -0.17385], [28.56051, -0.17228], [28.55958, -0.17121], [28.55822, -0.17078], [28.55701, -0.17214], [28.55579, -0.17321], [28.55422, -0.17299], [28.55422, -0.172], [28.55308, -0.17178], [28.5518, -0.17221], [28.55065, -0.17299], [28.54901, -0.17357], [28.54723, -0.17378], [28.5463, -0.17435], [28.54623, -0.17578], [28.54687, -0.17728], [28.54723, -0.17906], [28.54773, -0.1807], [28.54659, -0.18106], [28.54487, -0.18056], [28.54402, -0.1807], [28.54287, -0.18185], [28.54273, -0.18306], [28.54187, -0.18392], [28.54073, -0.18413], [28.54009, -0.1852], [28.53859, -0.18534], [28.53759, -0.18406], [28.53645, -0.18342], [28.53581, -0.18263], [28.53573, -0.18149], [28.53673, -0.1812], [28.5383, -0.17999], [28.53838, -0.17856], [28.53474, -0.17664], [28.52974, -0.17699], [28.52781, -0.17606], [28.52718, -0.17558], [28.52588, -0.17457], [28.52538, -0.17535], [28.52438, -0.17599], [28.52253, -0.17664], [28.52017, -0.17714], [28.51775, -0.17692], [28.51639, -0.17628], [28.51568, -0.17571], [28.51396, -0.17656], [28.51189, -0.17635], [28.51168, -0.17714], [28.51175, -0.17842], [28.51125, -0.17928], [28.51096, -0.18042], [28.51025, -0.17985], [28.50925, -0.18042], [28.50947, -0.18142], [28.50918, -0.18285], [28.5079, -0.18313], [28.50732, -0.18263], [28.50575, -0.18249], [28.50468, -0.1832], [28.50425, -0.18741], [28.50297, -0.18913], [28.50233, -0.18913], [28.50047, -0.19091], [28.49994, -0.19228], [28.49931, -0.1916], [28.49902, -0.1904], [28.49788, -0.18926], [28.49868, -0.1884], [28.49919, -0.18714], [28.49794, -0.18634], [28.49697, -0.18646], [28.49445, -0.18372], [28.49417, -0.18143], [28.49348, -0.18126], [28.49257, -0.18149], [28.49171, -0.17932], [28.49114, -0.1796], [28.48948, -0.17989], [28.48743, -0.17915], [28.48517, -0.1788], [28.48332, -0.17829], [28.48235, -0.17829], [28.48292, -0.17629], [28.48343, -0.17475], [28.48212, -0.17355], [28.48149, -0.17207], [28.48218, -0.17104], [28.482, -0.1699], [28.4816, -0.16898], [28.48166, -0.16807], [28.48195, -0.16687], [28.48172, -0.16578], [28.48115, -0.16521], [28.4812, -0.16441], [28.48143, -0.16367], [28.48189, -0.16367], [28.48303, -0.16413], [28.48377, -0.16396], [28.484, -0.16316], [28.48383, -0.16219], [28.48435, -0.16122], [28.48457, -0.15956], [28.48389, -0.15956], [28.48297, -0.1599], [28.48229, -0.15962], [28.4816, -0.15853], [28.48155, -0.15762], [28.48126, -0.15659], [28.48069, -0.15573], [28.48149, -0.15482], [28.48058, -0.15413], [28.47943, -0.15316], [28.47784, -0.15231], [28.47692, -0.15208], [28.47715, -0.15111], [28.47635, -0.15025], [28.47498, -0.15059], [28.47424, -0.1482], [28.47487, -0.14682], [28.47487, -0.14511], [28.47338, -0.14488], [28.47167, -0.14408], [28.46938, -0.14403], [28.4671, -0.14266], [28.46716, -0.14117], [28.46624, -0.14003], [28.46407, -0.14009], [28.46362, -0.13934], [28.46476, -0.13723], [28.46373, -0.13649], [28.46407, -0.13489], [28.46344, -0.13335], [28.46202, -0.13295], [28.46076, -0.13198], [28.46056, -0.13107], [28.4603, -0.12986], [28.4607, -0.12895], [28.46162, -0.12895], [28.46224, -0.12821], [28.4631, -0.12747], [28.4635, -0.12672], [28.46287, -0.12621], [28.46304, -0.12541], [28.46459, -0.12507], [28.46605, -0.12325], [28.46673, -0.12372], [28.47011, -0.1222], [28.47138, -0.12173], [28.47203, -0.12169], [28.47371, -0.12158], [28.47461, -0.12089], [28.47579, -0.11993], [28.47529, -0.11931], [28.47492, -0.1172], [28.47582, -0.1159], [28.47501, -0.115], [28.47535, -0.11454], [28.47619, -0.11494], [28.477, -0.11438], [28.477, -0.11367], [28.47765, -0.11348], [28.47904, -0.11258], [28.47972, -0.11165], [28.47972, -0.11082], [28.47892, -0.10998], [28.47777, -0.11051], [28.47656, -0.10954], [28.47585, -0.1084], [28.47461, -0.10858], [28.47321, -0.1074], [28.47272, -0.10533], [28.47284, -0.10468], [28.47241, -0.10325], [28.47058, -0.10278], [28.46952, -0.10238], [28.46875, -0.10145], [28.47089, -0.09816], [28.47067, -0.09742], [28.47014, -0.09649], [28.47036, -0.09537], [28.46918, -0.09404], [28.46853, -0.09379], [28.46779, -0.09469], [28.4671, -0.09475], [28.46586, -0.09404], [28.46539, -0.09299], [28.46527, -0.09227], [28.46757, -0.09221], [28.46931, -0.09097], [28.46962, -0.09013], [28.46921, -0.08939], [28.46813, -0.08877], [28.46527, -0.08973], [28.46484, -0.08889], [28.46354, -0.08895], [28.4632, -0.08864], [28.46323, -0.08815], [28.46236, -0.08747], [28.45972, -0.08908], [28.4587, -0.08917], [28.45796, -0.08836], [28.45817, -0.08731], [28.45749, -0.08619], [28.45658, -0.08617], [28.4565, -0.08616], [28.45541, -0.08638], [28.45516, -0.08601], [28.45507, -0.08533], [28.45529, -0.08461], [28.45551, -0.08397], [28.45459, -0.08233], [28.45392, -0.08098], [28.45374, -0.08036], [28.45484, -0.08098], [28.4556, -0.08098], [28.45593, -0.08041], [28.45646, -0.0797], [28.45731, -0.07884], [28.45779, -0.07808], [28.45822, -0.07755], [28.45898, -0.07732], [28.45983, -0.07675], [28.46055, -0.07632], [28.46121, -0.0757], [28.46121, -0.07569], [28.46121, -0.07569], [28.46117, -0.07492], [28.46064, -0.07412], [28.46012, -0.07402], [28.45941, -0.07354], [28.45912, -0.07293], [28.45855, -0.07278], [28.45784, -0.07283], [28.45751, -0.07227], [28.45836, -0.07161], [28.45835, -0.0716], [28.45836, -0.07159], [28.45774, -0.07088], [28.45708, -0.07021], [28.45717, -0.06946], [28.45765, -0.06842], [28.45822, -0.06723], [28.45855, -0.06651], [28.45855, -0.0665], [28.45855, -0.0665], [28.45841, -0.06579], [28.45718, -0.06465], [28.45755, -0.06423], [28.45826, -0.06333], [28.45912, -0.0628], [28.46017, -0.06352], [28.46069, -0.06318], [28.46102, -0.06204], [28.4614, -0.06123], [28.46345, -0.05866], [28.46402, -0.05714], [28.46478, -0.05552], [28.4655, -0.05471], [28.46669, -0.05495], [28.46764, -0.05514], [28.46926, -0.05452], [28.47067, -0.05325], [28.47288, -0.05344], [28.4743, -0.05344], [28.47541, -0.05425], [28.47693, -0.05486], [28.47754, -0.05425], [28.47795, -0.05284], [28.47896, -0.05243], [28.48058, -0.05202], [28.48129, -0.05334], [28.48291, -0.05375], [28.48433, -0.05344], [28.48524, -0.05405], [28.48595, -0.05588], [28.48737, -0.05537], [28.48859, -0.05415], [28.48858, -0.05414], [28.48859, -0.05414], [28.48758, -0.05253], [28.48849, -0.05142], [28.49041, -0.05142], [28.49264, -0.05273], [28.49416, -0.05263], [28.49568, -0.05324], [28.49609, -0.05243], [28.49629, -0.05081], [28.49629, -0.0508], [28.49629, -0.0508], [28.49619, -0.04948], [28.49538, -0.04907], [28.49427, -0.04816], [28.49447, -0.04706], [28.49578, -0.04635], [28.49741, -0.04645], [28.49974, -0.04645], [28.50075, -0.04655], [28.50257, -0.04675], [28.50288, -0.04767], [28.50288, -0.04939], [28.50318, -0.05091], [28.5045, -0.0502], [28.50612, -0.0502], [28.50744, -0.05132], [28.50845, -0.05132], [28.51017, -0.05152], [28.5118, -0.05162], [28.51261, -0.05101], [28.51473, -0.05111], [28.51676, -0.05111], [28.51778, -0.0503], [28.51788, -0.04868], [28.51788, -0.04868], [28.51788, -0.04867], [28.51616, -0.04816], [28.51646, -0.04655], [28.51737, -0.04665], [28.51919, -0.04665], [28.52041, -0.04726], [28.52112, -0.04898], [28.52223, -0.04807], [28.52416, -0.04746], [28.52426, -0.04635], [28.52426, -0.04635], [28.52426, -0.04634], [28.52316, -0.04503], [28.52517, -0.04513], [28.52659, -0.04605], [28.52801, -0.04716], [28.52872, -0.04645], [28.52983, -0.04503], [28.53054, -0.04392], [28.53166, -0.04442], [28.53257, -0.04371], [28.53257, -0.0437], [28.53257, -0.0437], [28.53227, -0.04259], [28.53227, -0.04088], [28.53338, -0.04128], [28.53531, -0.04037], [28.53652, -0.04037], [28.53804, -0.04047], [28.53946, -0.04017], [28.53967, -0.03895], [28.53967, -0.03894], [28.53967, -0.03894], [28.53967, -0.03703], [28.54027, -0.03551], [28.54129, -0.03459], [28.54129, -0.03458], [28.54129, -0.03458], [28.54109, -0.03297], [28.54139, -0.03186], [28.54139, -0.03185], [28.54139, -0.03184], [28.54109, -0.02973], [28.5422, -0.02973], [28.54423, -0.03054], [28.54534, -0.03013], [28.54605, -0.02872], [28.54777, -0.02821], [28.5495, -0.02801], [28.55102, -0.02811], [28.55101, -0.02809], [28.55102, -0.02809], [28.55091, -0.02638], [28.55122, -0.02466], [28.55254, -0.02507], [28.55416, -0.02537], [28.55527, -0.02497], [28.55608, -0.02476], [28.5576, -0.02547], [28.55882, -0.02537], [28.56014, -0.02456], [28.56074, -0.02375], [28.56074, -0.02374], [28.56074, -0.02374], [28.56004, -0.02313], [28.55973, -0.02232], [28.55882, -0.02161], [28.55852, -0.02061], [28.55943, -0.02041], [28.56115, -0.02122], [28.56186, -0.02193], [28.56297, -0.02233], [28.56419, -0.02395], [28.5652, -0.02355], [28.56662, -0.02355], [28.56764, -0.02486], [28.56885, -0.02446], [28.57027, -0.02446], [28.57027, -0.02445], [28.57027, -0.02445], [28.57007, -0.02343], [28.56957, -0.02243], [28.56987, -0.02243], [28.57189, -0.02284], [28.57311, -0.02284], [28.57443, -0.02274], [28.57564, -0.02274], [28.57595, -0.02172], [28.57594, -0.02172], [28.57595, -0.02171], [28.57554, -0.02049], [28.57402, -0.01948], [28.57351, -0.01887], [28.57169, -0.01887], [28.57057, -0.01887], [28.57017, -0.01766], [28.57017, -0.01605], [28.57098, -0.01473], [28.5724, -0.01453], [28.57443, -0.01483], [28.57534, -0.01453], [28.57666, -0.01432], [28.57787, -0.01392], [28.57959, -0.01392], [28.58233, -0.01392], [28.58365, -0.01432], [28.58557, -0.01453], [28.58649, -0.01372], [28.58811, -0.01382], [28.59024, -0.01382], [28.59105, -0.01483], [28.59246, -0.01574], [28.59399, -0.01554], [28.59551, -0.01686], [28.59642, -0.01615], [28.59773, -0.01412], [28.59855, -0.0126], [28.59875, -0.01037], [28.60027, -0.00895], [28.60067, -0.00764], [28.60067, -0.00762], [28.60067, -0.00762], [28.60067, -0.00632], [28.60148, -0.00551], [28.6024, -0.00531], [28.60331, -0.00622], [28.60341, -0.00764], [28.60483, -0.00835], [28.60534, -0.00905]]]}}, {"type": "Feature", "properties": {"zone": "Bafwasende", "province": "Tshopo", "confirmed_cases": 7, "confirmed_deaths": 1}, "geometry": {"type": "Polygon", "coordinates": [[[27.37032, 1.58323], [27.36987, 1.5722], [27.37102, 1.56851], [27.37559, 1.56507], [27.3845, 1.56692], [27.39822, 1.56417], [27.41946, 1.57385], [27.43248, 1.57156], [27.443, 1.56214], [27.44621, 1.55686], [27.44699, 1.5546], [27.44965, 1.54697], [27.4492, 1.53524], [27.45146, 1.53168], [27.45607, 1.52444], [27.46248, 1.50903], [27.47826, 1.49295], [27.48032, 1.48766], [27.47827, 1.47662], [27.48028, 1.46548], [27.48112, 1.46082], [27.48262, 1.45288], [27.48401, 1.44627], [27.48836, 1.44121], [27.48898, 1.4404], [27.49202, 1.43639], [27.49431, 1.42604], [27.50026, 1.41892], [27.5062, 1.41616], [27.51625, 1.41525], [27.52129, 1.4102], [27.53387, 1.38951], [27.54393, 1.381], [27.55718, 1.37366], [27.56269, 1.36704], [27.56885, 1.35964], [27.57114, 1.35319], [27.5707, 1.34332], [27.5723, 1.33987], [27.57594, 1.33918], [27.58165, 1.34079], [27.58877, 1.34011], [27.59582, 1.33943], [27.59925, 1.34104], [27.59946, 1.34145], [27.60607, 1.35464], [27.60767, 1.35783], [27.61271, 1.36243], [27.61636, 1.36175], [27.6207, 1.35853], [27.62345, 1.34864], [27.6266, 1.34486], [27.62687, 1.34454], [27.628, 1.34315], [27.63351, 1.34106], [27.63923, 1.34106], [27.64562, 1.34107], [27.65064, 1.34476], [27.66389, 1.34384], [27.67668, 1.35052], [27.68239, 1.35098], [27.70021, 1.34869], [27.71141, 1.33559], [27.71507, 1.33352], [27.72672, 1.33146], [27.73335, 1.32503], [27.73998, 1.32203], [27.75071, 1.32043], [27.75551, 1.31331], [27.76511, 1.3078], [27.77037, 1.30734], [27.77379, 1.30872], [27.78261, 1.30148], [27.77719, 1.28249], [27.76508, 1.25664], [27.76803, 1.24448], [27.78355, 1.22884], [27.77853, 1.22102], [27.75551, 1.21165], [27.75637, 1.19488], [27.75929, 1.18581], [27.77091, 1.14961], [27.73941, 1.12154], [27.73782, 1.10913], [27.7408, 1.09878], [27.73897, 1.09303], [27.74082, 1.06844], [27.7356, 1.06874], [27.73118, 1.06882], [27.73118, 1.06882], [27.72272, 1.06854], [27.71583, 1.06803], [27.7077, 1.06644], [27.70505, 1.06594], [27.70371, 1.06513], [27.68876, 1.06077], [27.68852, 1.05974], [27.68532, 1.05778], [27.6828, 1.05725], [27.67887, 1.05731], [27.67535, 1.05838], [27.67129, 1.05864], [27.66718, 1.05891], [27.66491, 1.05811], [27.66192, 1.05811], [27.65706, 1.05678], [27.6516, 1.05529], [27.65149, 1.05525], [27.64693, 1.05401], [27.6444, 1.05331], [27.64271, 1.05346], [27.64102, 1.05344], [27.63934, 1.05327], [27.63769, 1.05292], [27.63733, 1.05281], [27.63607, 1.05242], [27.63452, 1.05177], [27.63303, 1.05096], [27.63163, 1.05001], [27.63033, 1.04894], [27.63033, 1.04894], [27.62914, 1.04774], [27.62914, 1.04774], [27.62539, 1.04699], [27.62349, 1.04661], [27.62087, 1.04588], [27.61438, 1.04408], [27.61313, 1.04373], [27.61259, 1.04359], [27.61259, 1.04359], [27.61012, 1.04242], [27.60516, 1.04007], [27.6002, 1.03773], [27.59601, 1.03575], [27.59601, 1.03575], [27.5941, 1.03544], [27.59314, 1.035], [27.59191, 1.03444], [27.58406, 1.03012], [27.57805, 1.02768], [27.57602, 1.02686], [27.57602, 1.02686], [27.57103, 1.02739], [27.56664, 1.02671], [27.55992, 1.02566], [27.55247, 1.02368], [27.54144, 1.02074], [27.5286, 1.01733], [27.5252, 1.01642], [27.52233, 1.01553], [27.51059, 1.0119], [27.50356, 1.00973], [27.49573, 1.0073], [27.48499, 1.00398], [27.48099, 1.00274], [27.47469, 0.99874], [27.47469, 0.99874], [27.46086, 0.99342], [27.44437, 0.98996], [27.4415, 0.98936], [27.43486, 0.98797], [27.43445, 0.98602], [27.434, 0.98384], [27.43369, 0.97944], [27.4336, 0.97806], [27.4336, 0.97806], [27.4324, 0.97274], [27.4324, 0.97274], [27.43034, 0.96589], [27.42814, 0.95572], [27.42967, 0.95485], [27.42967, 0.95485], [27.42998, 0.95468], [27.43289, 0.95304], [27.43511, 0.95178], [27.43699, 0.94947], [27.43958, 0.94734], [27.4451, 0.94455], [27.44846, 0.94332], [27.45002, 0.94275], [27.45126, 0.94193], [27.45321, 0.94063], [27.45638, 0.93851], [27.45752, 0.93775], [27.45824, 0.93727], [27.46039, 0.93384], [27.46039, 0.93384], [27.46242, 0.93061], [27.46451, 0.92728], [27.46452, 0.92726], [27.46596, 0.92497], [27.4655, 0.92387], [27.46511, 0.92294], [27.46205, 0.91715], [27.4568, 0.9123], [27.4568, 0.9123], [27.45444, 0.91012], [27.44989, 0.90758], [27.44769, 0.90579], [27.4458, 0.90386], [27.4437, 0.90173], [27.43752, 0.89448], [27.43752, 0.89448], [27.43731, 0.89421], [27.43207, 0.88723], [27.42861, 0.88335], [27.42661, 0.88112], [27.42522, 0.87955], [27.4213, 0.87653], [27.41618, 0.8736], [27.41026, 0.86908], [27.40534, 0.86463], [27.40341, 0.86157], [27.40211, 0.86022], [27.40022, 0.85825], [27.39872, 0.85668], [27.39756, 0.85547], [27.39498, 0.85278], [27.39498, 0.85278], [27.39307, 0.8508], [27.39116, 0.84881], [27.39116, 0.84881], [27.38931, 0.84608], [27.38792, 0.84289], [27.38725, 0.83976], [27.38706, 0.83943], [27.3848, 0.83556], [27.38415, 0.83187], [27.38349, 0.82969], [27.38301, 0.82808], [27.38329, 0.82566], [27.38356, 0.82335], [27.38403, 0.81925], [27.38403, 0.81925], [27.38421, 0.81862], [27.385, 0.81587], [27.38565, 0.81218], [27.3856, 0.80809], [27.3856, 0.80809], [27.38385, 0.80325], [27.38031, 0.79562], [27.3783, 0.79128], [27.37766, 0.78916], [27.37719, 0.787], [27.37708, 0.78626], [27.37687, 0.78481], [27.37679, 0.78366], [27.37671, 0.7826], [27.37672, 0.78038], [27.37672, 0.78038], [27.37689, 0.77818], [27.37723, 0.77599], [27.37737, 0.77537], [27.37772, 0.77383], [27.37799, 0.77264], [27.37811, 0.77212], [27.37835, 0.77038], [27.37837, 0.76999], [27.37844, 0.76862], [27.37838, 0.76687], [27.37822, 0.76551], [27.37817, 0.76512], [27.37817, 0.76512], [27.37782, 0.7634], [27.37759, 0.76263], [27.37732, 0.76172], [27.37719, 0.75935], [27.37722, 0.75799], [27.37723, 0.75699], [27.37744, 0.75463], [27.37763, 0.7534], [27.3778, 0.75229], [27.37809, 0.75105], [27.37833, 0.74998], [27.37902, 0.74772], [27.37944, 0.74663], [27.37987, 0.74551], [27.38081, 0.74396], [27.38081, 0.74396], [27.38161, 0.74233], [27.38224, 0.74062], [27.38271, 0.73887], [27.38271, 0.73887], [27.38301, 0.73708], [27.383, 0.73471], [27.38311, 0.7332], [27.38317, 0.73235], [27.38354, 0.73001], [27.38354, 0.73001], [27.38408, 0.72771], [27.38408, 0.72771], [27.3848, 0.72546], [27.38563, 0.72401], [27.38625, 0.72292], [27.38725, 0.72116], [27.38725, 0.72116], [27.38894, 0.71933], [27.38967, 0.71854], [27.39093, 0.71717], [27.39204, 0.71597], [27.39267, 0.71198], [27.39343, 0.70711], [27.39357, 0.7032], [27.39373, 0.69898], [27.39394, 0.69812], [27.39412, 0.69743], [27.39469, 0.69594], [27.39543, 0.69453], [27.39574, 0.69408], [27.39633, 0.69322], [27.39738, 0.69202], [27.39856, 0.69095], [27.39856, 0.69095], [27.39954, 0.68969], [27.39954, 0.68969], [27.40039, 0.68834], [27.40039, 0.68834], [27.40111, 0.68691], [27.40169, 0.68543], [27.40212, 0.68389], [27.4024, 0.68232], [27.40253, 0.68073], [27.40251, 0.67962], [27.4025, 0.67913], [27.40245, 0.67767], [27.40241, 0.67741], [27.40221, 0.67623], [27.40177, 0.67483], [27.40116, 0.6735], [27.40107, 0.67248], [27.40103, 0.67201], [27.40103, 0.6716], [27.40104, 0.67052], [27.40115, 0.66949], [27.40119, 0.66904], [27.40149, 0.66758], [27.40193, 0.66615], [27.4025, 0.66477], [27.4025, 0.66477], [27.40327, 0.66294], [27.40344, 0.66243], [27.4039, 0.66105], [27.40439, 0.65913], [27.40452, 0.65842], [27.40474, 0.65717], [27.40494, 0.65519], [27.40494, 0.65519], [27.405, 0.6532], [27.40494, 0.6514], [27.4049, 0.64996], [27.40562, 0.6459], [27.40614, 0.64296], [27.40376, 0.6238], [27.39924, 0.61772], [27.39697, 0.61466], [27.39463, 0.61304], [27.39082, 0.61039], [27.39082, 0.61039], [27.38634, 0.60728], [27.38101, 0.60438], [27.37542, 0.6006], [27.37116, 0.59683], [27.37116, 0.59683], [27.3708, 0.59637], [27.36808, 0.59285], [27.36675, 0.59112], [27.36638, 0.59064], [27.36543, 0.58747], [27.36215, 0.58426], [27.35844, 0.57944], [27.35516, 0.57427], [27.35359, 0.57257], [27.35167, 0.57049], [27.34987, 0.56736], [27.34845, 0.5649], [27.34559, 0.5612], [27.34329, 0.5573], [27.34279, 0.55645], [27.34216, 0.55586], [27.34098, 0.55477], [27.33853, 0.5531], [27.33769, 0.55254], [27.33022, 0.54877], [27.3294, 0.54835], [27.32765, 0.54747], [27.32128, 0.54723], [27.32128, 0.54723], [27.32043, 0.54727], [27.31548, 0.54751], [27.3135, 0.54726], [27.31101, 0.54695], [27.30535, 0.54527], [27.30535, 0.54527], [27.29759, 0.54353], [27.29465, 0.54286], [27.29465, 0.54286], [27.29435, 0.5428], [27.29294, 0.54248], [27.29087, 0.54201], [27.28851, 0.54206], [27.28851, 0.54206], [27.28537, 0.54212], [27.28376, 0.5429], [27.28139, 0.54346], [27.28066, 0.54363], [27.27996, 0.54379], [27.27767, 0.54433], [27.27587, 0.5473], [27.27433, 0.54842], [27.27433, 0.54842], [27.27394, 0.54881], [27.27188, 0.55093], [27.26867, 0.55345], [27.26654, 0.55718], [27.26476, 0.56029], [27.26308, 0.55855], [27.26064, 0.55694], [27.25645, 0.55498], [27.25645, 0.55498], [27.25379, 0.55436], [27.24673, 0.54786], [27.23968, 0.53947], [27.23381, 0.5299], [27.23259, 0.52792], [27.23111, 0.5255], [27.22955, 0.52103], [27.22939, 0.51483], [27.22934, 0.51265], [27.23046, 0.50902], [27.23046, 0.50901], [27.2305, 0.50874], [27.23136, 0.50329], [27.22927, 0.49504], [27.22879, 0.49383], [27.22766, 0.49099], [27.22631, 0.48879], [27.22557, 0.48757], [27.22497, 0.48718], [27.22396, 0.48652], [27.22303, 0.48591], [27.22211, 0.48531], [27.21934, 0.48288], [27.21697, 0.48079], [27.2109, 0.47751], [27.2109, 0.47751], [27.20524, 0.47513], [27.20142, 0.47407], [27.19972, 0.4736], [27.19844, 0.47371], [27.19581, 0.47394], [27.19378, 0.47478], [27.19378, 0.47478], [27.18414, 0.48554], [27.18288, 0.48694], [27.18288, 0.48694], [27.17506, 0.49372], [27.16858, 0.50077], [27.1673, 0.50217], [27.1673, 0.50217], [27.16353, 0.50538], [27.16215, 0.50656], [27.15651, 0.50626], [27.15584, 0.50622], [27.15584, 0.50622], [27.15088, 0.50503], [27.15007, 0.50484], [27.14823, 0.5044], [27.1462, 0.50489], [27.14497, 0.5057], [27.14397, 0.50636], [27.14284, 0.5071], [27.14061, 0.50706], [27.13817, 0.50811], [27.13635, 0.50957], [27.13314, 0.50908], [27.12986, 0.50755], [27.12566, 0.50692], [27.11281, 0.5065], [27.10547, 0.50566], [27.08743, 0.50033], [27.0853, 0.49992], [27.04911, 0.49296], [27.01977, 0.48733], [27.01977, 0.48733], [26.90383, 0.46702], [26.86952, 0.45815], [26.86721, 0.458], [26.8655, 0.45788], [26.86237, 0.45894], [26.85835, 0.4608], [26.85342, 0.46307], [26.85111, 0.46487], [26.84935, 0.46625], [26.84862, 0.4669], [26.84828, 0.46721], [26.84735, 0.46831], [26.84735, 0.46831], [26.84657, 0.46951], [26.84625, 0.47018], [26.84596, 0.47081], [26.84151, 0.47758], [26.83891, 0.48309], [26.83836, 0.48359], [26.83632, 0.48542], [26.8362, 0.48511], [26.83579, 0.48404], [26.83367, 0.48357], [26.8315, 0.48309], [26.7904, 0.46567], [26.7904, 0.46567], [26.77907, 0.46138], [26.77907, 0.46138], [26.77339, 0.46371], [26.7527, 0.47218], [26.73583, 0.47909], [26.72652, 0.48291], [26.71883, 0.48636], [26.71219, 0.48934], [26.70498, 0.49029], [26.7014, 0.48833], [26.69582, 0.48526], [26.68396, 0.47674], [26.68229, 0.47553], [26.67242, 0.47435], [26.66879, 0.47468], [26.6659, 0.47494], [26.66311, 0.47519], [26.66171, 0.47531], [26.65399, 0.47531], [26.64952, 0.4753], [26.63794, 0.477], [26.63468, 0.47748], [26.63468, 0.47748], [26.63246, 0.47803], [26.6302, 0.47842], [26.62936, 0.47851], [26.62791, 0.47866], [26.62562, 0.47873], [26.62333, 0.47864], [26.61902, 0.48043], [26.61771, 0.48097], [26.61771, 0.48097], [26.61607, 0.48216], [26.61527, 0.48263], [26.61432, 0.48319], [26.61362, 0.48353], [26.6125, 0.48407], [26.6106, 0.48478], [26.60994, 0.48496], [26.60865, 0.48533], [26.60666, 0.4857], [26.60464, 0.48589], [26.60261, 0.48591], [26.60133, 0.48581], [26.60059, 0.48576], [26.59975, 0.48561], [26.59859, 0.48542], [26.59009, 0.48229], [26.59009, 0.48229], [26.57787, 0.47779], [26.57314, 0.47733], [26.56798, 0.47838], [26.56798, 0.47838], [26.56729, 0.47904], [26.56652, 0.47977], [26.56308, 0.4813], [26.56308, 0.4813], [26.56148, 0.482], [26.56148, 0.482], [26.56221, 0.48364], [26.56399, 0.48562], [26.56553, 0.48732], [26.56692, 0.48961], [26.56758, 0.4907], [26.56813, 0.4916], [26.56896, 0.49296], [26.56917, 0.49485], [26.56961, 0.49875], [26.56979, 0.50035], [26.57092, 0.50199], [26.5715, 0.50282], [26.57284, 0.5055], [26.573, 0.50603], [26.57335, 0.50714], [26.5737, 0.50882], [26.57389, 0.51053], [26.57392, 0.51224], [26.57379, 0.51396], [26.57367, 0.51463], [26.57349, 0.51565], [26.57303, 0.5173], [26.57241, 0.51891], [26.57164, 0.52044], [26.57084, 0.52149], [26.57058, 0.52178], [26.56994, 0.52246], [26.56949, 0.52285], [26.56895, 0.52333], [26.56827, 0.52382], [26.56787, 0.5241], [26.5672, 0.52449], [26.56673, 0.52476], [26.56572, 0.52582], [26.56485, 0.527], [26.56485, 0.527], [26.56415, 0.52829], [26.56363, 0.52965], [26.56329, 0.53108], [26.56315, 0.53253], [26.5632, 0.534], [26.56315, 0.53782], [26.564, 0.5412], [26.5639, 0.54636], [26.56301, 0.55127], [26.54871, 0.55723], [26.54814, 0.55856], [26.54662, 0.56215], [26.54456, 0.56829], [26.54394, 0.57014], [26.54394, 0.57014], [26.54404, 0.57982], [26.54413, 0.58902], [26.54417, 0.59238], [26.54417, 0.59238], [26.5426, 0.60018], [26.53957, 0.60882], [26.53722, 0.61551], [26.53545, 0.61865], [26.53034, 0.62629], [26.52978, 0.62724], [26.52916, 0.62829], [26.52882, 0.62897], [26.52813, 0.63037], [26.52726, 0.63253], [26.52703, 0.63326], [26.52656, 0.63474], [26.52603, 0.637], [26.52575, 0.63878], [26.52567, 0.6393], [26.52567, 0.6393], [26.52537, 0.64233], [26.52537, 0.64233], [26.52466, 0.64437], [26.52399, 0.64664], [26.5233, 0.64814], [26.52285, 0.64911], [26.52076, 0.65205], [26.51889, 0.65468], [26.51842, 0.65535], [26.51668, 0.6578], [26.51452, 0.66085], [26.51335, 0.66249], [26.51259, 0.66326], [26.51197, 0.66414], [26.51149, 0.6651], [26.51149, 0.6651], [26.51116, 0.66612], [26.511, 0.66719], [26.511, 0.66826], [26.51126, 0.67026], [26.51133, 0.67228], [26.51128, 0.6731], [26.5112, 0.67429], [26.51101, 0.67552], [26.51088, 0.67628], [26.51038, 0.67823], [26.50969, 0.68013], [26.50746, 0.68295], [26.5019, 0.6881], [26.5019, 0.6881], [26.49937, 0.69045], [26.49937, 0.69045], [26.49782, 0.69345], [26.49638, 0.69538], [26.49576, 0.69622], [26.49486, 0.6968], [26.49328, 0.69782], [26.4913, 0.69969], [26.48816, 0.70264], [26.48361, 0.70583], [26.47866, 0.70849], [26.47475, 0.70996], [26.47475, 0.70996], [26.46973, 0.71183], [26.4672, 0.71248], [26.46715, 0.71249], [26.46715, 0.71249], [26.46494, 0.71343], [26.46494, 0.71343], [26.46086, 0.71939], [26.45902, 0.72092], [26.4581, 0.72168], [26.45313, 0.72393], [26.44872, 0.72534], [26.4456, 0.72668], [26.44478, 0.72703], [26.44046, 0.72956], [26.43996, 0.72967], [26.43812, 0.73008], [26.43601, 0.73088], [26.43601, 0.73088], [26.42849, 0.73098], [26.42395, 0.7298], [26.42194, 0.72927], [26.41818, 0.7283], [26.41743, 0.72854], [26.41617, 0.72895], [26.41392, 0.73036], [26.41392, 0.73036], [26.41157, 0.73322], [26.40894, 0.73801], [26.40744, 0.7432], [26.40563, 0.74677], [26.40463, 0.74875], [26.40097, 0.75597], [26.39895, 0.75789], [26.39769, 0.7601], [26.39501, 0.76249], [26.38956, 0.76972], [26.38498, 0.77529], [26.37977, 0.78162], [26.37702, 0.78312], [26.37658, 0.78336], [26.37658, 0.78336], [26.36909, 0.78985], [26.36007, 0.79841], [26.35627, 0.80203], [26.35372, 0.80363], [26.35149, 0.80503], [26.34856, 0.80638], [26.34488, 0.80808], [26.34186, 0.80972], [26.33788, 0.81067], [26.33418, 0.81155], [26.32835, 0.81293], [26.32039, 0.81483], [26.31857, 0.8152], [26.31596, 0.81477], [26.31334, 0.81446], [26.31071, 0.81428], [26.30922, 0.81425], [26.30807, 0.81423], [26.30543, 0.81431], [26.30477, 0.81417], [26.30349, 0.81389], [26.3016, 0.81329], [26.3016, 0.81329], [26.29977, 0.81251], [26.29803, 0.81156], [26.29638, 0.81044], [26.29485, 0.80917], [26.29367, 0.80798], [26.29345, 0.80776], [26.29219, 0.80622], [26.29219, 0.80622], [26.29204, 0.806], [26.29109, 0.80457], [26.29014, 0.80282], [26.28958, 0.8021], [26.28883, 0.80113], [26.28442, 0.79799], [26.27771, 0.79644], [26.27226, 0.79592], [26.26655, 0.79537], [26.25296, 0.79549], [26.24812, 0.79553], [26.24682, 0.79599], [26.24465, 0.79677], [26.23851, 0.79898], [26.23353, 0.80193], [26.2319, 0.80234], [26.22964, 0.80292], [26.22711, 0.80334], [26.22445, 0.80314], [26.22035, 0.80282], [26.21874, 0.80297], [26.2143, 0.80339], [26.20849, 0.80513], [26.20849, 0.80513], [26.20272, 0.80597], [26.20047, 0.80629], [26.19751, 0.80672], [26.19583, 0.80761], [26.19436, 0.80782], [26.1932, 0.80798], [26.18846, 0.80939], [26.1873, 0.80955], [26.18522, 0.80983], [26.18344, 0.80972], [26.18054, 0.80953], [26.17664, 0.80883], [26.17502, 0.80868], [26.17359, 0.80854], [26.16984, 0.80776], [26.16754, 0.80728], [26.16283, 0.8072], [26.16582, 0.80227], [26.17086, 0.79397], [26.19904, 0.73532], [26.21812, 0.69563], [26.21812, 0.69563], [26.22476, 0.68258], [26.21673, 0.64875], [26.21697, 0.62734], [26.21588, 0.60713], [26.21542, 0.59872], [26.21472, 0.58574], [26.21418, 0.56466], [26.21311, 0.54472], [26.21132, 0.54265], [26.21132, 0.54265], [26.21132, 0.54265], [26.20367, 0.54929], [26.20367, 0.54929], [26.20121, 0.55288], [26.20043, 0.55401], [26.19001, 0.56922], [26.18305, 0.57723], [26.17872, 0.58399], [26.1756, 0.58445], [26.13918, 0.5899], [26.13174, 0.59101], [26.14094, 0.60325], [26.14131, 0.60375], [26.14389, 0.61656], [26.1442, 0.61812], [26.14466, 0.6204], [26.14466, 0.62421], [26.14466, 0.63316], [26.14376, 0.66257], [26.14702, 0.71684], [26.14382, 0.7166], [26.14039, 0.72142], [26.1372, 0.71866], [26.12966, 0.72071], [26.1267, 0.71817], [26.12396, 0.71862], [26.12135, 0.72292], [26.12006, 0.72505], [26.11462, 0.7241], [26.11422, 0.72403], [26.11347, 0.7239], [26.11296, 0.72381], [26.11296, 0.72381], [26.11213, 0.72367], [26.11176, 0.7236], [26.11167, 0.72359], [26.10934, 0.72318], [26.10546, 0.72317], [26.10351, 0.72127], [26.10273, 0.72051], [26.10273, 0.72051], [26.10213, 0.71992], [26.10088, 0.7187], [26.10043, 0.71826], [26.09885, 0.71672], [26.09269, 0.71762], [26.09224, 0.71372], [26.09477, 0.70568], [26.09227, 0.70085], [26.08657, 0.70037], [26.08131, 0.70495], [26.08039, 0.70702], [26.08152, 0.71024], [26.08231, 0.71107], [26.08676, 0.71577], [26.0856, 0.72059], [26.07851, 0.72793], [26.06757, 0.72009], [26.0557, 0.71937], [26.04816, 0.72142], [26.04473, 0.72462], [26.04678, 0.72877], [26.04855, 0.7281], [26.05523, 0.72557], [26.06071, 0.72604], [26.0621, 0.72731], [26.06503, 0.72996], [26.0657, 0.73847], [26.06843, 0.74215], [26.0701, 0.74233], [26.07071, 0.74239], [26.07803, 0.73735], [26.08442, 0.73645], [26.08807, 0.73784], [26.09035, 0.7406], [26.09011, 0.74474], [26.08736, 0.74772], [26.08302, 0.74794], [26.07984, 0.7431], [26.07376, 0.7495], [26.07068, 0.75273], [26.06704, 0.75289], [26.06566, 0.75295], [26.06247, 0.7488], [26.05882, 0.74925], [26.05676, 0.75223], [26.05698, 0.75453], [26.06153, 0.7596], [26.05881, 0.76141], [26.05102, 0.76508], [26.04052, 0.7646], [26.03937, 0.76575], [26.04279, 0.76962], [26.04306, 0.76993], [26.04324, 0.77013], [26.04316, 0.77038], [26.04311, 0.77054], [26.04301, 0.77087], [26.04278, 0.77163], [26.04232, 0.77311], [26.04391, 0.77518], [26.04299, 0.77725], [26.04042, 0.77758], [26.03774, 0.77793], [26.04001, 0.78506], [26.03635, 0.78551], [26.03248, 0.78228], [26.03042, 0.78595], [26.03108, 0.79492], [26.03289, 0.79791], [26.03745, 0.80022], [26.04364, 0.79334], [26.04592, 0.79289], [26.04978, 0.79979], [26.05503, 0.80211], [26.04173, 0.82338], [26.03916, 0.8369], [26.02446, 0.87683], [25.99884, 0.91539], [25.98146, 0.92148], [25.96899, 0.91415], [25.95384, 0.90035], [25.93512, 0.88655], [25.92131, 0.87836], [25.90527, 0.87364], [25.8928, 0.8741], [25.86918, 0.87069], [25.85448, 0.84693], [25.84512, 0.83744], [25.83443, 0.84265], [25.82062, 0.84052], [25.80948, 0.81675], [25.80591, 0.80335], [25.79433, 0.78781], [25.77517, 0.78569], [25.73195, 0.79486], [25.71591, 0.7936], [25.70522, 0.79362], [25.69319, 0.79192], [25.68829, 0.78674], [25.68873, 0.76295], [25.69408, 0.75213], [25.69274, 0.74434], [25.68071, 0.74653], [25.66779, 0.75045], [25.65108, 0.75363], [25.64752, 0.75288], [25.64306, 0.74953], [25.64091, 0.74759], [25.64041, 0.74714], [25.63987, 0.74665], [25.63981, 0.7466], [25.63972, 0.74651], [25.6361, 0.74609], [25.6361, 0.74609], [25.63038, 0.74543], [25.62624, 0.74502], [25.62488, 0.74249], [25.62543, 0.74065], [25.62544, 0.74065], [25.62557, 0.74019], [25.62446, 0.73968], [25.62446, 0.73968], [25.62418, 0.73955], [25.61851, 0.73695], [25.61929, 0.73612], [25.62086, 0.73444], [25.62194, 0.73328], [25.61556, 0.73051], [25.61011, 0.72222], [25.60713, 0.7268], [25.60304, 0.72082], [25.60029, 0.72241], [25.60027, 0.73], [25.59924, 0.7324], [25.59889, 0.73321], [25.59295, 0.73342], [25.59198, 0.73244], [25.5918, 0.73226], [25.59126, 0.73171], [25.59067, 0.73112], [25.5847, 0.72927], [25.57996, 0.72787], [25.57221, 0.72393], [25.56949, 0.72155], [25.5672, 0.71955], [25.56607, 0.71656], [25.57113, 0.70463], [25.57129, 0.70332], [25.57254, 0.69337], [25.57142, 0.68624], [25.56483, 0.6768], [25.55549, 0.66941], [25.54182, 0.66317], [25.53885, 0.66499], [25.53701, 0.66889], [25.54131, 0.67971], [25.54061, 0.68476], [25.53328, 0.69209], [25.53188, 0.69783], [25.53298, 0.70261], [25.53347, 0.70473], [25.53277, 0.70749], [25.52044, 0.71044], [25.51888, 0.69826], [25.51547, 0.69318], [25.50772, 0.68925], [25.49974, 0.68831], [25.49493, 0.69105], [25.4801, 0.68962], [25.47576, 0.69098], [25.47069, 0.70499], [25.47139, 0.71077], [25.4718, 0.71418], [25.47019, 0.7174], [25.46036, 0.7215], [25.45955, 0.72166], [25.45237, 0.72308], [25.44895, 0.721], [25.44715, 0.71502], [25.4394, 0.71132], [25.43233, 0.71014], [25.43164, 0.71219], [25.43162, 0.71227], [25.43116, 0.71363], [25.43105, 0.71396], [25.43105, 0.71396], [25.43042, 0.71584], [25.43001, 0.71707], [25.42933, 0.7191], [25.42474, 0.72414], [25.422, 0.72482], [25.40746, 0.70385], [25.40131, 0.7013], [25.39332, 0.70174], [25.38783, 0.70512], [25.3844, 0.70722], [25.38237, 0.70711], [25.38006, 0.70698], [25.35902, 0.72215], [25.35746, 0.73275], [25.35679, 0.74011], [25.35679, 0.74897], [25.35135, 0.75951], [25.35338, 0.76572], [25.36203, 0.77127], [25.36816, 0.78094], [25.37728, 0.7858], [25.37954, 0.79063], [25.37625, 0.7992], [25.37545, 0.80127], [25.37475, 0.80309], [25.37463, 0.8034], [25.37447, 0.80383], [25.37443, 0.80394], [25.37424, 0.80441], [25.37697, 0.80993], [25.37285, 0.81658], [25.37168, 0.82164], [25.37233, 0.83014], [25.36957, 0.83657], [25.37113, 0.84738], [25.36996, 0.85427], [25.35662, 0.88204], [25.35889, 0.88848], [25.36593, 0.89839], [25.36817, 0.91127], [25.3736, 0.92416], [25.37792, 0.92877], [25.38043, 0.92947], [25.36837, 0.96197], [25.35923, 0.96329], [25.36345, 0.96649], [25.36446, 0.96726], [25.36473, 0.96746], [25.38867, 0.98566], [25.40422, 0.99533], [25.41791, 1.02332], [25.43302, 1.05521], [25.4382, 1.05886], [25.4408, 1.06131], [25.46136, 1.05062], [25.47546, 1.0401], [25.47977, 1.03763], [25.48484, 1.03471], [25.48484, 1.03473], [25.48486, 1.0347], [25.48702, 1.03346], [25.49606, 1.03447], [25.50296, 1.03475], [25.53218, 1.03597], [25.54984, 1.04937], [25.57237, 1.06645], [25.59044, 1.06847], [25.62009, 1.06763], [25.6317, 1.0673], [25.64713, 1.06181], [25.65991, 1.04628], [25.6818, 1.04187], [25.71188, 1.04011], [25.93316, 1.02718], [25.98571, 1.02098], [25.97232, 1.04243], [25.9712, 1.04397], [25.96668, 1.04967], [25.95409, 1.06113], [25.94678, 1.0618], [25.93808, 1.06844], [25.93397, 1.0682], [25.92554, 1.06289], [25.92357, 1.06276], [25.91504, 1.06217], [25.91115, 1.064], [25.90804, 1.06762], [25.90428, 1.07203], [25.90113, 1.07287], [25.89893, 1.07346], [25.89682, 1.07402], [25.89682, 1.07402], [25.8937, 1.07486], [25.89121, 1.07553], [25.89028, 1.07577], [25.88942, 1.076], [25.88598, 1.07692], [25.87708, 1.07931], [25.87113, 1.08297], [25.8654, 1.09008], [25.86423, 1.09973], [25.86125, 1.10363], [25.85829, 1.09926], [25.85647, 1.09971], [25.85629, 1.10045], [25.85609, 1.10127], [25.85462, 1.10729], [25.8505, 1.10797], [25.8496, 1.1036], [25.84824, 1.10267], [25.84812, 1.10284], [25.84774, 1.1034], [25.84571, 1.10635], [25.8432, 1.10519], [25.83611, 1.11], [25.83132, 1.10837], [25.82744, 1.10882], [25.82629, 1.11135], [25.82331, 1.11272], [25.81091, 1.15327], [25.80758, 1.18096], [25.80865, 1.18423], [25.80871, 1.18441], [25.81131, 1.18656], [25.81487, 1.18949], [25.81576, 1.19478], [25.81024, 1.20971], [25.8075, 1.21309], [25.80336, 1.21819], [25.79578, 1.23151], [25.79327, 1.24209], [25.79278, 1.24415], [25.79094, 1.2469], [25.785, 1.24665], [25.78132, 1.25768], [25.7822, 1.26711], [25.78902, 1.28069], [25.78923, 1.28368], [25.78625, 1.28942], [25.78432, 1.2905], [25.78317, 1.29114], [25.78317, 1.29114], [25.7821, 1.29175], [25.78145, 1.29211], [25.78144, 1.29212], [25.78053, 1.29263], [25.77571, 1.29905], [25.77205, 1.30157], [25.77964, 1.33143], [25.77991, 1.33251], [25.77991, 1.33251], [25.77996, 1.33268], [25.77999, 1.3328], [25.7821, 1.33194], [25.78498, 1.33078], [25.78786, 1.32991], [25.79045, 1.32919], [25.79232, 1.32911], [25.79351, 1.32906], [25.79345, 1.32903], [25.79436, 1.32897], [25.79867, 1.32852], [25.80924, 1.32503], [25.82561, 1.31767], [25.84322, 1.30976], [25.86172, 1.30433], [25.88911, 1.30256], [25.89177, 1.3086], [25.89302, 1.3134], [25.88964, 1.31776], [25.88851, 1.31967], [25.88752, 1.32165], [25.88667, 1.3237], [25.88598, 1.32581], [25.88544, 1.32796], [25.88506, 1.33014], [25.88484, 1.33235], [25.88474, 1.33363], [25.88483, 1.3349], [25.8851, 1.33616], [25.88554, 1.33736], [25.88616, 1.33849], [25.88693, 1.33951], [25.88783, 1.34042], [25.88886, 1.34118], [25.88999, 1.34179], [25.8912, 1.34223], [25.89245, 1.34249], [25.89373, 1.34257], [25.89738, 1.34213], [25.90752, 1.33857], [25.9197, 1.33306], [25.93695, 1.3295], [25.95883, 1.33359], [25.97777, 1.33813], [25.99015, 1.34229], [25.99502, 1.3408], [25.99965, 1.33937], [26.00459, 1.33494], [26.01041, 1.33217], [26.01823, 1.32843], [26.02188, 1.32505], [26.0257, 1.31563], [26.02721, 1.30718], [26.03549, 1.29589], [26.04811, 1.29046], [26.06403, 1.28361], [26.07888, 1.27846], [26.0854, 1.27458], [26.0892, 1.2701], [26.09711, 1.26076], [26.10903, 1.24893], [26.11042, 1.2481], [26.11189, 1.24744], [26.11344, 1.24696], [26.11503, 1.24666], [26.11665, 1.24656], [26.11826, 1.24665], [26.11986, 1.24694], [26.1214, 1.24741], [26.12289, 1.24806], [26.12428, 1.24889], [26.13446, 1.25916], [26.15634, 1.28121], [26.16888, 1.29144], [26.17582, 1.30024], [26.19102, 1.31091], [26.19392, 1.31297], [26.19691, 1.31487], [26.2, 1.31662], [26.20317, 1.31822], [26.20642, 1.31964], [26.20973, 1.3209], [26.21311, 1.322], [26.21654, 1.32291], [26.22001, 1.32366], [26.22351, 1.32422], [26.22704, 1.32461], [26.23088, 1.32544], [26.23475, 1.32611], [26.23865, 1.32662], [26.24257, 1.32696], [26.2465, 1.32713], [26.25043, 1.32714], [26.25435, 1.32698], [26.25827, 1.32665], [26.26217, 1.32616], [26.26605, 1.32551], [26.27345, 1.32277], [26.28386, 1.31892], [26.29854, 1.31349], [26.30467, 1.31358], [26.30699, 1.3167], [26.31134, 1.3207], [26.31659, 1.32363], [26.32611, 1.33164], [26.34781, 1.35965], [26.349, 1.36103], [26.35031, 1.3623], [26.35175, 1.36343], [26.35328, 1.36442], [26.3549, 1.36526], [26.35659, 1.36595], [26.35834, 1.36647], [26.36013, 1.36683], [26.36195, 1.36701], [26.36377, 1.36702], [26.36559, 1.36685], [26.36739, 1.36652], [26.36914, 1.36601], [26.37084, 1.36535], [26.37671, 1.36249], [26.38311, 1.35938], [26.38987, 1.35529], [26.39574, 1.34924], [26.41077, 1.34017], [26.42464, 1.33439], [26.44741, 1.3287], [26.46386, 1.32514], [26.46545, 1.32489], [26.467, 1.32446], [26.46849, 1.32384], [26.4699, 1.32306], [26.47121, 1.32212], [26.47239, 1.32103], [26.47345, 1.31981], [26.47435, 1.31847], [26.4796, 1.30923], [26.48483, 1.30485], [26.49097, 1.30209], [26.49587, 1.29989], [26.50379, 1.29633], [26.51188, 1.28957], [26.513, 1.28897], [26.51418, 1.28853], [26.51542, 1.28824], [26.51668, 1.28812], [26.51795, 1.28816], [26.5192, 1.28837], [26.52041, 1.28873], [26.52156, 1.28926], [26.52264, 1.28993], [26.52708, 1.29718], [26.53322, 1.3022], [26.54799, 1.31427], [26.55492, 1.31634], [26.56417, 1.3191], [26.57013, 1.31865], [26.57418, 1.31699], [26.57609, 1.31314], [26.57859, 1.30808], [26.58098, 1.3006], [26.58418, 1.29055], [26.59129, 1.27543], [26.59281, 1.27303], [26.60019, 1.26823], [26.60113, 1.26777], [26.60213, 1.26747], [26.60317, 1.26732], [26.60421, 1.26734], [26.60525, 1.26751], [26.60624, 1.26784], [26.60717, 1.26832], [26.60801, 1.26894], [26.62313, 1.27943], [26.62678, 1.28593], [26.63354, 1.28948], [26.63537, 1.29052], [26.63729, 1.29138], [26.63928, 1.29206], [26.64133, 1.29256], [26.64342, 1.29286], [26.64552, 1.29298], [26.64762, 1.29289], [26.64971, 1.29262], [26.65177, 1.29215], [26.66368, 1.28557], [26.67684, 1.27677], [26.68983, 1.26974], [26.7005, 1.26503], [26.71268, 1.26111], [26.72762, 1.25898], [26.74256, 1.25507], [26.75789, 1.24774], [26.76391, 1.24315], [26.77627, 1.23372], [26.78801, 1.2307], [26.80499, 1.22385], [26.80648, 1.22343], [26.808, 1.22319], [26.80954, 1.22314], [26.81108, 1.22327], [26.81259, 1.2236], [26.81405, 1.22411], [26.81544, 1.22479], [26.81673, 1.22563], [26.81791, 1.22663], [26.81895, 1.22777], [26.825, 1.23853], [26.82597, 1.24021], [26.82708, 1.2418], [26.82832, 1.24329], [26.82969, 1.24467], [26.83117, 1.24592], [26.83275, 1.24705], [26.83442, 1.24803], [26.83617, 1.24887], [26.83798, 1.24955], [26.84015, 1.24993], [26.84235, 1.25011], [26.84455, 1.2501], [26.84674, 1.24989], [26.8489, 1.24949], [26.85102, 1.24889], [26.85308, 1.24811], [26.85506, 1.24715], [26.85683, 1.24669], [26.85863, 1.24638], [26.86045, 1.24621], [26.86228, 1.2462], [26.8641, 1.24633], [26.86591, 1.24662], [26.87569, 1.2524], [26.87727, 1.25312], [26.87891, 1.25367], [26.88061, 1.25403], [26.88233, 1.2542], [26.88407, 1.25418], [26.88579, 1.25397], [26.88748, 1.25358], [26.88911, 1.253], [26.89067, 1.25225], [26.89214, 1.25133], [26.89952, 1.2468], [26.91121, 1.23733], [26.91829, 1.23417], [26.92621, 1.23063], [26.93234, 1.22732], [26.94452, 1.22074], [26.94959, 1.21291], [26.95546, 1.20518], [26.96115, 1.20233], [26.96711, 1.20224], [26.97129, 1.20349], [26.97734, 1.20785], [26.98276, 1.20927], [26.9889, 1.2058], [26.99708, 1.19611], [27.00226, 1.19176], [27.00233, 1.18517], [27.00242, 1.17654], [27.00324, 1.1715], [27.00702, 1.1684], [27.00997, 1.17201], [27.01851, 1.18241], [27.02322, 1.18499], [27.02808, 1.18504], [27.02523, 1.19548], [27.02296, 1.20674], [27.01904, 1.22293], [27.01479, 1.24507], [27.00826, 1.27456], [27.00295, 1.30119], [27.0, 1.31825], [27.01039, 1.32961], [27.01198, 1.33045], [27.0135, 1.33142], [27.01493, 1.33252], [27.01625, 1.33374], [27.01746, 1.33507], [27.01856, 1.3365], [27.01952, 1.33802], [27.01963, 1.34073], [27.01972, 1.3429], [27.01982, 1.34527], [27.02098, 1.34754], [27.02112, 1.34957], [27.02156, 1.35107], [27.02267, 1.35267], [27.0246, 1.35397], [27.02808, 1.35528], [27.02894, 1.35635], [27.03006, 1.35697], [27.03287, 1.35852], [27.03494, 1.36055], [27.03583, 1.3627], [27.02423, 1.38441], [26.9945, 1.46073], [27.02149, 1.45989], [27.17181, 1.43354], [27.269, 1.41751], [27.27132, 1.41941], [27.26921, 1.49845], [27.26905, 1.50415], [27.26858, 1.52187], [27.26827, 1.55557], [27.26897, 1.58748], [27.27708, 1.58681], [27.28278, 1.58391], [27.29138, 1.57957], [27.29492, 1.57786], [27.31, 1.57696], [27.31822, 1.57996], [27.32256, 1.5864], [27.32918, 1.58848], [27.34449, 1.58965], [27.35134, 1.59241], [27.36596, 1.58737], [27.37032, 1.58323]]]}}, {"type": "Feature", "properties": {"zone": "Biena", "province": "Nord-Kivu", "confirmed_cases": 23, "confirmed_deaths": 7}, "geometry": {"type": "Polygon", "coordinates": [[[28.98701, 0.39829], [28.9881, 0.39703], [28.98867, 0.39783], [28.98947, 0.3988], [28.9901, 0.39932], [28.99141, 0.3984], [28.99204, 0.39858], [28.99273, 0.39949], [28.99381, 0.39966], [28.99432, 0.40006], [28.99541, 0.4004], [28.99627, 0.40137], [28.99769, 0.40103], [28.99855, 0.40075], [28.99975, 0.40103], [29.00178, 0.40196], [29.00189, 0.4009], [29.00189, 0.4009], [29.00189, 0.40086], [29.00296, 0.39962], [29.00296, 0.39858], [29.00296, 0.39805], [29.00296, 0.39803], [29.00296, 0.39801], [29.00367, 0.39642], [29.00367, 0.39537], [29.00349, 0.39448], [29.00349, 0.39287], [29.00314, 0.39234], [29.0026, 0.39234], [29.00189, 0.39144], [29.00117, 0.39144], [28.99974, 0.39144], [28.99778, 0.39216], [28.99725, 0.39305], [28.99635, 0.39269], [28.99528, 0.39323], [28.99475, 0.39251], [28.9935, 0.39287], [28.99261, 0.39305], [28.99207, 0.39198], [28.99208, 0.39194], [28.99208, 0.39194], [28.99244, 0.39051], [28.99386, 0.38873], [28.99493, 0.38873], [28.99654, 0.38891], [28.9976, 0.38784], [28.99742, 0.38573], [28.99671, 0.38413], [28.99672, 0.38409], [28.99672, 0.38409], [28.99725, 0.38212], [28.99778, 0.38072], [28.99778, 0.37895], [28.99779, 0.37894], [28.99779, 0.37891], [28.99922, 0.37624], [29.00099, 0.37393], [29.0001, 0.37163], [29.00046, 0.36967], [29.00046, 0.36967], [29.00047, 0.36963], [29.00171, 0.36785], [29.00189, 0.36574], [29.00189, 0.36574], [29.00189, 0.36571], [29.00296, 0.36392], [29.00331, 0.36271], [29.00171, 0.3611], [29.00082, 0.36003], [28.99974, 0.35932], [28.99974, 0.357], [28.99974, 0.35593], [28.99975, 0.35592], [28.99975, 0.35589], [29.00117, 0.35412], [29.00117, 0.35165], [29.00153, 0.34933], [29.00153, 0.34826], [29.00064, 0.34772], [28.99867, 0.34772], [28.99742, 0.34594], [28.99707, 0.34397], [28.99707, 0.34183], [28.99707, 0.34183], [28.99707, 0.34179], [28.99886, 0.34054], [29.00047, 0.33983], [29.00135, 0.33788], [29.00135, 0.33612], [29.00117, 0.33398], [28.99946, 0.333], [28.99742, 0.33184], [28.99457, 0.3297], [28.99457, 0.32684], [28.99493, 0.32595], [28.99635, 0.32452], [28.99564, 0.32184], [28.99368, 0.32059], [28.99332, 0.31863], [28.99386, 0.31613], [28.99296, 0.31363], [28.99189, 0.31274], [28.99154, 0.31185], [28.98797, 0.31149], [28.98779, 0.30775], [28.98529, 0.3065], [28.98797, 0.30683], [28.98929, 0.30724], [28.98937, 0.30727], [28.99025, 0.30771], [28.99086, 0.30867], [28.99139, 0.3092], [28.99209, 0.3092], [28.99279, 0.30876], [28.99314, 0.30849], [28.9941, 0.30753], [28.99559, 0.30683], [28.99579, 0.3067], [28.99725, 0.30578], [28.99731, 0.30574], [28.99857, 0.30499], [28.99971, 0.30412], [28.99981, 0.30401], [28.99962, 0.30275], [28.99909, 0.30189], [28.99907, 0.3011], [28.9995, 0.30067], [28.99972, 0.30048], [29.00034, 0.30001], [29.00074, 0.29924], [29.00062, 0.29852], [29.00016, 0.29734], [29.00016, 0.29571], [28.99971, 0.29545], [28.99892, 0.29458], [28.99949, 0.2939], [29.00015, 0.29418], [29.0004, 0.29379], [29.00095, 0.29371], [29.00201, 0.29371], [29.00249, 0.29222], [29.00244, 0.29149], [29.00148, 0.29157], [29.0008, 0.2912], [29.00083, 0.29053], [29.00139, 0.2898], [29.00223, 0.28904], [29.00288, 0.28876], [29.00401, 0.28899], [29.00503, 0.28857], [29.00612, 0.2885], [29.00652, 0.28816], [29.00688, 0.28761], [29.00748, 0.2875], [29.00837, 0.28648], [29.00837, 0.2859], [29.00786, 0.2857], [29.00804, 0.28491], [29.00857, 0.28378], [29.00887, 0.28348], [29.01, 0.28362], [29.0109, 0.28344], [29.01171, 0.28264], [29.01267, 0.28261], [29.01357, 0.28276], [29.01397, 0.28344], [29.0149, 0.28288], [29.01537, 0.28221], [29.01607, 0.28171], [29.0171, 0.28102], [29.0175, 0.28041], [29.01772, 0.27963], [29.01776, 0.27903], [29.01828, 0.2785], [29.0189, 0.27841], [29.01934, 0.27707], [29.01887, 0.27661], [29.01887, 0.27476], [29.01944, 0.27416], [29.02003, 0.27254], [29.0202, 0.27192], [29.02034, 0.27102], [29.02034, 0.26978], [29.0203, 0.26934], [29.02029, 0.26788], [29.01977, 0.26777], [29.01968, 0.26709], [29.02017, 0.26643], [29.02073, 0.26625], [29.02141, 0.26565], [29.02149, 0.26515], [29.02186, 0.26454], [29.02293, 0.26454], [29.02378, 0.26444], [29.02437, 0.26366], [29.0253, 0.26296], [29.02596, 0.26268], [29.0279, 0.26279], [29.02859, 0.26252], [29.02927, 0.26228], [29.02999, 0.26215], [29.03036, 0.26189], [29.03067, 0.26149], [29.03077, 0.26074], [29.03085, 0.26022], [29.03157, 0.26], [29.03207, 0.25988], [29.03309, 0.25987], [29.03383, 0.25998], [29.03454, 0.26025], [29.03515, 0.26063], [29.03561, 0.26063], [29.03567, 0.26013], [29.03623, 0.25979], [29.0369, 0.25888], [29.03719, 0.25836], [29.03747, 0.25789], [29.03808, 0.25742], [29.03874, 0.25686], [29.03918, 0.25655], [29.0396, 0.25635], [29.04027, 0.25663], [29.04085, 0.25715], [29.0412, 0.25759], [29.04181, 0.25792], [29.04268, 0.25792], [29.0433, 0.25798], [29.04408, 0.25867], [29.04468, 0.25836], [29.04551, 0.25752], [29.04566, 0.25668], [29.0465, 0.2554], [29.04719, 0.25488], [29.04877, 0.25439], [29.05007, 0.25392], [29.05146, 0.25394], [29.05253, 0.25382], [29.0528, 0.2543], [29.05364, 0.25422], [29.05417, 0.25444], [29.05495, 0.25383], [29.05573, 0.25376], [29.05646, 0.25382], [29.0566, 0.25305], [29.05768, 0.25274], [29.0582, 0.25206], [29.05883, 0.25135], [29.06007, 0.25109], [29.06118, 0.25047], [29.0619, 0.24978], [29.06255, 0.24857], [29.06349, 0.24793], [29.06481, 0.24733], [29.06619, 0.24703], [29.06858, 0.24703], [29.06931, 0.24715], [29.06956, 0.24765], [29.07019, 0.24799], [29.07127, 0.24798], [29.07155, 0.2486], [29.07152, 0.24942], [29.07134, 0.25022], [29.07141, 0.25084], [29.07249, 0.25088], [29.07276, 0.25112], [29.07289, 0.24961], [29.0736, 0.24938], [29.07385, 0.25006], [29.07462, 0.24983], [29.07513, 0.24935], [29.07529, 0.24846], [29.07537, 0.24759], [29.07634, 0.24736], [29.07687, 0.24801], [29.07935, 0.24817], [29.07979, 0.24727], [29.08083, 0.24663], [29.08114, 0.24597], [29.08159, 0.24551], [29.08252, 0.246], [29.08347, 0.24607], [29.08406, 0.24587], [29.08475, 0.24567], [29.0859, 0.24584], [29.08668, 0.2459], [29.08752, 0.24612], [29.08825, 0.24559], [29.08898, 0.2452], [29.08949, 0.2452], [29.09034, 0.24451], [29.09132, 0.24411], [29.09211, 0.24458], [29.09254, 0.24441], [29.09598, 0.24436], [29.09674, 0.2446], [29.09764, 0.24479], [29.09841, 0.24483], [29.09896, 0.24538], [29.09868, 0.246], [29.09906, 0.24631], [29.09986, 0.2466], [29.10056, 0.24629], [29.10083, 0.24585], [29.10138, 0.24513], [29.10154, 0.2448], [29.10208, 0.24464], [29.1022, 0.24376], [29.10253, 0.24339], [29.10259, 0.2429], [29.103, 0.24281], [29.10408, 0.24153], [29.10638, 0.23912], [29.10776, 0.23848], [29.10887, 0.23833], [29.11004, 0.23833], [29.11152, 0.23848], [29.1125, 0.23902], [29.11381, 0.23969], [29.11577, 0.23929], [29.11741, 0.23856], [29.11875, 0.23668], [29.11975, 0.23572], [29.12039, 0.23511], [29.12278, 0.23443], [29.12421, 0.23345], [29.12693, 0.23271], [29.1285, 0.23178], [29.13159, 0.23097], [29.13542, 0.23041], [29.138, 0.23032], [29.14126, 0.23033], [29.14442, 0.22887], [29.14581, 0.22762], [29.14815, 0.22707], [29.14896, 0.22827], [29.14896, 0.22926], [29.15107, 0.22877], [29.15228, 0.22862], [29.15342, 0.22737], [29.15407, 0.22542], [29.1609, 0.22347], [29.16871, 0.22445], [29.16871, 0.22054], [29.17701, 0.21615], [29.17799, 0.2098], [29.17457, 0.20394], [29.16627, 0.20004], [29.16773, 0.19662], [29.17046, 0.19329], [29.16902, 0.19139], [29.16858, 0.1893], [29.16824, 0.18704], [29.16806, 0.18513], [29.16789, 0.18312], [29.16728, 0.18103], [29.16667, 0.17973], [29.16623, 0.17807], [29.16493, 0.17642], [29.16327, 0.17598], [29.16266, 0.17468], [29.1624, 0.17259], [29.16205, 0.17163], [29.16205, 0.17162], [29.16205, 0.17162], [29.16231, 0.16997], [29.16197, 0.16788], [29.16162, 0.16597], [29.16144, 0.16475], [29.16145, 0.16475], [29.16144, 0.16474], [29.16214, 0.16378], [29.16397, 0.16291], [29.16545, 0.16169], [29.16588, 0.15942], [29.16693, 0.15812], [29.16684, 0.15561], [29.16684, 0.1556], [29.16684, 0.15559], [29.16684, 0.15333], [29.16736, 0.1522], [29.16667, 0.15056], [29.16641, 0.14899], [29.16641, 0.14898], [29.16641, 0.14898], [29.16658, 0.14767], [29.16649, 0.14577], [29.16571, 0.14385], [29.16458, 0.14272], [29.16353, 0.14159], [29.16267, 0.14099], [29.16266, 0.141], [29.16145, 0.14207], [29.16002, 0.14398], [29.15669, 0.1435], [29.15622, 0.1416], [29.15431, 0.1416], [29.15074, 0.14469], [29.1486, 0.1466], [29.14703, 0.14755], [29.14537, 0.14755], [29.14371, 0.14755], [29.14316, 0.14962], [29.14233, 0.14962], [29.14109, 0.15017], [29.1397, 0.15017], [29.13832, 0.15003], [29.13722, 0.1499], [29.13691, 0.14885], [29.13676, 0.14828], [29.13629, 0.14771], [29.13587, 0.1475], [29.13587, 0.14678], [29.1351, 0.14678], [29.13437, 0.14703], [29.13395, 0.14745], [29.13344, 0.14755], [29.13271, 0.14755], [29.13209, 0.1474], [29.13131, 0.14776], [29.13095, 0.1487], [29.13063, 0.14921], [29.12986, 0.14927], [29.12866, 0.14963], [29.12794, 0.15061], [29.12757, 0.15113], [29.12695, 0.15134], [29.12633, 0.15108], [29.12498, 0.15129], [29.1241, 0.15139], [29.12348, 0.15129], [29.1228, 0.15056], [29.12218, 0.15046], [29.12166, 0.14989], [29.1213, 0.14927], [29.1213, 0.14926], [29.1213, 0.14925], [29.12166, 0.14868], [29.12171, 0.14688], [29.12156, 0.146], [29.12119, 0.14543], [29.12078, 0.14501], [29.12021, 0.14434], [29.11969, 0.14377], [29.11907, 0.14294], [29.11875, 0.14221], [29.11813, 0.14164], [29.11699, 0.14055], [29.11626, 0.13977], [29.11559, 0.13863], [29.11481, 0.13842], [29.1145, 0.13925], [29.11403, 0.13925], [29.1132, 0.1392], [29.11211, 0.13936], [29.1117, 0.13889], [29.11144, 0.13796], [29.11144, 0.13794], [29.11144, 0.13794], [29.11144, 0.13718], [29.11108, 0.13635], [29.11108, 0.13634], [29.11108, 0.13634], [29.11121, 0.13452], [29.11033, 0.13355], [29.10907, 0.13326], [29.10771, 0.13355], [29.10654, 0.13443], [29.10509, 0.13511], [29.10373, 0.13511], [29.10324, 0.13336], [29.10227, 0.132], [29.10227, 0.13199], [29.10227, 0.13199], [29.10295, 0.13063], [29.10256, 0.12889], [29.10188, 0.12734], [29.10081, 0.12646], [29.09984, 0.12588], [29.09809, 0.12656], [29.09673, 0.12656], [29.09664, 0.1251], [29.09586, 0.12374], [29.0945, 0.12287], [29.09392, 0.12093], [29.09353, 0.11908], [29.09226, 0.11801], [29.0909, 0.11665], [29.09061, 0.1151], [29.09061, 0.11509], [29.09061, 0.11508], [29.0911, 0.11392], [29.09178, 0.11304], [29.09236, 0.11285], [29.09217, 0.11111], [29.09168, 0.10946], [29.09168, 0.10946], [29.09168, 0.10945], [29.09256, 0.10858], [29.09256, 0.10733], [29.09158, 0.10635], [29.08925, 0.10577], [29.08799, 0.10383], [29.08799, 0.10382], [29.08799, 0.10382], [29.08867, 0.10236], [29.09022, 0.101], [29.09042, 0.10013], [29.09022, 0.09819], [29.09022, 0.09819], [29.09022, 0.09818], [29.09071, 0.09625], [29.08984, 0.09489], [29.08954, 0.09412], [29.08741, 0.09353], [29.08614, 0.09324], [29.0841, 0.09237], [29.08274, 0.09227], [29.08197, 0.09188], [29.08051, 0.09101], [29.07934, 0.09091], [29.07769, 0.09101], [29.07682, 0.09072], [29.07682, 0.08974], [29.07643, 0.08858], [29.07585, 0.08761], [29.07488, 0.08732], [29.07352, 0.08848], [29.07225, 0.08877], [29.07157, 0.09013], [29.06953, 0.09052], [29.06808, 0.09052], [29.06604, 0.09072], [29.06497, 0.0912], [29.0639, 0.0912], [29.06283, 0.0911], [29.06205, 0.09052], [29.06089, 0.08926], [29.06011, 0.08926], [29.06001, 0.0879], [29.05943, 0.08732], [29.05797, 0.08654], [29.05632, 0.08615], [29.05438, 0.08615], [29.0537, 0.08732], [29.05253, 0.08741], [29.05118, 0.08819], [29.05137, 0.08895], [29.05137, 0.08896], [29.05137, 0.08897], [29.05069, 0.09023], [29.04981, 0.09023], [29.04904, 0.09081], [29.04933, 0.09187], [29.04933, 0.09188], [29.04933, 0.09188], [29.04923, 0.09295], [29.04758, 0.09295], [29.04641, 0.09266], [29.04476, 0.09276], [29.0436, 0.09285], [29.04282, 0.09382], [29.04136, 0.09382], [29.04049, 0.09421], [29.03893, 0.09499], [29.03757, 0.09538], [29.03728, 0.09625], [29.03592, 0.09703], [29.03495, 0.09703], [29.03515, 0.09906], [29.03524, 0.10012], [29.03563, 0.101], [29.03689, 0.10207], [29.03689, 0.10208], [29.03689, 0.10208], [29.03651, 0.10295], [29.03573, 0.10402], [29.0366, 0.10566], [29.0366, 0.10567], [29.0366, 0.10567], [29.03563, 0.10645], [29.03466, 0.10762], [29.03389, 0.10829], [29.03447, 0.10994], [29.03446, 0.10994], [29.03447, 0.10995], [29.03408, 0.11082], [29.03262, 0.11189], [29.03165, 0.11247], [29.0298, 0.11189], [29.02903, 0.11306], [29.02796, 0.11442], [29.02737, 0.11393], [29.02582, 0.1151], [29.02446, 0.11558], [29.02378, 0.11413], [29.02213, 0.11422], [29.02125, 0.1149], [29.02038, 0.11481], [29.01863, 0.11481], [29.01698, 0.1151], [29.01582, 0.11539], [29.01494, 0.11626], [29.01348, 0.11529], [29.01251, 0.115], [29.01125, 0.11519], [29.00979, 0.11587], [29.00921, 0.11558], [29.00902, 0.11471], [29.00882, 0.11422], [29.00804, 0.11354], [29.00668, 0.11325], [29.00552, 0.11442], [29.00474, 0.11442], [29.00387, 0.11393], [29.00183, 0.11393], [29.00105, 0.11422], [28.99988, 0.11422], [28.9995, 0.11345], [28.99612, 0.11187], [28.9935, 0.11163], [28.99136, 0.11163], [28.99041, 0.11091], [28.9894, 0.11002], [28.98821, 0.10943], [28.98797, 0.10812], [28.98749, 0.10681], [28.98737, 0.10491], [28.98702, 0.103], [28.98702, 0.10299], [28.98702, 0.10299], [28.98714, 0.10109], [28.98714, 0.09955], [28.9863, 0.09717], [28.98547, 0.09515], [28.98511, 0.09348], [28.98512, 0.09348], [28.98511, 0.09347], [28.98571, 0.09228], [28.9863, 0.09157], [28.98618, 0.0898], [28.98619, 0.0898], [28.98618, 0.08978], [28.98761, 0.0874], [28.98821, 0.08574], [28.98785, 0.08432], [28.9863, 0.08301], [28.98535, 0.08183], [28.98488, 0.08087], [28.98404, 0.07909], [28.98357, 0.07742], [28.98357, 0.07741], [28.98357, 0.07741], [28.98357, 0.07576], [28.98202, 0.07528], [28.98036, 0.07397], [28.97928, 0.0729], [28.97893, 0.07136], [28.97857, 0.06933], [28.97809, 0.06862], [28.97714, 0.06672], [28.97643, 0.06541], [28.975, 0.06553], [28.97286, 0.06624], [28.97143, 0.06731], [28.96965, 0.06731], [28.96858, 0.0666], [28.96679, 0.06731], [28.96658, 0.06891], [28.96693, 0.07112], [28.96707, 0.07309], [28.96805, 0.07421], [28.96931, 0.07463], [28.97142, 0.0766], [28.97156, 0.07871], [28.97156, 0.07871], [28.97156, 0.07872], [28.9696, 0.08026], [28.96721, 0.08209], [28.96707, 0.0842], [28.96623, 0.0863], [28.9644, 0.0863], [28.96201, 0.08672], [28.96187, 0.0884], [28.96229, 0.09022], [28.96229, 0.09023], [28.96229, 0.09023], [28.96213, 0.09071], [28.96159, 0.09234], [28.96201, 0.09387], [28.96201, 0.09388], [28.96201, 0.09389], [28.96145, 0.09543], [28.95892, 0.09445], [28.9564, 0.09515], [28.95632, 0.09785], [28.95511, 0.09892], [28.95433, 0.09985], [28.95503, 0.10077], [28.95618, 0.10141], [28.95689, 0.10262], [28.9571, 0.10412], [28.9571, 0.10413], [28.9571, 0.10413], [28.95689, 0.10592], [28.95553, 0.10685], [28.95461, 0.10827], [28.95289, 0.10863], [28.95232, 0.1102], [28.95147, 0.11163], [28.95082, 0.11353], [28.9507, 0.11508], [28.94999, 0.11579], [28.94892, 0.11746], [28.94773, 0.11865], [28.94711, 0.11922], [28.94625, 0.11972], [28.94611, 0.12086], [28.94575, 0.12186], [28.94526, 0.123], [28.94411, 0.12379], [28.94383, 0.12414], [28.94418, 0.12506], [28.94525, 0.12606], [28.94533, 0.12692], [28.94533, 0.12692], [28.94533, 0.12693], [28.94447, 0.12657], [28.94376, 0.12657], [28.94297, 0.12707], [28.94233, 0.12836], [28.94183, 0.12929], [28.94133, 0.13014], [28.93997, 0.131], [28.9399, 0.13185], [28.9399, 0.1332], [28.9404, 0.13391], [28.9404, 0.13392], [28.9404, 0.13393], [28.9394, 0.13471], [28.93776, 0.13457], [28.93769, 0.13585], [28.93662, 0.13721], [28.93533, 0.13842], [28.93505, 0.13928], [28.93505, 0.14141], [28.93505, 0.14141], [28.93505, 0.14142], [28.93362, 0.14056], [28.93183, 0.13978], [28.92991, 0.13899], [28.92869, 0.13849], [28.92698, 0.13849], [28.9257, 0.13714], [28.92355, 0.13621], [28.92263, 0.13514], [28.92184, 0.13478], [28.92084, 0.13607], [28.92006, 0.13657], [28.92006, 0.13792], [28.91906, 0.13814], [28.91877, 0.13749], [28.91784, 0.13864], [28.91784, 0.14019], [28.91784, 0.14019], [28.91784, 0.14021], [28.91684, 0.14213], [28.91584, 0.14285], [28.91527, 0.14285], [28.91456, 0.1442], [28.91385, 0.1452], [28.91449, 0.14598], [28.91449, 0.14599], [28.91449, 0.14599], [28.91449, 0.14713], [28.91377, 0.14806], [28.91356, 0.14906], [28.91126, 0.15081], [28.89889, 0.1539], [28.8889, 0.15533], [28.87962, 0.15652], [28.87224, 0.15866], [28.86796, 0.16033], [28.86082, 0.16033], [28.85535, 0.16223], [28.8494, 0.16247], [28.84369, 0.16342], [28.84036, 0.16699], [28.83584, 0.16746], [28.83108, 0.17008], [28.82441, 0.17032], [28.82061, 0.17032], [28.81085, 0.17079], [28.79991, 0.17508], [28.79419, 0.17984], [28.78658, 0.18198], [28.78135, 0.18531], [28.77682, 0.18793], [28.77072, 0.18829], [28.77056, 0.1885], [28.77133, 0.19056], [28.77218, 0.19112], [28.77293, 0.19197], [28.77293, 0.19227], [28.77293, 0.193], [28.77462, 0.19328], [28.77565, 0.19478], [28.77593, 0.1961], [28.77678, 0.19713], [28.77875, 0.19751], [28.7794, 0.1991], [28.77997, 0.19985], [28.77995, 0.20013], [28.77997, 0.20015], [28.77989, 0.20156], [28.781, 0.20248], [28.78166, 0.2038], [28.78231, 0.20464], [28.78438, 0.20567], [28.78522, 0.20586], [28.78682, 0.20652], [28.78851, 0.20708], [28.78888, 0.20896], [28.78888, 0.20926], [28.78888, 0.21065], [28.78964, 0.21177], [28.78962, 0.21205], [28.78964, 0.21207], [28.78954, 0.21376], [28.78945, 0.21601], [28.78945, 0.21816], [28.79057, 0.21928], [28.79151, 0.22032], [28.79217, 0.22154], [28.79217, 0.22183], [28.79217, 0.22304], [28.79264, 0.22445], [28.79339, 0.22548], [28.79461, 0.22614], [28.79459, 0.22643], [28.79461, 0.22643], [28.79452, 0.22803], [28.79392, 0.22956], [28.79452, 0.23092], [28.79449, 0.23116], [28.79452, 0.23122], [28.79433, 0.23291], [28.79418, 0.23379], [28.79499, 0.23468], [28.79611, 0.23618], [28.79668, 0.23787], [28.79808, 0.23862], [28.79801, 0.23888], [28.79808, 0.23892], [28.79761, 0.24061], [28.79761, 0.24172], [28.79837, 0.24191], [28.79902, 0.24332], [28.79893, 0.24342], [28.79902, 0.24361], [28.79823, 0.24449], [28.79837, 0.2451], [28.79865, 0.24679], [28.79977, 0.24773], [28.80043, 0.24895], [28.80184, 0.25036], [28.80343, 0.2496], [28.8055, 0.24989], [28.80644, 0.25176], [28.80775, 0.25317], [28.80944, 0.25636], [28.8101, 0.25749], [28.81019, 0.25946], [28.81132, 0.26143], [28.81423, 0.2634], [28.8162, 0.26453], [28.81658, 0.26622], [28.81705, 0.26753], [28.81705, 0.26783], [28.81705, 0.26904], [28.81761, 0.27054], [28.81758, 0.27077], [28.81761, 0.27084], [28.81745, 0.27224], [28.8193, 0.27326], [28.82061, 0.27392], [28.82155, 0.27495], [28.82193, 0.27777], [28.82343, 0.27852], [28.82399, 0.27936], [28.82625, 0.27936], [28.8284, 0.27993], [28.82906, 0.28105], [28.82962, 0.28255], [28.82991, 0.28387], [28.83066, 0.28509], [28.83085, 0.28631], [28.8315, 0.28725], [28.83188, 0.28922], [28.83188, 0.28952], [28.83188, 0.29063], [28.83216, 0.29147], [28.83329, 0.29138], [28.83451, 0.29138], [28.83507, 0.29213], [28.83535, 0.29354], [28.83638, 0.29494], [28.83751, 0.29579], [28.83807, 0.29645], [28.83929, 0.29757], [28.84051, 0.29898], [28.84145, 0.30001], [28.84211, 0.3003], [28.84314, 0.3003], [28.84375, 0.30139], [28.84368, 0.30156], [28.84375, 0.30168], [28.84302, 0.30357], [28.84345, 0.30755], [28.84343, 0.3077], [28.84345, 0.30785], [28.84302, 0.31151], [28.8442, 0.31312], [28.84435, 0.31643], [28.8457, 0.31809], [28.84916, 0.32034], [28.85127, 0.322], [28.85352, 0.3247], [28.85351, 0.32498], [28.85352, 0.325], [28.85337, 0.32741], [28.85202, 0.33057], [28.84976, 0.33358], [28.84961, 0.33644], [28.84861, 0.33903], [28.84916, 0.34125], [28.85277, 0.34095], [28.85623, 0.3411], [28.85759, 0.34321], [28.85999, 0.34516], [28.8624, 0.34622], [28.86571, 0.34547], [28.86812, 0.34516], [28.86806, 0.34547], [28.86812, 0.34546], [28.86769, 0.34775], [28.86827, 0.35269], [28.86826, 0.3529], [28.86827, 0.35298], [28.86813, 0.35603], [28.86902, 0.3587], [28.86932, 0.36066], [28.87158, 0.36036], [28.87353, 0.36051], [28.87449, 0.36302], [28.87581, 0.36343], [28.87647, 0.36467], [28.87704, 0.36689], [28.87795, 0.36813], [28.87992, 0.36969], [28.88075, 0.36985], [28.88272, 0.36969], [28.88396, 0.37018], [28.88634, 0.37076], [28.88791, 0.37191], [28.8884, 0.37298], [28.88848, 0.37413], [28.88922, 0.37479], [28.89103, 0.37487], [28.89178, 0.37578], [28.89235, 0.37644], [28.89433, 0.37636], [28.89606, 0.37636], [28.89704, 0.37776], [28.89976, 0.37751], [28.90132, 0.37809], [28.90206, 0.37907], [28.90198, 0.37926], [28.90206, 0.37937], [28.90163, 0.38031], [28.90206, 0.38154], [28.9033, 0.38294], [28.90536, 0.38294], [28.90816, 0.38261], [28.9103, 0.3822], [28.91128, 0.38302], [28.91202, 0.38401], [28.91375, 0.38376], [28.91532, 0.38327], [28.91696, 0.38451], [28.91696, 0.3848], [28.91696, 0.38549], [28.91721, 0.38689], [28.91877, 0.38615], [28.92207, 0.38483], [28.92363, 0.38434], [28.92486, 0.38516], [28.92626, 0.38467], [28.92733, 0.38376], [28.92964, 0.38393], [28.93174, 0.38396], [28.93191, 0.38281], [28.93299, 0.38253], [28.93408, 0.38373], [28.93505, 0.38224], [28.93745, 0.38167], [28.93893, 0.38264], [28.93956, 0.38476], [28.93984, 0.38607], [28.94173, 0.38744], [28.94236, 0.38801], [28.94367, 0.38784], [28.94487, 0.3867], [28.94618, 0.38595], [28.94693, 0.38727], [28.94824, 0.38744], [28.94932, 0.38698], [28.95047, 0.3855], [28.95218, 0.38504], [28.95315, 0.38624], [28.95384, 0.38767], [28.95481, 0.38847], [28.95652, 0.38795], [28.95732, 0.3887], [28.95846, 0.38904], [28.95858, 0.39029], [28.96012, 0.39029], [28.96212, 0.38967], [28.96309, 0.3887], [28.96394, 0.38881], [28.9644, 0.38978], [28.96437, 0.39001], [28.9644, 0.39008], [28.96429, 0.39088], [28.96417, 0.39236], [28.96414, 0.39276], [28.96509, 0.39321], [28.96611, 0.39258], [28.96737, 0.39172], [28.96788, 0.39246], [28.96897, 0.39429], [28.97017, 0.39578], [28.97125, 0.39566], [28.9724, 0.39486], [28.97274, 0.39355], [28.97365, 0.39195], [28.97594, 0.39218], [28.97674, 0.39355], [28.97765, 0.39475], [28.97942, 0.39566], [28.98102, 0.3964], [28.98159, 0.3968], [28.98256, 0.3976], [28.98254, 0.39789], [28.98256, 0.3979], [28.98252, 0.39859], [28.9833, 0.3992], [28.98336, 0.40029], [28.98484, 0.40103], [28.9849, 0.40172], [28.98542, 0.40252], [28.98582, 0.4032], [28.9873, 0.40257], [28.98759, 0.4018], [28.98724, 0.4007], [28.98639, 0.39996], [28.98648, 0.39974], [28.98639, 0.39966], [28.98701, 0.39829]]]}}, {"type": "Feature", "properties": {"zone": "Bulu", "province": "Sud-Ubangi", "confirmed_cases": 2, "confirmed_deaths": 1}, "geometry": {"type": "Polygon", "coordinates": [[[19.88082, 2.91292], [19.88727, 2.90861], [19.89778, 2.9101], [19.90626, 2.90904], [19.91231, 2.90438], [19.9172, 2.9007], [19.92006, 2.89651], [19.9239, 2.88726], [19.92731, 2.88307], [19.93056, 2.88027], [19.93438, 2.87782], [19.94071, 2.87509], [19.95009, 2.87553], [19.95306, 2.87568], [19.95752, 2.87533], [19.95833, 2.87527], [19.96224, 2.87324], [19.96773, 2.87329], [19.97775, 2.87823], [19.99237, 2.88136], [20.00263, 2.88538], [20.01923, 2.89636], [20.02493, 2.8965], [20.01794, 2.87779], [20.02796, 2.8544], [20.02998, 2.82528], [20.03263, 2.82418], [20.03368, 2.82397], [20.03493, 2.82376], [20.03701, 2.82251], [20.03888, 2.82126], [20.04013, 2.81647], [20.07013, 2.76606], [20.07887, 2.75211], [20.07882, 2.74979], [20.08211, 2.74677], [20.1035, 2.71401], [20.10363, 2.7131], [20.10324, 2.70191], [20.1022, 2.69462], [20.10283, 2.67983], [20.11438, 2.66981], [20.18364, 2.61193], [20.20947, 2.59048], [20.22509, 2.57465], [20.23551, 2.57006], [20.23613, 2.55861], [20.23738, 2.55132], [20.23676, 2.54278], [20.23426, 2.51903], [20.23801, 2.50966], [20.2428, 2.49758], [20.24571, 2.48217], [20.24655, 2.47238], [20.24988, 2.46675], [20.25509, 2.43096], [20.25562, 2.42728], [20.25589, 2.42562], [20.25807, 2.41174], [20.25832, 2.41072], [20.26116, 2.39911], [20.25869, 2.39472], [20.25596, 2.39331], [20.24978, 2.39371], [20.23915, 2.40442], [20.23525, 2.40577], [20.23273, 2.40574], [20.22117, 2.39481], [20.19725, 2.38468], [20.19391, 2.37545], [20.18826, 2.36872], [20.18371, 2.36591], [20.17619, 2.36308], [20.17051, 2.35911], [20.1626, 2.3496], [20.1585, 2.34772], [20.14325, 2.34756], [20.14226, 2.34756], [20.13643, 2.34448], [20.13248, 2.3424], [20.13065, 2.3424], [20.10823, 2.34239], [20.10299, 2.34095], [20.09777, 2.33676], [20.09621, 2.33237], [20.09785, 2.32848], [20.10912, 2.32146], [20.11018, 2.3174], [20.11023, 2.3172], [20.11031, 2.31687], [20.10652, 2.30762], [20.11278, 2.29871], [20.11007, 2.295], [20.10231, 2.29331], [20.09937, 2.2903], [20.0976, 2.28453], [20.10155, 2.27789], [20.10112, 2.27466], [20.09681, 2.27094], [20.08542, 2.26692], [20.08247, 2.26436], [20.07279, 2.24907], [20.06891, 2.24834], [20.06086, 2.25264], [20.06359, 2.25357], [20.0652, 2.25537], [20.06771, 2.2579], [20.06825, 2.26168], [20.06791, 2.26417], [20.06785, 2.26476], [20.06765, 2.26735], [20.06762, 2.26769], [20.06759, 2.26813], [20.06749, 2.26841], [20.06749, 2.2685], [20.0674, 2.2686], [20.0674, 2.26878], [20.0674, 2.26906], [20.0674, 2.26916], [20.0674, 2.26925], [20.0674, 2.26944], [20.0674, 2.26953], [20.0674, 2.26981], [20.0674, 2.27], [20.06721, 2.27028], [20.06712, 2.27065], [20.06712, 2.27084], [20.06721, 2.27103], [20.06721, 2.27112], [20.06721, 2.27131], [20.06721, 2.2714], [20.06721, 2.27159], [20.06721, 2.27168], [20.06721, 2.27177], [20.06721, 2.27187], [20.06721, 2.27196], [20.06721, 2.27205], [20.06721, 2.27215], [20.06721, 2.27233], [20.06712, 2.27243], [20.06703, 2.27261], [20.06693, 2.2728], [20.06665, 2.27308], [20.06665, 2.27317], [20.06647, 2.27345], [20.06647, 2.27355], [20.06628, 2.27383], [20.06628, 2.27401], [20.06619, 2.27401], [20.066, 2.2742], [20.06581, 2.27448], [20.06563, 2.27467], [20.06535, 2.27485], [20.06535, 2.27495], [20.06525, 2.27495], [20.06525, 2.27504], [20.06516, 2.27523], [20.06507, 2.27532], [20.06497, 2.27541], [20.06488, 2.2756], [20.06488, 2.27569], [20.06436, 2.27678], [20.06439, 2.27761], [20.06445, 2.27761], [20.06445, 2.27775], [20.06445, 2.27781], [20.06445, 2.27788], [20.06445, 2.27794], [20.06445, 2.27808], [20.06452, 2.27814], [20.06452, 2.27834], [20.06452, 2.27854], [20.06452, 2.2786], [20.06459, 2.27874], [20.06459, 2.2788], [20.06472, 2.27893], [20.06198, 2.28134], [20.06198, 2.2817], [20.06162, 2.2817], [20.06162, 2.28205], [20.06127, 2.28241], [20.06127, 2.28277], [20.06091, 2.28277], [20.06055, 2.28277], [20.06055, 2.28312], [20.0602, 2.28312], [20.05984, 2.28348], [20.05949, 2.28383], [20.05913, 2.28383], [20.05877, 2.28419], [20.05842, 2.28419], [20.05806, 2.28419], [20.05771, 2.28455], [20.05735, 2.28455], [20.05699, 2.2849], [20.05699, 2.28526], [20.05628, 2.28526], [20.05628, 2.28561], [20.05628, 2.28597], [20.05557, 2.28633], [20.05557, 2.28668], [20.05486, 2.28704], [20.0545, 2.28739], [20.0545, 2.28775], [20.05414, 2.28811], [20.05379, 2.28811], [20.05379, 2.28846], [20.05308, 2.28846], [20.05272, 2.28882], [20.05236, 2.28882], [20.05201, 2.28918], [20.05165, 2.28918], [20.0513, 2.28953], [20.05094, 2.28953], [20.05023, 2.28953], [20.04987, 2.28989], [20.04952, 2.29024], [20.04916, 2.2906], [20.04845, 2.2906], [20.04809, 2.2906], [20.04773, 2.2906], [20.04773, 2.29096], [20.04738, 2.29131], [20.04667, 2.29167], [20.04631, 2.29167], [20.04595, 2.29202], [20.0456, 2.29238], [20.04524, 2.29238], [20.04489, 2.29274], [20.04453, 2.29274], [20.04417, 2.29274], [20.04382, 2.29274], [20.04346, 2.29309], [20.0431, 2.29345], [20.04275, 2.2938], [20.04239, 2.2938], [20.04204, 2.2938], [20.04132, 2.2938], [20.04097, 2.2938], [20.04026, 2.2938], [20.03954, 2.2938], [20.03883, 2.2938], [20.03848, 2.2938], [20.03812, 2.2938], [20.03741, 2.29416], [20.03705, 2.29416], [20.0367, 2.29416], [20.03634, 2.29416], [20.03598, 2.29452], [20.03563, 2.29452], [20.03527, 2.29452], [20.03456, 2.29452], [20.03349, 2.29452], [20.03242, 2.29487], [20.03207, 2.29559], [20.03064, 2.2963], [20.02993, 2.29665], [20.02957, 2.29701], [20.02886, 2.29701], [20.02886, 2.29737], [20.02815, 2.29737], [20.02779, 2.29737], [20.02744, 2.29772], [20.02672, 2.29808], [20.02637, 2.29843], [20.02566, 2.29879], [20.02494, 2.2995], [20.02459, 2.29986], [20.02388, 2.30021], [20.02316, 2.30093], [20.02316, 2.30128], [20.02245, 2.30128], [20.02209, 2.302], [20.02138, 2.30235], [20.02067, 2.30271], [20.02031, 2.30306], [20.0196, 2.30342], [20.01925, 2.30378], [20.01853, 2.30449], [20.01853, 2.30484], [20.01818, 2.3052], [20.01747, 2.30556], [20.01675, 2.30591], [20.0164, 2.30627], [20.01568, 2.30662], [20.01568, 2.30698], [20.01533, 2.30734], [20.01497, 2.30805], [20.01426, 2.30841], [20.0139, 2.30912], [20.01355, 2.30947], [20.01284, 2.31054], [20.01212, 2.31125], [20.01177, 2.31197], [20.01141, 2.31232], [20.0107, 2.31268], [20.0107, 2.31303], [20.00999, 2.31339], [20.00963, 2.3141], [20.00892, 2.31446], [20.00856, 2.31482], [20.00785, 2.31553], [20.00749, 2.31588], [20.00678, 2.3166], [20.00678, 2.31695], [20.00643, 2.31695], [20.00607, 2.31731], [20.00571, 2.31766], [20.00536, 2.31802], [20.00465, 2.31873], [20.00393, 2.31873], [20.00358, 2.31909], [20.00322, 2.31944], [20.00286, 2.3198], [20.00251, 2.32051], [20.0018, 2.32087], [20.00108, 2.32123], [20.00073, 2.32158], [20.00073, 2.32194], [20.00002, 2.32265], [19.9993, 2.32301], [19.99895, 2.32336], [19.99859, 2.32372], [19.99824, 2.32407], [19.99788, 2.32443], [19.99717, 2.32479], [19.99717, 2.32514], [19.99645, 2.32514], [19.99645, 2.3255], [19.9961, 2.3255], [19.99574, 2.3255], [19.99539, 2.3255], [19.99503, 2.3255], [19.99432, 2.3255], [19.99396, 2.3255], [19.99325, 2.3255], [19.99289, 2.3255], [19.99254, 2.3255], [19.99218, 2.3255], [19.99183, 2.3255], [19.99147, 2.3255], [19.99111, 2.3255], [19.99076, 2.3255], [19.9904, 2.3255], [19.98969, 2.3255], [19.98933, 2.3255], [19.98898, 2.3255], [19.98862, 2.3255], [19.98648, 2.32401], [19.98078, 2.34177], [19.97462, 2.36095], [19.96996, 2.37549], [19.96921, 2.39244], [19.96217, 2.40971], [19.96153, 2.42442], [19.95066, 2.44552], [19.94377, 2.4589], [19.93787, 2.49348], [19.93583, 2.50544], [19.92636, 2.52098], [19.91549, 2.54912], [19.90834, 2.56762], [19.89694, 2.58429], [19.88593, 2.60041], [19.87904, 2.62202], [19.86817, 2.63609], [19.86113, 2.66103], [19.85026, 2.67574], [19.84578, 2.69557], [19.84198, 2.71241], [19.83946, 2.72358], [19.83562, 2.74059], [19.83201, 2.75656], [19.82945, 2.7679], [19.82685, 2.7794], [19.81445, 2.79341], [19.81381, 2.81132], [19.81351, 2.81961], [19.82535, 2.81936], [19.83997, 2.81906], [19.85337, 2.82362], [19.87043, 2.83459], [19.88444, 2.84129], [19.88782, 2.85316], [19.88792, 2.8535], [19.88163, 2.865], [19.87049, 2.88537], [19.86226, 2.90042], [19.86129, 2.9022], [19.85457, 2.91449], [19.85976, 2.91294], [19.8755, 2.91292], [19.87762, 2.91292], [19.88082, 2.91292]]]}}, {"type": "Feature", "properties": {"zone": "Buta", "province": "Bas-Uele", "confirmed_cases": 1, "confirmed_deaths": 1}, "geometry": {"type": "Polygon", "coordinates": [[[24.80119, 3.50241], [24.80489, 3.49391], [24.81473, 3.49533], [24.82574, 3.49238], [24.842, 3.49429], [24.85576, 3.48813], [24.8624, 3.4877], [24.87502, 3.48407], [24.88237, 3.47834], [24.89289, 3.47723], [24.89354, 3.47716], [24.89819, 3.47173], [24.9019, 3.47023], [24.90325, 3.46968], [24.90828, 3.47016], [24.90845, 3.47038], [24.90925, 3.46878], [24.91011, 3.46634], [24.91025, 3.46447], [24.91054, 3.46188], [24.91125, 3.459], [24.91268, 3.45555], [24.91365, 3.45322], [24.91423, 3.45181], [24.91503, 3.4499], [24.91498, 3.44991], [24.91492, 3.44992], [24.91492, 3.44992], [24.91533, 3.44881], [24.91563, 3.44771], [24.91601, 3.44631], [24.91649, 3.44455], [24.9164, 3.4423], [24.91682, 3.43956], [24.91714, 3.43744], [24.91738, 3.43584], [24.91836, 3.43433], [24.92014, 3.43243], [24.92142, 3.43107], [24.92199, 3.42946], [24.92175, 3.42536], [24.9221, 3.42263], [24.92288, 3.42055], [24.92442, 3.41918], [24.92678, 3.41709], [24.92774, 3.41412], [24.92829, 3.41306], [24.92823, 3.41056], [24.92815, 3.4073], [24.92882, 3.40563], [24.93037, 3.40367], [24.93078, 3.40236], [24.9309, 3.40058], [24.93072, 3.39695], [24.93132, 3.39363], [24.93268, 3.38893], [24.93374, 3.3853], [24.93417, 3.38156], [24.93446, 3.37901], [24.93524, 3.37604], [24.935, 3.37182], [24.93512, 3.36427], [24.93522, 3.35766], [24.93387, 3.35084], [24.93328, 3.34335], [24.93295, 3.33922], [24.93328, 3.33337], [24.93571, 3.32582], [24.941, 3.31275], [24.94968, 3.30003], [24.95532, 3.29379], [24.9597, 3.28895], [24.95883, 3.28244], [24.95788, 3.27893], [24.95493, 3.27291], [24.95355, 3.27009], [24.95203, 3.26792], [24.94798, 3.26373], [24.94517, 3.26248], [24.94178, 3.26208], [24.93889, 3.26252], [24.93739, 3.26275], [24.93388, 3.26329], [24.9273, 3.2627], [24.92422, 3.26243], [24.92083, 3.26342], [24.91281, 3.26676], [24.91326, 3.26194], [24.91678, 3.25504], [24.92574, 3.23164], [24.93028, 3.22393], [24.93327, 3.2225], [24.93721, 3.22062], [24.93996, 3.21818], [24.94218, 3.21666], [24.94455, 3.21408], [24.94628, 3.21056], [24.95016, 3.2061], [24.95092, 3.20436], [24.95123, 3.202], [24.95208, 3.20008], [24.95484, 3.19661], [24.95769, 3.19357], [24.96028, 3.19139], [24.96255, 3.18858], [24.96505, 3.18707], [24.96523, 3.18346], [24.965, 3.18132], [24.96376, 3.17873], [24.95997, 3.17396], [24.95822, 3.17176], [24.956, 3.16746], [24.95422, 3.16331], [24.95391, 3.16041], [24.95373, 3.15524], [24.95365, 3.15287], [24.95573, 3.14785], [24.95832, 3.14455], [24.96032, 3.14199], [24.96139, 3.14], [24.96277, 3.13644], [24.96344, 3.13363], [24.96585, 3.12988], [24.96701, 3.1293], [24.96884, 3.12839], [24.97182, 3.1261], [24.97397, 3.12444], [24.9765, 3.12119], [24.97751, 3.1199], [24.97762, 3.11794], [24.97806, 3.11629], [24.97904, 3.11518], [24.97965, 3.11431], [24.98108, 3.11167], [24.98234, 3.10935], [24.98436, 3.10702], [24.98559, 3.10367], [24.9862, 3.10201], [24.98819, 3.10326], [24.99482, 3.10641], [24.99728, 3.10887], [24.9996, 3.11051], [25.00562, 3.11297], [25.00919, 3.11443], [25.01982, 3.11448], [25.01984, 3.11064], [25.02305, 3.1103], [25.02476, 3.11012], [25.025, 3.1091], [25.02528, 3.10792], [25.02608, 3.1066], [25.02739, 3.10575], [25.02893, 3.1051], [25.02958, 3.10437], [25.03204, 3.10275], [25.03327, 3.10071], [25.03458, 3.09855], [25.03507, 3.09774], [25.0365, 3.09671], [25.03846, 3.09614], [25.04038, 3.09487], [25.04142, 3.09352], [25.04234, 3.09234], [25.04317, 3.09126], [25.04334, 3.08991], [25.04431, 3.08764], [25.0448, 3.08648], [25.04521, 3.08551], [25.04527, 3.08437], [25.046, 3.08287], [25.04757, 3.08053], [25.04934, 3.07845], [25.05038, 3.07564], [25.05146, 3.07449], [25.05646, 3.06913], [25.06003, 3.05992], [25.06372, 3.04715], [25.06357, 3.04431], [25.06347, 3.04253], [25.06442, 3.04135], [25.0657, 3.03973], [25.06622, 3.03858], [25.06622, 3.03643], [25.06676, 3.03566], [25.06534, 3.03316], [25.06365, 3.03108], [25.06307, 3.02847], [25.06292, 3.02478], [25.06272, 3.02001], [25.06219, 3.01789], [25.06215, 3.01597], [25.06257, 3.01466], [25.06365, 3.01251], [25.06553, 3.00986], [25.06591, 3.00882], [25.06643, 3.00744], [25.06638, 3.00551], [25.06634, 3.00419], [25.06695, 3.00251], [25.06747, 3.00109], [25.06857, 2.99967], [25.06984, 2.99802], [25.07066, 2.99695], [25.07053, 2.99517], [25.07041, 2.99355], [25.07118, 2.99044], [25.07157, 2.98888], [25.07103, 2.98702], [25.07026, 2.98438], [25.07034, 2.98248], [25.06988, 2.98075], [25.06942, 2.97906], [25.0673, 2.97775], [25.06649, 2.97691], [25.06611, 2.9756], [25.06551, 2.97357], [25.06472, 2.97214], [25.06272, 2.9701], [25.06199, 2.96852], [25.06053, 2.96668], [25.05988, 2.96479], [25.05942, 2.96346], [25.05957, 2.9616], [25.05896, 2.9596], [25.05773, 2.95749], [25.05688, 2.95541], [25.05507, 2.95341], [25.05446, 2.95095], [25.05388, 2.95003], [25.05328, 2.94907], [25.05065, 2.94638], [25.05011, 2.9448], [25.0499, 2.94258], [25.0493, 2.93973], [25.04901, 2.93895], [25.0487, 2.93814], [25.04808, 2.93732], [25.04741, 2.93643], [25.04707, 2.93572], [25.04681, 2.93518], [25.04628, 2.93329], [25.04487, 2.9317], [25.04262, 2.92874], [25.04188, 2.92776], [25.04192, 2.92651], [25.04183, 2.92578], [25.04166, 2.92443], [25.04117, 2.92358], [25.04007, 2.92163], [25.03764, 2.91939], [25.03671, 2.91853], [25.03386, 2.91436], [25.03143, 2.9108], [25.02685, 2.90554], [25.02579, 2.90342], [25.02484, 2.90152], [25.02132, 2.89887], [25.02132, 2.89887], [25.0203, 2.89743], [25.01948, 2.89627], [25.01893, 2.8955], [25.01872, 2.89399], [25.01852, 2.89251], [25.01789, 2.89162], [25.01553, 2.88827], [25.01292, 2.88457], [25.01135, 2.88235], [25.01033, 2.87884], [25.00943, 2.87577], [25.01079, 2.87538], [25.01223, 2.87522], [25.01299, 2.87513], [25.01429, 2.8754], [25.01587, 2.87574], [25.01791, 2.87668], [25.02109, 2.87683], [25.02109, 2.87683], [25.02208, 2.87708], [25.0234, 2.8774], [25.0234, 2.8774], [25.02734, 2.87922], [25.02788, 2.87926], [25.02992, 2.87941], [25.03093, 2.88002], [25.03117, 2.88017], [25.03198, 2.8805], [25.03404, 2.88134], [25.03547, 2.88192], [25.03584, 2.88207], [25.03584, 2.88207], [25.03942, 2.88259], [25.04442, 2.88418], [25.04442, 2.88418], [25.04582, 2.88414], [25.04809, 2.88369], [25.05131, 2.88532], [25.05247, 2.88535], [25.05472, 2.88543], [25.05539, 2.88577], [25.0565, 2.88634], [25.05726, 2.88699], [25.05779, 2.88744], [25.05959, 2.8883], [25.05975, 2.88838], [25.05975, 2.88838], [25.06071, 2.88884], [25.06071, 2.88884], [25.06312, 2.88876], [25.06513, 2.88975], [25.06795, 2.89113], [25.06876, 2.89121], [25.07009, 2.89134], [25.07138, 2.89213], [25.07138, 2.89213], [25.07312, 2.89321], [25.07448, 2.89349], [25.07467, 2.89353], [25.0758, 2.89377], [25.07721, 2.89456], [25.07721, 2.89456], [25.07898, 2.89554], [25.08115, 2.89736], [25.08222, 2.89825], [25.08222, 2.89825], [25.08304, 2.89929], [25.08486, 2.90008], [25.08552, 2.90037], [25.08635, 2.90074], [25.08961, 2.90268], [25.09213, 2.90417], [25.09565, 2.90697], [25.09687, 2.90812], [25.0997, 2.91076], [25.1009, 2.91154], [25.10163, 2.91201], [25.10338, 2.91314], [25.10542, 2.91334], [25.10628, 2.9133], [25.10784, 2.91322], [25.10939, 2.91357], [25.11057, 2.91383], [25.11212, 2.91451], [25.11333, 2.91504], [25.11508, 2.91481], [25.11659, 2.91489], [25.11659, 2.91489], [25.11886, 2.91553], [25.11931, 2.9158], [25.11992, 2.91618], [25.11992, 2.91618], [25.12223, 2.91584], [25.12223, 2.91584], [25.12405, 2.91625], [25.12405, 2.91625], [25.12537, 2.91655], [25.127, 2.91818], [25.12792, 2.91857], [25.12852, 2.91882], [25.13055, 2.91957], [25.13133, 2.91986], [25.13249, 2.92029], [25.1341, 2.92088], [25.13624, 2.92206], [25.13742, 2.92305], [25.13771, 2.92329], [25.13917, 2.92372], [25.1413, 2.924], [25.1413, 2.924], [25.14332, 2.92426], [25.14332, 2.92426], [25.14549, 2.92454], [25.14649, 2.92494], [25.14712, 2.92518], [25.14876, 2.92584], [25.14927, 2.92628], [25.15056, 2.9274], [25.15114, 2.92758], [25.1517, 2.92775], [25.15372, 2.92787], [25.15506, 2.92827], [25.15615, 2.92859], [25.15617, 2.92859], [25.1569, 2.92917], [25.15732, 2.92949], [25.15732, 2.92949], [25.15866, 2.93054], [25.16036, 2.93108], [25.16206, 2.93214], [25.16325, 2.93337], [25.16434, 2.9345], [25.16494, 2.93512], [25.1664, 2.93662], [25.16862, 2.9378], [25.16862, 2.9378], [25.1706, 2.94045], [25.17175, 2.94147], [25.17175, 2.94147], [25.17357, 2.94258], [25.17477, 2.94294], [25.17554, 2.94317], [25.17683, 2.94356], [25.17719, 2.94367], [25.17855, 2.94448], [25.18029, 2.94649], [25.18146, 2.94785], [25.18146, 2.94785], [25.18313, 2.9491], [25.1844, 2.94942], [25.18578, 2.95009], [25.18598, 2.95013], [25.1876, 2.95041], [25.18895, 2.95064], [25.1894, 2.95072], [25.19182, 2.95114], [25.19318, 2.95138], [25.1946, 2.95227], [25.19537, 2.95275], [25.19604, 2.95317], [25.19663, 2.95354], [25.19733, 2.95397], [25.19753, 2.9541], [25.19812, 2.95447], [25.19869, 2.95456], [25.19915, 2.95464], [25.19969, 2.95473], [25.20036, 2.95484], [25.20112, 2.95497], [25.20154, 2.95504], [25.20263, 2.95484], [25.20381, 2.95555], [25.20501, 2.95627], [25.20622, 2.95662], [25.20737, 2.95729], [25.20817, 2.95752], [25.2086, 2.95764], [25.20958, 2.95764], [25.21081, 2.95764], [25.21259, 2.95764], [25.21437, 2.95713], [25.21469, 2.95696], [25.21583, 2.95638], [25.21708, 2.95631], [25.21808, 2.95626], [25.2199, 2.95658], [25.22161, 2.95687], [25.22304, 2.95712], [25.22356, 2.95694], [25.22485, 2.9565], [25.22572, 2.95619], [25.22656, 2.9559], [25.22864, 2.95563], [25.23054, 2.95594], [25.23098, 2.95614], [25.23188, 2.95654], [25.23394, 2.95658], [25.23394, 2.95658], [25.2342, 2.95658], [25.23604, 2.95662], [25.23785, 2.95567], [25.23911, 2.95475], [25.23963, 2.95436], [25.24049, 2.95397], [25.24204, 2.95326], [25.24288, 2.95312], [25.24355, 2.95302], [25.24663, 2.9529], [25.24853, 2.95283], [25.25078, 2.95322], [25.25191, 2.95341], [25.25243, 2.95305], [25.25315, 2.95254], [25.25374, 2.95238], [25.25485, 2.95207], [25.25687, 2.95195], [25.25871, 2.95184], [25.25985, 2.95135], [25.26114, 2.9508], [25.26188, 2.95049], [25.26264, 2.95016], [25.26448, 2.94938], [25.26448, 2.94938], [25.26557, 2.94819], [25.26723, 2.94721], [25.26723, 2.94721], [25.26917, 2.94642], [25.27094, 2.94569], [25.27094, 2.94569], [25.27253, 2.9459], [25.27411, 2.94531], [25.27532, 2.94514], [25.2764, 2.94499], [25.27712, 2.94489], [25.27817, 2.94475], [25.2794, 2.94482], [25.28047, 2.94487], [25.28173, 2.9452], [25.28273, 2.94547], [25.28358, 2.9455], [25.28502, 2.94555], [25.28676, 2.9454], [25.28739, 2.94535], [25.28739, 2.94535], [25.29, 2.94547], [25.29159, 2.94554], [25.29224, 2.94575], [25.29403, 2.94634], [25.2959, 2.94694], [25.297, 2.9478], [25.29751, 2.9482], [25.29803, 2.9486], [25.30016, 2.94847], [25.30246, 2.94796], [25.30675, 2.94699], [25.30803, 2.94671], [25.3094, 2.9464], [25.31103, 2.94604], [25.31262, 2.94634], [25.31449, 2.94669], [25.31703, 2.94717], [25.3193, 2.94761], [25.32135, 2.94756], [25.32209, 2.94755], [25.32334, 2.94752], [25.32423, 2.94706], [25.32511, 2.94661], [25.32666, 2.94582], [25.32666, 2.94582], [25.32819, 2.9461], [25.33025, 2.9461], [25.33207, 2.94566], [25.33405, 2.94634], [25.33607, 2.94703], [25.33763, 2.94701], [25.33876, 2.9469], [25.33918, 2.94686], [25.33918, 2.94686], [25.33946, 2.9468], [25.34071, 2.94656], [25.34177, 2.94625], [25.3422, 2.94612], [25.34301, 2.9458], [25.34365, 2.94555], [25.34483, 2.94516], [25.34605, 2.94493], [25.34646, 2.9449], [25.34729, 2.94485], [25.34852, 2.94492], [25.34974, 2.94514], [25.35036, 2.94533], [25.3539, 2.94358], [25.365, 2.9381], [25.37483, 2.94228], [25.37941, 2.94114], [25.39822, 2.9297], [25.40466, 2.91891], [25.42762, 2.89735], [25.43063, 2.88769], [25.43684, 2.87851], [25.43738, 2.87636], [25.43711, 2.86884], [25.44517, 2.85115], [25.4413, 2.84607], [25.44154, 2.844], [25.45122, 2.82378], [25.45216, 2.81504], [25.45538, 2.80999], [25.46271, 2.81001], [25.4656, 2.80748], [25.471, 2.79255], [25.4706, 2.77782], [25.47336, 2.77253], [25.47293, 2.76494], [25.4778, 2.74516], [25.47302, 2.73594], [25.47327, 2.73157], [25.47809, 2.7256], [25.4772, 2.71869], [25.48109, 2.71754], [25.48636, 2.71734], [25.48865, 2.71505], [25.48912, 2.71091], [25.4898, 2.71045], [25.49692, 2.70564], [25.50039, 2.69576], [25.49879, 2.69391], [25.50638, 2.68404], [25.50685, 2.67852], [25.50586, 2.67525], [25.50391, 2.66884], [25.50215, 2.64885], [25.4999, 2.63777], [25.49539, 2.62422], [25.49046, 2.61845], [25.48841, 2.61649], [25.48308, 2.61142], [25.4705, 2.60245], [25.47098, 2.59518], [25.47566, 2.58803], [25.47765, 2.58499], [25.48498, 2.58087], [25.49048, 2.57997], [25.49599, 2.57239], [25.49601, 2.56733], [25.50636, 2.55194], [25.51048, 2.54989], [25.51507, 2.54461], [25.52796, 2.52325], [25.54496, 2.50121], [25.54453, 2.4904], [25.54661, 2.4858], [25.55173, 2.45686], [25.55267, 2.45153], [25.55722, 2.44244], [25.55865, 2.43959], [25.56485, 2.43431], [25.56645, 2.43366], [25.56989, 2.43226], [25.58659, 2.43116], [25.59117, 2.42934], [25.60607, 2.41857], [25.6173, 2.41354], [25.60565, 2.4047], [25.59622, 2.3956], [25.59704, 2.38374], [25.61467, 2.37531], [25.62123, 2.35735], [25.62738, 2.35045], [25.6405, 2.33952], [25.65239, 2.33963], [25.6569, 2.35277], [25.66838, 2.35329], [25.67453, 2.34843], [25.67999, 2.33952], [25.68004, 2.33927], [25.68012, 2.33671], [25.68059, 2.33619], [25.68201, 2.33463], [25.68697, 2.33224], [25.68762, 2.33134], [25.6884, 2.33054], [25.6893, 2.32988], [25.69028, 2.32935], [25.69106, 2.32942], [25.69185, 2.32937], [25.69261, 2.32919], [25.69334, 2.3289], [25.69402, 2.32849], [25.69462, 2.32798], [25.69513, 2.32738], [25.69554, 2.32671], [25.69584, 2.32598], [25.69602, 2.32521], [25.69686, 2.32319], [25.69781, 2.32122], [25.69896, 2.32042], [25.70015, 2.32007], [25.70185, 2.31957], [25.70364, 2.31833], [25.70438, 2.31699], [25.70589, 2.31589], [25.70699, 2.31548], [25.70791, 2.31474], [25.70832, 2.31392], [25.70754, 2.31093], [25.70681, 2.30336], [25.70699, 2.30189], [25.70795, 2.30048], [25.70875, 2.29898], [25.70938, 2.2974], [25.70984, 2.29576], [25.71012, 2.29408], [25.71004, 2.29293], [25.71016, 2.29178], [25.71045, 2.29067], [25.71092, 2.28962], [25.71155, 2.28866], [25.71233, 2.28781], [25.71324, 2.2871], [25.71433, 2.28637], [25.71532, 2.28551], [25.71619, 2.28453], [25.71692, 2.28344], [25.7175, 2.28227], [25.71793, 2.28103], [25.7182, 2.27975], [25.71866, 2.2764], [25.71953, 2.27401], [25.72031, 2.27259], [25.72052, 2.26903], [25.721, 2.26758], [25.72146, 2.2662], [25.7227, 2.2645], [25.72273, 2.26336], [25.72366, 2.26189], [25.72633, 2.25765], [25.72719, 2.25692], [25.72811, 2.25484], [25.72778, 2.25167], [25.72817, 2.25024], [25.7286, 2.24765], [25.73032, 2.24361], [25.73446, 2.23618], [25.73563, 2.23409], [25.74045, 2.22655], [25.72893, 2.22517], [25.70461, 2.20832], [25.69308, 2.19926], [25.679, 2.19146], [25.6598, 2.17849], [25.64188, 2.17321], [25.62396, 2.17304], [25.60699, 2.16769], [25.60205, 2.17442], [25.5961, 2.17487], [25.59335, 2.17647], [25.58741, 2.1753], [25.5842, 2.17736], [25.56957, 2.17501], [25.56477, 2.17707], [25.54625, 2.17494], [25.54077, 2.17239], [25.5275, 2.17396], [25.51994, 2.17784], [25.5119, 2.19116], [25.50685, 2.19529], [25.4977, 2.19641], [25.48877, 2.19983], [25.47825, 2.1991], [25.47161, 2.20184], [25.46567, 2.20159], [25.4627, 2.19974], [25.45675, 2.20064], [25.45127, 2.19855], [25.43641, 2.19919], [25.42632, 2.20606], [25.42501, 2.20606], [25.4238, 2.20605], [25.41534, 2.20671], [25.41305, 2.20924], [25.41554, 2.21431], [25.41279, 2.2166], [25.40249, 2.21817], [25.39768, 2.22161], [25.38464, 2.22409], [25.38165, 2.22915], [25.36996, 2.23716], [25.36195, 2.23828], [25.35947, 2.23997], [25.35819, 2.24085], [25.35324, 2.24423], [25.34681, 2.2518], [25.34656, 2.2571], [25.34013, 2.26536], [25.33874, 2.27018], [25.33323, 2.275], [25.32775, 2.27406], [25.3179, 2.27701], [25.31193, 2.28298], [25.3053, 2.28456], [25.29501, 2.28315], [25.28588, 2.27897], [25.28267, 2.27942], [25.2632, 2.28925], [25.24924, 2.28942], [25.21144, 2.30816], [25.19201, 2.30647], [25.18813, 2.30209], [25.18265, 2.30023], [25.17696, 2.29353], [25.17171, 2.29144], [25.16966, 2.2889], [25.16786, 2.28015], [25.16422, 2.27393], [25.15982, 2.26959], [25.15557, 2.26538], [25.14962, 2.26467], [25.14255, 2.26027], [25.14083, 2.2588], [25.14083, 2.25879], [25.14005, 2.25812], [25.14005, 2.25812], [25.13799, 2.25634], [25.12954, 2.25286], [25.1259, 2.24779], [25.12452, 2.23903], [25.12434, 2.23788], [25.12252, 2.23466], [25.12299, 2.23144], [25.11889, 2.22774], [25.11232, 2.21115], [25.11196, 2.21101], [25.11049, 2.21042], [25.10707, 2.20906], [25.09884, 2.2088], [25.09654, 2.21063], [25.0956, 2.21776], [25.09399, 2.21959], [25.09079, 2.22027], [25.08665, 2.22463], [25.08254, 2.2253], [25.07174, 2.23769], [25.0683, 2.23905], [25.06344, 2.25376], [25.05909, 2.25673], [25.05291, 2.25717], [25.05063, 2.25463], [25.04928, 2.24864], [25.04655, 2.24725], [25.04471, 2.24794], [25.04171, 2.25552], [25.03942, 2.25597], [25.0367, 2.2509], [25.03464, 2.24997], [25.03235, 2.2518], [25.02843, 2.26099], [25.0259, 2.26236], [25.0234, 2.25913], [25.02319, 2.2543], [25.01792, 2.25658], [25.01492, 2.26439], [25.01263, 2.26553], [25.0108, 2.26483], [25.00854, 2.25953], [25.00603, 2.25745], [25.0, 2.25803], [24.99916, 2.25811], [24.99369, 2.2551], [24.98978, 2.25946], [24.98612, 2.26013], [24.97881, 2.25711], [24.97471, 2.2525], [24.97174, 2.2534], [24.96554, 2.26028], [24.96234, 2.25981], [24.96052, 2.25681], [24.961, 2.25152], [24.95986, 2.24921], [24.95644, 2.24713], [24.95255, 2.24712], [24.95002, 2.25079], [24.95297, 2.25678], [24.95088, 2.26437], [24.94882, 2.26551], [24.94175, 2.26088], [24.93397, 2.26085], [24.92595, 2.26634], [24.92252, 2.26494], [24.91866, 2.25849], [24.91226, 2.25662], [24.90566, 2.24946], [24.90246, 2.24945], [24.89952, 2.24161], [24.89701, 2.23999], [24.8915, 2.24411], [24.88735, 2.25399], [24.88385, 2.25747], [24.87931, 2.26201], [24.87838, 2.26522], [24.8795, 2.27075], [24.87697, 2.27557], [24.86963, 2.27923], [24.86665, 2.28266], [24.86088, 2.2953], [24.8556, 2.29988], [24.85285, 2.30033], [24.85285, 2.30032], [24.85285, 2.30033], [24.84989, 2.29755], [24.85256, 2.2924], [24.85358, 2.29043], [24.85198, 2.28882], [24.83827, 2.28715], [24.83747, 2.28765], [24.83644, 2.28829], [24.83574, 2.29151], [24.84097, 2.2993], [24.84255, 2.30166], [24.84252, 2.30194], [24.84247, 2.30226], [24.84208, 2.30511], [24.84005, 2.30564], [24.83682, 2.30647], [24.83675, 2.30708], [24.83634, 2.31061], [24.83313, 2.31359], [24.8301, 2.32739], [24.82849, 2.32899], [24.82552, 2.32875], [24.82324, 2.32575], [24.82025, 2.33056], [24.82074, 2.33701], [24.8209, 2.33908], [24.8209, 2.33908], [24.8209, 2.33908], [24.81964, 2.34221], [24.81951, 2.34253], [24.81951, 2.34253], [24.81609, 2.34136], [24.81609, 2.34136], [24.81609, 2.34136], [24.8147, 2.33722], [24.81267, 2.33767], [24.81022, 2.34289], [24.80944, 2.34456], [24.80735, 2.34494], [24.79594, 2.34703], [24.7909, 2.34977], [24.78332, 2.35687], [24.77089, 2.37454], [24.76677, 2.37498], [24.76628, 2.37352], [24.76406, 2.36692], [24.76086, 2.36667], [24.75696, 2.3708], [24.75464, 2.37839], [24.75528, 2.38759], [24.75252, 2.39241], [24.74449, 2.39484], [24.74427, 2.39491], [24.74395, 2.39529], [24.74059, 2.39926], [24.73953, 2.40392], [24.73927, 2.40505], [24.73878, 2.40722], [24.73869, 2.40761], [24.73869, 2.40761], [24.73869, 2.40761], [24.73848, 2.40782], [24.73771, 2.40857], [24.7316, 2.4174], [24.7222, 2.42197], [24.72149, 2.4268], [24.72352, 2.43394], [24.72352, 2.43394], [24.72352, 2.43394], [24.72292, 2.43631], [24.72282, 2.4367], [24.72282, 2.4367], [24.72282, 2.4367], [24.72099, 2.4383], [24.72099, 2.4383], [24.72099, 2.4383], [24.71597, 2.43437], [24.71321, 2.43896], [24.71618, 2.44949], [24.71659, 2.45094], [24.71658, 2.45094], [24.71659, 2.45094], [24.71223, 2.45276], [24.70993, 2.45551], [24.70436, 2.45632], [24.70375, 2.4564], [24.70236, 2.45918], [24.70191, 2.46008], [24.70039, 2.46039], [24.69756, 2.46098], [24.69868, 2.46674], [24.69868, 2.46674], [24.69868, 2.46674], [24.69843, 2.46699], [24.69615, 2.46926], [24.69636, 2.4734], [24.69405, 2.47777], [24.69073, 2.47607], [24.68903, 2.47521], [24.68673, 2.47819], [24.68534, 2.48187], [24.68738, 2.48717], [24.68712, 2.49269], [24.68391, 2.49521], [24.68181, 2.4952], [24.68094, 2.4952], [24.68094, 2.4952], [24.68094, 2.4952], [24.6807, 2.49428], [24.67936, 2.48898], [24.67833, 2.48852], [24.67777, 2.48828], [24.66812, 2.49629], [24.66651, 2.49928], [24.66852, 2.50132], [24.67152, 2.50436], [24.67152, 2.50436], [24.67152, 2.50436], [24.67135, 2.50745], [24.67127, 2.50896], [24.67127, 2.50896], [24.67127, 2.50896], [24.66714, 2.51194], [24.66612, 2.51371], [24.6653, 2.51515], [24.66358, 2.51503], [24.66164, 2.5149], [24.65892, 2.50799], [24.65547, 2.51281], [24.65302, 2.51336], [24.65249, 2.51348], [24.65249, 2.51348], [24.65114, 2.50933], [24.65069, 2.50795], [24.64707, 2.51063], [24.64663, 2.51096], [24.64174, 2.51459], [24.63898, 2.51849], [24.63486, 2.51732], [24.63099, 2.51362], [24.62756, 2.51338], [24.62595, 2.51429], [24.62636, 2.52465], [24.62521, 2.52717], [24.62199, 2.53153], [24.6232, 2.5357], [24.62379, 2.53775], [24.62379, 2.53775], [24.62102, 2.5428], [24.6169, 2.54347], [24.6169, 2.54347], [24.6169, 2.54347], [24.61184, 2.54014], [24.60846, 2.53792], [24.60411, 2.53835], [24.60113, 2.54133], [24.60179, 2.5464], [24.59788, 2.55121], [24.59993, 2.55353], [24.59854, 2.55812], [24.60149, 2.56182], [24.60149, 2.56182], [24.60149, 2.56182], [24.60109, 2.56697], [24.60101, 2.56803], [24.59529, 2.56639], [24.59278, 2.56707], [24.58542, 2.57417], [24.58148, 2.58543], [24.58071, 2.58556], [24.58014, 2.58565], [24.57854, 2.58591], [24.57736, 2.5861], [24.57736, 2.5861], [24.57736, 2.5861], [24.57569, 2.58545], [24.56663, 2.58191], [24.56663, 2.58191], [24.56663, 2.58191], [24.5639, 2.57776], [24.55952, 2.58579], [24.56293, 2.59064], [24.56841, 2.59159], [24.57023, 2.59367], [24.57023, 2.59367], [24.57023, 2.59367], [24.56885, 2.5955], [24.56129, 2.598], [24.55345, 2.61292], [24.54968, 2.61522], [24.54932, 2.61543], [24.54923, 2.61563], [24.54793, 2.61842], [24.54519, 2.61887], [24.54154, 2.61448], [24.53832, 2.61792], [24.53578, 2.62458], [24.53558, 2.62705], [24.53556, 2.62724], [24.53549, 2.62817], [24.53544, 2.62877], [24.5353, 2.63056], [24.53757, 2.63356], [24.54297, 2.63449], [24.54305, 2.63451], [24.54383, 2.63649], [24.54396, 2.63681], [24.54211, 2.64118], [24.54211, 2.64118], [24.54211, 2.64118], [24.54151, 2.64117], [24.53959, 2.64117], [24.53185, 2.634], [24.52796, 2.63398], [24.52543, 2.63581], [24.52059, 2.64453], [24.51921, 2.64469], [24.5167, 2.64498], [24.51191, 2.64173], [24.50893, 2.64172], [24.50823, 2.64448], [24.51072, 2.6507], [24.51072, 2.6507], [24.51072, 2.6507], [24.51056, 2.65099], [24.51013, 2.65174], [24.50865, 2.65438], [24.50407, 2.65505], [24.50087, 2.65296], [24.50087, 2.65296], [24.49793, 2.64604], [24.49541, 2.6458], [24.49264, 2.65315], [24.48988, 2.6559], [24.48988, 2.6559], [24.48988, 2.6559], [24.48691, 2.65497], [24.48397, 2.64552], [24.47523, 2.65698], [24.47523, 2.65698], [24.47523, 2.65699], [24.47463, 2.65717], [24.47436, 2.65726], [24.47261, 2.6578], [24.47156, 2.65812], [24.47156, 2.65812], [24.47156, 2.65812], [24.46897, 2.65549], [24.46839, 2.6549], [24.46737, 2.65387], [24.46661, 2.65309], [24.4645, 2.65095], [24.46083, 2.65278], [24.45951, 2.65723], [24.45922, 2.65824], [24.4592, 2.65828], [24.45804, 2.6622], [24.45482, 2.66633], [24.44656, 2.67158], [24.44382, 2.67134], [24.43971, 2.66741], [24.43171, 2.66691], [24.42643, 2.6627], [24.42532, 2.66182], [24.42247, 2.66143], [24.42007, 2.66111], [24.41001, 2.6661], [24.40814, 2.66703], [24.40814, 2.66703], [24.40814, 2.66703], [24.40449, 2.66379], [24.40364, 2.66159], [24.40177, 2.65677], [24.4017, 2.65658], [24.4014, 2.65582], [24.40097, 2.6547], [24.40065, 2.65388], [24.39802, 2.65579], [24.39767, 2.65604], [24.3973, 2.65631], [24.3956, 2.65754], [24.38301, 2.66001], [24.37773, 2.66252], [24.37544, 2.66205], [24.3649, 2.66591], [24.35622, 2.66311], [24.35462, 2.66431], [24.35432, 2.66454], [24.35307, 2.66549], [24.34956, 2.66814], [24.34154, 2.67179], [24.34066, 2.6717], [24.33216, 2.67082], [24.33154, 2.67143], [24.32917, 2.6738], [24.32345, 2.67239], [24.32024, 2.67399], [24.31361, 2.67304], [24.31292, 2.67395], [24.31037, 2.67923], [24.30096, 2.68411], [24.29686, 2.68624], [24.29377, 2.68785], [24.28928, 2.69018], [24.28928, 2.69018], [24.28928, 2.69018], [24.28871, 2.6901], [24.28584, 2.6897], [24.28584, 2.6897], [24.28584, 2.6897], [24.28481, 2.68791], [24.28358, 2.68578], [24.28152, 2.68531], [24.27692, 2.68897], [24.27006, 2.68871], [24.26929, 2.68786], [24.26756, 2.68595], [24.26756, 2.68595], [24.26752, 2.68591], [24.26752, 2.68591], [24.26752, 2.68591], [24.26733, 2.6857], [24.26715, 2.6847], [24.26711, 2.68445], [24.26644, 2.68063], [24.26347, 2.68039], [24.25635, 2.68496], [24.25132, 2.6847], [24.24854, 2.68942], [24.24812, 2.69013], [24.24782, 2.69064], [24.24774, 2.69078], [24.24763, 2.69097], [24.24578, 2.69411], [24.24485, 2.69488], [24.24466, 2.69504], [24.24374, 2.69581], [24.24165, 2.69755], [24.23591, 2.69959], [24.23591, 2.69959], [24.23591, 2.69959], [24.23479, 2.69636], [24.23595, 2.69314], [24.23393, 2.69386], [24.23022, 2.69519], [24.23087, 2.69956], [24.22979, 2.7028], [24.22972, 2.70301], [24.22972, 2.70301], [24.22972, 2.70301], [24.22673, 2.7053], [24.22101, 2.70688], [24.22017, 2.70671], [24.21902, 2.70648], [24.21163, 2.70499], [24.2029, 2.71232], [24.2029, 2.71232], [24.2029, 2.71232], [24.20219, 2.71217], [24.19284, 2.71019], [24.18935, 2.71199], [24.18665, 2.71339], [24.18109, 2.72068], [24.17715, 2.72585], [24.17195, 2.73231], [24.16678, 2.74344], [24.16677, 2.7538], [24.16642, 2.75961], [24.16626, 2.76215], [24.16694, 2.76384], [24.16743, 2.76507], [24.17497, 2.76592], [24.17996, 2.76532], [24.1825, 2.76501], [24.18625, 2.76378], [24.18973, 2.76264], [24.18973, 2.76264], [24.18973, 2.76264], [24.18984, 2.76264], [24.19176, 2.76263], [24.19466, 2.76437], [24.1947, 2.76501], [24.19504, 2.77102], [24.19641, 2.80091], [24.19613, 2.80195], [24.19349, 2.81192], [24.1941, 2.81814], [24.19414, 2.8186], [24.19297, 2.82042], [24.18515, 2.83259], [24.18468, 2.8365], [24.18486, 2.83927], [24.18489, 2.83973], [24.18874, 2.84665], [24.19133, 2.84986], [24.19191, 2.85058], [24.19489, 2.85428], [24.20013, 2.85723], [24.20516, 2.86007], [24.20516, 2.86007], [24.21177, 2.86379], [24.21521, 2.86242], [24.21507, 2.85892], [24.2146, 2.84747], [24.21645, 2.84448], [24.22044, 2.8429], [24.22218, 2.84221], [24.22219, 2.84014], [24.22721, 2.83876], [24.22857, 2.83839], [24.229, 2.83827], [24.23043, 2.83788], [24.23742, 2.84624], [24.23931, 2.84851], [24.2398, 2.84885], [24.24379, 2.8516], [24.2457, 2.85291], [24.25324, 2.85594], [24.25941, 2.85551], [24.26081, 2.85275], [24.25947, 2.84377], [24.25984, 2.8429], [24.26179, 2.83825], [24.26501, 2.83551], [24.27079, 2.83375], [24.27692, 2.83189], [24.28327, 2.83412], [24.28925, 2.83816], [24.29234, 2.8426], [24.29471, 2.84601], [24.29643, 2.85048], [24.2972, 2.85247], [24.29601, 2.86029], [24.29714, 2.86305], [24.29875, 2.86283], [24.30223, 2.85502], [24.30613, 2.85113], [24.31391, 2.85163], [24.31961, 2.85603], [24.32236, 2.85535], [24.32304, 2.85374], [24.31736, 2.8452], [24.31625, 2.83944], [24.31709, 2.83326], [24.31744, 2.8307], [24.31975, 2.82496], [24.32366, 2.82198], [24.32894, 2.81833], [24.33375, 2.81812], [24.34124, 2.83104], [24.34625, 2.83544], [24.35037, 2.83638], [24.35335, 2.83478], [24.35485, 2.83215], [24.3582, 2.82629], [24.36187, 2.82446], [24.36964, 2.82634], [24.37172, 2.82744], [24.37514, 2.82925], [24.37514, 2.82925], [24.3806, 2.83215], [24.3854, 2.83263], [24.39007, 2.83153], [24.39041, 2.83145], [24.39502, 2.83037], [24.39982, 2.83109], [24.40124, 2.83227], [24.4135, 2.84243], [24.41627, 2.84232], [24.41695, 2.83876], [24.41589, 2.83551], [24.4153, 2.83371], [24.4147, 2.83186], [24.41586, 2.82886], [24.41976, 2.82565], [24.43099, 2.82248], [24.439, 2.82229], [24.44222, 2.81908], [24.44293, 2.81425], [24.43845, 2.80949], [24.42334, 2.79345], [24.42223, 2.78701], [24.42295, 2.77986], [24.42662, 2.77736], [24.43395, 2.77601], [24.44267, 2.77053], [24.44702, 2.77101], [24.45503, 2.77502], [24.45576, 2.77804], [24.4586, 2.7897], [24.46544, 2.79617], [24.47323, 2.79742], [24.47654, 2.79795], [24.49059, 2.8002], [24.49929, 2.80001], [24.50108, 2.80923], [24.50611, 2.80971], [24.51061, 2.81215], [24.51306, 2.81404], [24.51429, 2.82217], [24.51312, 2.82999], [24.51902, 2.84061], [24.52261, 2.85535], [24.52213, 2.86179], [24.51751, 2.87075], [24.51243, 2.88039], [24.4998, 2.89023], [24.49335, 2.89803], [24.4841, 2.91916], [24.482, 2.92767], [24.48324, 2.95736], [24.4871, 2.96567], [24.49078, 2.97679], [24.49407, 2.9924], [24.49494, 3.00253], [24.49123, 3.01195], [24.49074, 3.01977], [24.49369, 3.02623], [24.49589, 3.03941], [24.49661, 3.04369], [24.4977, 3.05018], [24.4951, 3.06697], [24.49691, 3.0732], [24.50238, 3.07805], [24.51334, 3.08363], [24.51539, 3.08732], [24.52846, 3.09752], [24.53021, 3.09889], [24.5325, 3.09996], [24.54369, 3.10517], [24.55056, 3.10497], [24.56837, 3.11587], [24.5732, 3.11151], [24.5764, 3.11176], [24.58415, 3.11939], [24.59217, 3.11827], [24.59537, 3.12013], [24.59686, 3.12279], [24.59809, 3.12497], [24.60493, 3.13099], [24.60996, 3.13239], [24.61221, 3.13176], [24.61799, 3.13012], [24.62805, 3.13339], [24.62848, 3.13325], [24.63114, 3.1324], [24.63584, 3.13089], [24.65347, 3.13051], [24.6569, 3.13134], [24.66605, 3.13355], [24.677, 3.14281], [24.67652, 3.14695], [24.66962, 3.15429], [24.66915, 3.15843], [24.67552, 3.16674], [24.678, 3.17665], [24.68323, 3.18496], [24.69236, 3.19121], [24.6965, 3.18639], [24.70049, 3.1634], [24.70465, 3.15444], [24.71636, 3.15368], [24.71898, 3.15689], [24.71878, 3.169], [24.71915, 3.1904], [24.71021, 3.2045], [24.70714, 3.2102], [24.70346, 3.21934], [24.70201, 3.23545], [24.70181, 3.23623], [24.70017, 3.24249], [24.69666, 3.25591], [24.69799, 3.26627], [24.69542, 3.27892], [24.6958, 3.2862], [24.69647, 3.29895], [24.69553, 3.30608], [24.70092, 3.32958], [24.70432, 3.33788], [24.70201, 3.34294], [24.699, 3.35144], [24.69788, 3.35313], [24.69548, 3.35674], [24.69047, 3.36429], [24.68486, 3.37683], [24.68399, 3.37877], [24.67135, 3.39022], [24.66717, 3.40286], [24.65038, 3.41937], [24.63614, 3.43012], [24.62855, 3.43584], [24.62745, 3.4363], [24.62418, 3.43766], [24.62114, 3.43892], [24.61593, 3.44108], [24.60356, 3.44241], [24.60283, 3.44285], [24.60242, 3.44309], [24.60242, 3.44309], [24.59782, 3.44584], [24.59761, 3.44628], [24.59699, 3.4476], [24.59684, 3.44791], [24.5967, 3.44823], [24.59725, 3.4489], [24.59669, 3.44823], [24.59653, 3.44857], [24.59522, 3.45136], [24.59296, 3.45617], [24.59136, 3.4564], [24.57919, 3.46348], [24.59154, 3.46722], [24.60001, 3.4684], [24.60254, 3.46726], [24.60459, 3.46842], [24.60683, 3.47695], [24.61256, 3.47951], [24.62126, 3.47932], [24.64423, 3.49669], [24.64911, 3.50038], [24.66287, 3.49791], [24.66609, 3.4947], [24.67044, 3.49334], [24.67345, 3.48714], [24.67781, 3.48462], [24.67716, 3.47634], [24.68682, 3.4674], [24.68962, 3.46626], [24.69806, 3.46284], [24.70304, 3.46527], [24.71156, 3.46635], [24.72372, 3.46087], [24.72806, 3.46481], [24.72928, 3.47931], [24.73164, 3.48302], [24.74134, 3.4815], [24.7431, 3.48122], [24.75132, 3.48839], [24.76277, 3.48912], [24.7662, 3.48914], [24.78493, 3.50188], [24.78929, 3.50282], [24.80119, 3.50241]]]}}, {"type": "Feature", "properties": {"zone": "Dungu", "province": "Haut-Uele", "confirmed_cases": 1, "confirmed_deaths": 1}, "geometry": {"type": "Polygon", "coordinates": [[[29.53745, 4.67846], [29.55653, 4.67614], [29.58155, 4.67624], [29.5935, 4.66908], [29.65011, 4.6657], [29.69312, 4.63884], [29.73317, 4.60536], [29.75641, 4.60425], [29.77189, 4.60551], [29.78968, 4.60239], [29.79223, 4.59916], [29.79882, 4.59526], [29.79882, 4.59526], [29.81056, 4.58831], [29.82269, 4.57816], [29.82377, 4.57768], [29.82392, 4.57767], [29.83369, 4.57376], [29.83476, 4.57303], [29.83481, 4.57285], [29.83542, 4.57258], [29.84079, 4.56891], [29.83891, 4.56432], [29.83891, 4.56411], [29.83257, 4.54791], [29.82699, 4.53363], [29.81633, 4.51683], [29.81622, 4.51687], [29.81514, 4.51495], [29.81518, 4.50365], [29.81518, 4.50365], [29.8152, 4.49813], [29.81455, 4.49252], [29.81361, 4.48446], [29.81351, 4.48441], [29.81322, 4.48112], [29.81264, 4.47617], [29.81001, 4.45363], [29.80992, 4.45037], [29.80924, 4.42666], [29.80902, 4.41921], [29.80897, 4.41747], [29.80898, 4.41655], [29.80904, 4.41517], [29.80938, 4.40761], [29.80941, 4.40757], [29.8094, 4.40564], [29.80948, 4.40534], [29.81004, 4.3927], [29.81026, 4.38752], [29.80553, 4.3563], [29.80299, 4.34871], [29.79265, 4.33354], [29.78252, 4.31123], [29.77218, 4.29974], [29.76435, 4.28134], [29.75379, 4.27215], [29.74322, 4.26158], [29.73611, 4.25998], [29.73359, 4.25677], [29.72079, 4.25672], [29.71039, 4.25187], [29.69701, 4.2434], [29.69079, 4.23405], [29.68422, 4.21243], [29.68833, 4.20552], [29.69, 4.19382], [29.69105, 4.18641], [29.6875, 4.17745], [29.68276, 4.16548], [29.67729, 4.16211], [29.67605, 4.16135], [29.67381, 4.15997], [29.67358, 4.15721], [29.67379, 4.15679], [29.6786, 4.14707], [29.67836, 4.14553], [29.67814, 4.14408], [29.67447, 4.1404], [29.67344, 4.13786], [29.67281, 4.1363], [29.66733, 4.12269], [29.67119, 4.10358], [29.67026, 4.09414], [29.67219, 4.0872], [29.67231, 4.08677], [29.67234, 4.08673], [29.67231, 4.08669], [29.6721, 4.08316], [29.67204, 4.08212], [29.672, 4.08151], [29.67196, 4.08087], [29.6716, 4.0748], [29.66907, 4.06629], [29.66309, 4.05871], [29.66191, 4.04597], [29.66123, 4.03869], [29.65892, 4.0327], [29.65571, 4.02949], [29.65416, 4.02928], [29.65314, 4.02915], [29.65227, 4.02903], [29.64838, 4.03088], [29.64425, 4.02974], [29.64081, 4.02698], [29.63506, 4.01801], [29.62451, 4.01044], [29.62186, 4.0093], [29.61956, 4.00832], [29.61809, 4.00769], [29.61511, 4.00792], [29.61388, 4.00896], [29.61076, 4.01161], [29.60824, 4.01162], [29.60296, 4.0084], [29.59494, 4.00957], [29.57888, 4.00085], [29.5555, 3.99375], [29.55679, 3.98496], [29.56128, 3.97746], [29.56725, 3.97448], [29.5871, 3.96858], [29.59126, 3.96737], [29.6096, 3.96232], [29.61584, 3.9593], [29.61751, 3.95849], [29.6299, 3.95248], [29.64157, 3.939], [29.64616, 3.90714], [29.64054, 3.89659], [29.63523, 3.88394], [29.63241, 3.87836], [29.63177, 3.87707], [29.62934, 3.87225], [29.62265, 3.85898], [29.62562, 3.85391], [29.62603, 3.85375], [29.63272, 3.85113], [29.63477, 3.8433], [29.63751, 3.84099], [29.64462, 3.8419], [29.64919, 3.83775], [29.64551, 3.8251], [29.64619, 3.8221], [29.65237, 3.81956], [29.65461, 3.81381], [29.65534, 3.81196], [29.66426, 3.80274], [29.66539, 3.79606], [29.66676, 3.79468], [29.67433, 3.79535], [29.67612, 3.79483], [29.68234, 3.79304], [29.68636, 3.7932], [29.68784, 3.79326], [29.69036, 3.79118], [29.68989, 3.78404], [29.69217, 3.78013], [29.69514, 3.77874], [29.69789, 3.77298], [29.67888, 3.76548], [29.67016, 3.76007], [29.66772, 3.75856], [29.65153, 3.74852], [29.63311, 3.73522], [29.62348, 3.71557], [29.62218, 3.71292], [29.61948, 3.70741], [29.6194, 3.70741], [29.61506, 3.69881], [29.60649, 3.68518], [29.56363, 3.67538], [29.55752, 3.68221], [29.55346, 3.68677], [29.55184, 3.69127], [29.55045, 3.69518], [29.54212, 3.69213], [29.51534, 3.6824], [29.47251, 3.66297], [29.43789, 3.65211], [29.43102, 3.65235], [29.42986, 3.64315], [29.43237, 3.63417], [29.43694, 3.62863], [29.43868, 3.62778], [29.44055, 3.62686], [29.44078, 3.62675], [29.45434, 3.62009], [29.45731, 3.61732], [29.46005, 3.61018], [29.46532, 3.60879], [29.47149, 3.60395], [29.4733, 3.58829], [29.46757, 3.58071], [29.46847, 3.5738], [29.4664, 3.56851], [29.468, 3.56413], [29.46089, 3.55586], [29.45948, 3.55111], [29.45905, 3.54965], [29.45805, 3.54768], [29.4575, 3.54659], [29.45333, 3.53836], [29.44508, 3.51336], [29.44475, 3.51106], [29.44462, 3.51016], [29.44305, 3.49921], [29.43089, 3.48592], [29.4263, 3.48453], [29.42411, 3.48386], [29.42285, 3.48348], [29.40704, 3.48921], [29.399, 3.48797], [29.39366, 3.48284], [29.39062, 3.47539], [29.38918, 3.47187], [29.38724, 3.46712], [29.38444, 3.45983], [29.37743, 3.44155], [29.37069, 3.41324], [29.36537, 3.40209], [29.35795, 3.39333], [29.34812, 3.38355], [29.34421, 3.38692], [29.34371, 3.38735], [29.3427, 3.38823], [29.34177, 3.38831], [29.33619, 3.38876], [29.3253, 3.38964], [29.31499, 3.39287], [29.30608, 3.40739], [29.2999, 3.40878], [29.29716, 3.41154], [29.29396, 3.42006], [29.28944, 3.42386], [29.28298, 3.42929], [29.28184, 3.43251], [29.26673, 3.43967], [29.26582, 3.44519], [29.25941, 3.44819], [29.26079, 3.4521], [29.25827, 3.45395], [29.25255, 3.45235], [29.2459, 3.4443], [29.23399, 3.44661], [29.23344, 3.44644], [29.23313, 3.44634], [29.22972, 3.44526], [29.22901, 3.44503], [29.22895, 3.44501], [29.22505, 3.44133], [29.22351, 3.44166], [29.22339, 3.44169], [29.22169, 3.44205], [29.21749, 3.44295], [29.21543, 3.43628], [29.21338, 3.43423], [29.21291, 3.43376], [29.21289, 3.43378], [29.21063, 3.43734], [29.21042, 3.43768], [29.21001, 3.43833], [29.20993, 3.43845], [29.20905, 3.43983], [29.20605, 3.44458], [29.20124, 3.44735], [29.19235, 3.44934], [29.19206, 3.44934], [29.19182, 3.44934], [29.19094, 3.44935], [29.18941, 3.45186], [29.18922, 3.45218], [29.18865, 3.45312], [29.18797, 3.45956], [29.18385, 3.46233], [29.17996, 3.46878], [29.17149, 3.47132], [29.15799, 3.484], [29.15568, 3.48168], [29.1548, 3.48079], [29.15286, 3.47885], [29.15014, 3.47612], [29.14948, 3.47546], [29.14882, 3.4748], [29.14722, 3.47143], [29.14722, 3.47143], [29.14653, 3.46997], [29.14616, 3.46978], [29.14562, 3.46952], [29.14332, 3.46836], [29.1392, 3.46929], [29.13613, 3.46597], [29.13518, 3.46495], [29.13, 3.45935], [29.12463, 3.45354], [29.12303, 3.45181], [29.1229, 3.45168], [29.12154, 3.4502], [29.12085, 3.4456], [29.12392, 3.43759], [29.12455, 3.43595], [29.12473, 3.43547], [29.12609, 3.42373], [29.12998, 3.42004], [29.1286, 3.41475], [29.12862, 3.41412], [29.12865, 3.41314], [29.12882, 3.40646], [29.13231, 3.40184], [29.13269, 3.40134], [29.13317, 3.4007], [29.13408, 3.39725], [29.13179, 3.39311], [29.12743, 3.38989], [29.12534, 3.37674], [29.1207, 3.37024], [29.11882, 3.3676], [29.11112, 3.35682], [29.09976, 3.34361], [29.09451, 3.33749], [29.06781, 3.3079], [29.04587, 3.2796], [29.03013, 3.26689], [29.02241, 3.25934], [29.00456, 3.25265], [28.9891, 3.24574], [28.98712, 3.24406], [28.97485, 3.23364], [28.96211, 3.21282], [28.95948, 3.20168], [28.95966, 3.19312], [28.9597, 3.19142], [28.95984, 3.18483], [28.95929, 3.18351], [28.95884, 3.18243], [28.95319, 3.16887], [28.9477, 3.16934], [28.94518, 3.16796], [28.9415, 3.15231], [28.92959, 3.14243], [28.92661, 3.13645], [28.91355, 3.12173], [28.90668, 3.11805], [28.90243, 3.11866], [28.89799, 3.11931], [28.89799, 3.11931], [28.89546, 3.11967], [28.89272, 3.11898], [28.88996, 3.11829], [28.88516, 3.116], [28.88126, 3.11209], [28.87896, 3.10518], [28.87964, 3.09283], [28.87971, 3.09152], [28.88032, 3.08033], [28.87963, 3.07457], [28.87688, 3.0702], [28.86772, 3.06561], [28.85608, 3.04987], [28.84568, 3.0423], [28.82215, 3.0447], [28.80456, 3.04485], [28.79354, 3.05116], [28.79116, 3.04864], [28.78982, 3.04723], [28.78941, 3.04679], [28.78333, 3.04714], [28.77705, 3.04749], [28.77271, 3.04911], [28.77195, 3.04904], [28.77125, 3.04898], [28.77029, 3.0489], [28.76744, 3.04866], [28.76469, 3.04842], [28.76469, 3.04934], [28.7592, 3.04797], [28.75599, 3.04613], [28.75115, 3.038], [28.74408, 3.02611], [28.74864, 3.01046], [28.74635, 3.00033], [28.75, 2.9879], [28.75022, 2.97775], [28.74761, 2.96771], [28.73512, 2.94354], [28.7351, 2.94349], [28.71175, 2.93246], [28.71037, 2.92279], [28.70785, 2.9175], [28.70418, 2.91428], [28.70533, 2.90738], [28.69777, 2.90301], [28.69479, 2.89012], [28.69381, 2.88927], [28.69337, 2.88889], [28.69135, 2.88713], [28.69181, 2.88322], [28.69547, 2.88069], [28.70381, 2.88034], [28.70469, 2.88031], [28.70691, 2.88022], [28.70989, 2.87837], [28.71061, 2.87545], [28.71148, 2.87193], [28.70942, 2.86019], [28.70369, 2.85099], [28.70161, 2.8512], [28.69031, 2.85137], [28.68401, 2.85146], [28.68195, 2.84755], [28.68126, 2.83858], [28.67645, 2.83812], [28.66982, 2.84181], [28.66964, 2.84247], [28.66949, 2.84301], [28.66913, 2.84434], [28.67234, 2.85147], [28.6706, 2.85451], [28.67042, 2.85483], [28.66963, 2.8562], [28.66941, 2.8566], [28.66799, 2.85907], [28.66743, 2.85928], [28.66694, 2.85947], [28.65838, 2.86276], [28.6581, 2.86327], [28.65794, 2.86355], [28.65289, 2.87266], [28.64981, 2.87266], [28.64901, 2.87266], [28.64557, 2.87266], [28.63481, 2.85679], [28.6268, 2.85633], [28.62499, 2.85516], [28.62359, 2.85426], [28.61124, 2.85979], [28.60957, 2.85962], [28.60881, 2.85954], [28.6073, 2.85938], [28.60025, 2.85865], [28.59991, 2.85761], [28.59956, 2.85657], [28.60133, 2.85479], [28.60224, 2.85388], [28.60665, 2.84944], [28.6078, 2.84575], [28.60688, 2.84299], [28.5975, 2.84069], [28.59292, 2.83655], [28.58834, 2.83725], [28.58605, 2.83426], [28.58765, 2.82988], [28.58101, 2.82114], [28.57895, 2.81378], [28.57414, 2.81171], [28.57231, 2.81286], [28.56956, 2.81148], [28.5659, 2.80066], [28.56396, 2.80175], [28.5635, 2.80257], [28.56244, 2.80497], [28.55904, 2.81264], [28.56133, 2.81747], [28.56133, 2.82453], [28.56133, 2.827], [28.56133, 2.8345], [28.5666, 2.84255], [28.56382, 2.84471], [28.56225, 2.84592], [28.56065, 2.84716], [28.55621, 2.85218], [28.55333, 2.85545], [28.5543, 2.86237], [28.5543, 2.86237], [28.55471, 2.86534], [28.55279, 2.8732], [28.55253, 2.87425], [28.55208, 2.87609], [28.55199, 2.87646], [28.55185, 2.87704], [28.55065, 2.88188], [28.54922, 2.88721], [28.54739, 2.88767], [28.54488, 2.88698], [28.5419, 2.88307], [28.54135, 2.88292], [28.54058, 2.88271], [28.54006, 2.88256], [28.53022, 2.87985], [28.52488, 2.88], [28.52176, 2.88008], [28.51947, 2.87847], [28.51924, 2.87525], [28.52249, 2.87034], [28.52656, 2.8642], [28.53136, 2.86098], [28.53368, 2.85207], [28.53375, 2.8518], [28.534, 2.85083], [28.5342, 2.85006], [28.53521, 2.84619], [28.53566, 2.84447], [28.53753, 2.83727], [28.5357, 2.83359], [28.52609, 2.83267], [28.5206, 2.82922], [28.51235, 2.81956], [28.5097, 2.8197], [28.50801, 2.81979], [28.50297, 2.82509], [28.50068, 2.82739], [28.49039, 2.82637], [28.48672, 2.82601], [28.48169, 2.82993], [28.47139, 2.82717], [28.46956, 2.82993], [28.46966, 2.83065], [28.47048, 2.83638], [28.46019, 2.85548], [28.46153, 2.8588], [28.46153, 2.8588], [28.46316, 2.86285], [28.46133, 2.86469], [28.45848, 2.86236], [28.45816, 2.8621], [28.45767, 2.8617], [28.45649, 2.86189], [28.45492, 2.86216], [28.44852, 2.86699], [28.44325, 2.86838], [28.44257, 2.87045], [28.44623, 2.87482], [28.44463, 2.87689], [28.44337, 2.87684], [28.43967, 2.87671], [28.43204, 2.87643], [28.42174, 2.8815], [28.41739, 2.88219], [28.41225, 2.88323], [28.40709, 2.88427], [28.40389, 2.88634], [28.4, 2.89186], [28.39657, 2.89232], [28.39359, 2.88473], [28.3865, 2.88496], [28.381, 2.88934], [28.37395, 2.88895], [28.36842, 2.88865], [28.36041, 2.8944], [28.3603, 2.89458], [28.35973, 2.89553], [28.35662, 2.9007], [28.35617, 2.90144], [28.35514, 2.90315], [28.34782, 2.91144], [28.34504, 2.91723], [28.34504, 2.91723], [28.34502, 2.91726], [28.34458, 2.91817], [28.3445, 2.91835], [28.34439, 2.91857], [28.3421, 2.93054], [28.34493, 2.93522], [28.34537, 2.93595], [28.34599, 2.93698], [28.34542, 2.93783], [28.34503, 2.9384], [28.34251, 2.94208], [28.34205, 2.94275], [28.33844, 2.94803], [28.33767, 2.94796], [28.33363, 2.94757], [28.33089, 2.94573], [28.32643, 2.95959], [28.33146, 2.96985], [28.33317, 2.98972], [28.33187, 3.01921], [28.32642, 3.03996], [28.32046, 3.04234], [28.30987, 3.04049], [28.30613, 3.03983], [28.30289, 3.03926], [28.28885, 3.05064], [28.28997, 3.0678], [28.2945, 3.08545], [28.29519, 3.08867], [28.30183, 3.09925], [28.30756, 3.1179], [28.31305, 3.1294], [28.31832, 3.13355], [28.32358, 3.14781], [28.32295, 3.15186], [28.32061, 3.16669], [28.32165, 3.17399], [28.32169, 3.17427], [28.32175, 3.17475], [28.33183, 3.19086], [28.33755, 3.19385], [28.34465, 3.20098], [28.35152, 3.20305], [28.36228, 3.21341], [28.36778, 3.23343], [28.37236, 3.24195], [28.37351, 3.24954], [28.37145, 3.25967], [28.37356, 3.26641], [28.37534, 3.2721], [28.3742, 3.28107], [28.38016, 3.29972], [28.37843, 3.30127], [28.37843, 3.30127], [28.36986, 3.30893], [28.36734, 3.31951], [28.36744, 3.32], [28.36803, 3.32297], [28.371, 3.32251], [28.37558, 3.32458], [28.38558, 3.3231], [28.38755, 3.32281], [28.39276, 3.32204], [28.40136, 3.31569], [28.40649, 3.31191], [28.41428, 3.31122], [28.42344, 3.30454], [28.43283, 3.30431], [28.44496, 3.29533], [28.45023, 3.30085], [28.45298, 3.30062], [28.4542, 3.29969], [28.45664, 3.29785], [28.46236, 3.29785], [28.47954, 3.3089], [28.49237, 3.3105], [28.5187, 3.3098], [28.52099, 3.3121], [28.5216, 3.31486], [28.52282, 3.32039], [28.52832, 3.32315], [28.51538, 3.33325], [28.5082, 3.34104], [28.49688, 3.35805], [28.49572, 3.35978], [28.49381, 3.36265], [28.50568, 3.37594], [28.49671, 3.38433], [28.47228, 3.38543], [28.47404, 3.39085], [28.48294, 3.40292], [28.48368, 3.40552], [28.49176, 3.43365], [28.50888, 3.47403], [28.51686, 3.49833], [28.51867, 3.50383], [28.51924, 3.50556], [28.52066, 3.50988], [28.52372, 3.52521], [28.52885, 3.55083], [28.52521, 3.56766], [28.53109, 3.58814], [28.54194, 3.61294], [28.53736, 3.61432], [28.5211, 3.62699], [28.51729, 3.62779], [28.51656, 3.62794], [28.51143, 3.62902], [28.50876, 3.62958], [28.50813, 3.62971], [28.50575, 3.63022], [28.49979, 3.6339], [28.49604, 3.63375], [28.49604, 3.63375], [28.49458, 3.63375], [28.49446, 3.63369], [28.494, 3.63367], [28.48834, 3.63345], [28.45719, 3.63967], [28.44665, 3.64037], [28.43741, 3.64369], [28.43703, 3.64382], [28.42484, 3.65655], [28.42451, 3.6569], [28.41916, 3.66247], [28.4153, 3.66042], [28.41465, 3.66007], [28.41137, 3.65833], [28.40565, 3.6581], [28.40187, 3.65958], [28.40167, 3.65966], [28.3974, 3.66133], [28.3931, 3.66196], [28.3929, 3.66199], [28.39229, 3.66208], [28.39197, 3.66213], [28.39113, 3.66225], [28.38322, 3.66343], [28.38282, 3.66348], [28.38103, 3.66375], [28.38067, 3.6638], [28.37404, 3.66479], [28.36716, 3.66617], [28.36373, 3.66525], [28.36333, 3.66317], [28.36319, 3.66238], [28.36318, 3.66233], [28.36287, 3.66068], [28.36212, 3.65673], [28.35365, 3.6542], [28.35067, 3.65075], [28.34839, 3.64467], [28.34442, 3.6341], [28.34436, 3.63392], [28.34356, 3.6318], [28.34348, 3.63158], [28.34333, 3.63118], [28.34254, 3.62754], [28.34248, 3.62725], [28.34196, 3.62484], [28.34181, 3.62414], [28.34104, 3.6206], [28.34048, 3.6198], [28.32982, 3.60472], [28.32775, 3.60495], [28.32309, 3.60522], [28.32223, 3.60527], [28.32182, 3.6053], [28.31794, 3.60553], [28.31558, 3.60567], [28.31496, 3.6057], [28.31494, 3.6057], [28.30049, 3.60656], [28.29972, 3.60602], [28.29924, 3.60568], [28.29452, 3.60236], [28.29415, 3.6021], [28.28904, 3.59851], [28.28423, 3.59137], [28.27919, 3.59114], [28.26888, 3.59575], [28.26296, 3.6017], [28.25537, 3.60634], [28.25376, 3.61186], [28.25422, 3.61451], [28.25424, 3.61463], [28.25458, 3.61662], [28.2546, 3.6167], [28.25583, 3.62383], [28.25468, 3.62682], [28.24458, 3.63739], [28.24416, 3.63784], [28.24368, 3.63833], [28.23879, 3.64775], [28.23846, 3.6484], [28.23699, 3.65121], [28.23685, 3.65148], [28.23319, 3.65854], [28.23287, 3.65915], [28.22875, 3.66708], [28.22845, 3.66766], [28.22742, 3.66964], [28.22702, 3.67221], [28.22696, 3.67259], [28.22625, 3.67714], [28.22621, 3.6774], [28.2262, 3.67747], [28.22462, 3.68762], [28.22454, 3.68809], [28.22444, 3.68874], [28.21957, 3.69109], [28.21898, 3.69138], [28.21897, 3.69138], [28.2182, 3.69175], [28.21751, 3.69208], [28.21688, 3.69239], [28.21186, 3.69481], [28.21057, 3.69543], [28.20872, 3.69632], [28.20796, 3.69668], [28.20199, 3.69956], [28.1958, 3.70141], [28.19328, 3.70417], [28.19208, 3.70738], [28.19182, 3.70809], [28.19161, 3.70865], [28.19028, 3.71222], [28.19007, 3.71278], [28.19001, 3.71293], [28.18985, 3.71338], [28.18756, 3.71613], [28.18526, 3.7189], [28.1782, 3.72266], [28.17747, 3.72304], [28.17666, 3.72316], [28.17647, 3.72319], [28.14677, 3.72765], [28.14082, 3.72625], [28.13765, 3.72551], [28.13703, 3.72536], [28.13593, 3.7251], [28.13478, 3.72483], [28.13476, 3.72483], [28.13303, 3.72442], [28.12661, 3.72488], [28.12255, 3.72661], [28.12201, 3.72684], [28.11949, 3.72792], [28.11905, 3.7281], [28.11886, 3.72804], [28.11846, 3.72792], [28.11645, 3.72728], [28.11553, 3.72699], [28.11318, 3.72625], [28.11279, 3.72613], [28.11274, 3.72611], [28.11219, 3.72593], [28.11103, 3.72557], [28.10552, 3.72542], [28.10506, 3.7254], [28.10279, 3.72534], [28.10257, 3.72542], [28.08423, 3.73201], [28.08033, 3.73593], [28.07806, 3.73593], [28.07696, 3.73593], [28.06979, 3.73593], [28.0689, 3.7368], [28.06804, 3.73764], [28.06154, 3.74398], [28.05586, 3.74497], [28.05586, 3.74497], [28.05106, 3.74581], [28.05106, 3.74581], [28.05039, 3.74593], [28.05032, 3.74594], [28.04612, 3.74667], [28.046, 3.74669], [28.0459, 3.74671], [28.04573, 3.74674], [28.04581, 3.74682], [28.04616, 3.74719], [28.04628, 3.74732], [28.04751, 3.74861], [28.04751, 3.74861], [28.05054, 3.7518], [28.0565, 3.75112], [28.06029, 3.75397], [28.06029, 3.75397], [28.06064, 3.75423], [28.06079, 3.75434], [28.06108, 3.75457], [28.07245, 3.7466], [28.07295, 3.74625], [28.07295, 3.74625], [28.07323, 3.74605], [28.07584, 3.74625], [28.07587, 3.74625], [28.0779, 3.7464], [28.07796, 3.74641], [28.07929, 3.7465], [28.08048, 3.74659], [28.08061, 3.7466], [28.08078, 3.74662], [28.08079, 3.74662], [28.08098, 3.74663], [28.08379, 3.74684], [28.08398, 3.74685], [28.08398, 3.74685], [28.0841, 3.74686], [28.08416, 3.74687], [28.08467, 3.74691], [28.0856, 3.74698], [28.08748, 3.74639], [28.08793, 3.74625], [28.08793, 3.74625], [28.08813, 3.74619], [28.08855, 3.74606], [28.08895, 3.74593], [28.09224, 3.74491], [28.0982, 3.7456], [28.09849, 3.74599], [28.09868, 3.74625], [28.09868, 3.74625], [28.09888, 3.74653], [28.0992, 3.74696], [28.10141, 3.74997], [28.11126, 3.75458], [28.11236, 3.75445], [28.11237, 3.75445], [28.11349, 3.75432], [28.11722, 3.75388], [28.11951, 3.75688], [28.11918, 3.75896], [28.11918, 3.75897], [28.11905, 3.7598], [28.11882, 3.76125], [28.12065, 3.76309], [28.12245, 3.76295], [28.12661, 3.76263], [28.1305, 3.76447], [28.13297, 3.76391], [28.13298, 3.76391], [28.13375, 3.76374], [28.13761, 3.76286], [28.13829, 3.7654], [28.13675, 3.76816], [28.13675, 3.76816], [28.1365, 3.7686], [28.13615, 3.76924], [28.13508, 3.77115], [28.13585, 3.77222], [28.13623, 3.77276], [28.14166, 3.76938], [28.14172, 3.76934], [28.14287, 3.76862], [28.14355, 3.76875], [28.14358, 3.76876], [28.14361, 3.76877], [28.14367, 3.76878], [28.14367, 3.76878], [28.14381, 3.76881], [28.14382, 3.76881], [28.14392, 3.76883], [28.14393, 3.76883], [28.14463, 3.76897], [28.14746, 3.76954], [28.1462, 3.77103], [28.1462, 3.77103], [28.14494, 3.77253], [28.14746, 3.7799], [28.14986, 3.78128], [28.15227, 3.78266], [28.15626, 3.78041], [28.15625, 3.78041], [28.15792, 3.77875], [28.15792, 3.77875], [28.15792, 3.77875], [28.16042, 3.77875], [28.16126, 3.77958], [28.16959, 3.77958], [28.17125, 3.77875], [28.17125, 3.77875], [28.17126, 3.77875], [28.18292, 3.78291], [28.20276, 3.79423], [28.20792, 3.79875], [28.21126, 3.79791], [28.21376, 3.79875], [28.21959, 3.80375], [28.22126, 3.80541], [28.22542, 3.80541], [28.22876, 3.80791], [28.24126, 3.81875], [28.24376, 3.81875], [28.24709, 3.82208], [28.25459, 3.82291], [28.26209, 3.83041], [28.26708, 3.82958], [28.27208, 3.82542], [28.27625, 3.82125], [28.28042, 3.81875], [28.28042, 3.81875], [28.28042, 3.81875], [28.28709, 3.81875], [28.29209, 3.81875], [28.29626, 3.82291], [28.30542, 3.82291], [28.30709, 3.82375], [28.30876, 3.82625], [28.30876, 3.82958], [28.31042, 3.83125], [28.31792, 3.83875], [28.33042, 3.85041], [28.33459, 3.85125], [28.33709, 3.85208], [28.34376, 3.85208], [28.34959, 3.85625], [28.35709, 3.86375], [28.36126, 3.86791], [28.36376, 3.86875], [28.37042, 3.87458], [28.37126, 3.87625], [28.37542, 3.87625], [28.38376, 3.88375], [28.39042, 3.88375], [28.39459, 3.88625], [28.39626, 3.88791], [28.39792, 3.88791], [28.40042, 3.89041], [28.40042, 3.89208], [28.40959, 3.90041], [28.41459, 3.90541], [28.43125, 3.90541], [28.43208, 3.90458], [28.43209, 3.90458], [28.43209, 3.90458], [28.43459, 3.90458], [28.44626, 3.90958], [28.44709, 3.91041], [28.45042, 3.91041], [28.45209, 3.91208], [28.45709, 3.91791], [28.45792, 3.91958], [28.45792, 3.92375], [28.45959, 3.92458], [28.46626, 3.92375], [28.46709, 3.92458], [28.47209, 3.92458], [28.47376, 3.92625], [28.47626, 3.92708], [28.47875, 3.92958], [28.48042, 3.92792], [28.48042, 3.92792], [28.48042, 3.92791], [28.48292, 3.92791], [28.48375, 3.92708], [28.48376, 3.92708], [28.48376, 3.92708], [28.49042, 3.92708], [28.49125, 3.92625], [28.49126, 3.92625], [28.49126, 3.92625], [28.49542, 3.92625], [28.49708, 3.92542], [28.49708, 3.92542], [28.49709, 3.92541], [28.49876, 3.92708], [28.50209, 3.92708], [28.50459, 3.92958], [28.50459, 3.93791], [28.50209, 3.94208], [28.49709, 3.94708], [28.49709, 3.95208], [28.49876, 3.95291], [28.49792, 3.95791], [28.49876, 3.95875], [28.50875, 3.95875], [28.51125, 3.95708], [28.51125, 3.95708], [28.51126, 3.95708], [28.51792, 3.95708], [28.52792, 3.96625], [28.53209, 3.97041], [28.53209, 3.97291], [28.54292, 3.98375], [28.54792, 3.98708], [28.54792, 3.99875], [28.55126, 4.00125], [28.55292, 4.00375], [28.55542, 4.00292], [28.55542, 4.00292], [28.55542, 4.00291], [28.56042, 4.00791], [28.56459, 4.01208], [28.56626, 4.01208], [28.56626, 4.01375], [28.57626, 4.02291], [28.58042, 4.02708], [28.58626, 4.02708], [28.58792, 4.02791], [28.59126, 4.03125], [28.59126, 4.03541], [28.59709, 4.03958], [28.59792, 4.04541], [28.59876, 4.04791], [28.60126, 4.05041], [28.60376, 4.05208], [28.60709, 4.05208], [28.62376, 4.05208], [28.62459, 4.05291], [28.62459, 4.05458], [28.61667, 4.0625], [28.61626, 4.06291], [28.61626, 4.06708], [28.61959, 4.07041], [28.61959, 4.07458], [28.62376, 4.07708], [28.62792, 4.08125], [28.63459, 4.08708], [28.63459, 4.09125], [28.64209, 4.09708], [28.64209, 4.10041], [28.64459, 4.10375], [28.64459, 4.10625], [28.64876, 4.11041], [28.64876, 4.11875], [28.65292, 4.12375], [28.65626, 4.12708], [28.65792, 4.13041], [28.65792, 4.13291], [28.67042, 4.14625], [28.67042, 4.14791], [28.66709, 4.15125], [28.67042, 4.15625], [28.67126, 4.16041], [28.67876, 4.16875], [28.68126, 4.17125], [28.68126, 4.17791], [28.68209, 4.17875], [28.68459, 4.18291], [28.68792, 4.18708], [28.68876, 4.18958], [28.69459, 4.19541], [28.70126, 4.19625], [28.70709, 4.20291], [28.71042, 4.20291], [28.71209, 4.20458], [28.71709, 4.20958], [28.72459, 4.20958], [28.73042, 4.21375], [28.73292, 4.21625], [28.72916, 4.23061], [28.70963, 4.25448], [28.70071, 4.26341], [28.68286, 4.27233], [28.68286, 4.27233], [28.68285, 4.27233], [28.67036, 4.26341], [28.65966, 4.27055], [28.65966, 4.27054], [28.65965, 4.27055], [28.64895, 4.26876], [28.62753, 4.26698], [28.60969, 4.26698], [28.58828, 4.27411], [28.55794, 4.28304], [28.55794, 4.28304], [28.55793, 4.28304], [28.53117, 4.28839], [28.50797, 4.29731], [28.49355, 4.31973], [28.49355, 4.31973], [28.49353, 4.31976], [28.49492, 4.3219], [28.49573, 4.32382], [28.49582, 4.3241], [28.49696, 4.32692], [28.49701, 4.32694], [28.49703, 4.32708], [28.50177, 4.33868], [28.50359, 4.34289], [28.50985, 4.35705], [28.50989, 4.35703], [28.51175, 4.36134], [28.52392, 4.37161], [28.5376, 4.37473], [28.5376, 4.37473], [28.53957, 4.37519], [28.54, 4.37528], [28.54116, 4.37531], [28.54618, 4.37541], [28.547, 4.37542], [28.54713, 4.37543], [28.55092, 4.3755], [28.55291, 4.37554], [28.55876, 4.37566], [28.57173, 4.37704], [28.57173, 4.37704], [28.57173, 4.37704], [28.58229, 4.37816], [28.59008, 4.38827], [28.59008, 4.38827], [28.59089, 4.38931], [28.59267, 4.40395], [28.59255, 4.40409], [28.5932, 4.40826], [28.6031, 4.41545], [28.60344, 4.41553], [28.6036, 4.41581], [28.61148, 4.41758], [28.6116, 4.4175], [28.6156, 4.41847], [28.61565, 4.41852], [28.61781, 4.419], [28.61782, 4.419], [28.61997, 4.41948], [28.62777, 4.42019], [28.62792, 4.42004], [28.63432, 4.4207], [28.63733, 4.42113], [28.63823, 4.42114], [28.64081, 4.42137], [28.64399, 4.422], [28.64416, 4.42203], [28.65016, 4.42321], [28.65957, 4.42505], [28.6612, 4.42604], [28.66125, 4.42613], [28.66144, 4.42618], [28.67919, 4.43685], [28.68092, 4.43929], [28.6812, 4.43946], [28.69052, 4.45164], [28.69419, 4.45777], [28.6942, 4.45791], [28.69468, 4.4586], [28.70259, 4.47181], [28.70433, 4.48474], [28.70427, 4.49976], [28.7134, 4.52804], [28.71362, 4.52839], [28.71362, 4.52846], [28.71542, 4.53184], [28.71902, 4.53858], [28.72764, 4.54342], [28.72764, 4.54342], [28.73099, 4.54381], [28.73103, 4.54384], [28.73543, 4.54437], [28.73905, 4.54481], [28.74476, 4.54551], [28.74995, 4.54602], [28.74995, 4.54602], [28.75003, 4.54602], [28.75074, 4.54609], [28.75076, 4.54609], [28.75167, 4.54618], [28.7541, 4.5464], [28.75717, 4.54669], [28.75718, 4.54669], [28.7589, 4.54685], [28.7613, 4.54908], [28.7613, 4.54909], [28.76131, 4.54909], [28.76928, 4.55651], [28.76928, 4.55651], [28.77087, 4.55798], [28.77642, 4.56315], [28.78667, 4.57104], [28.78668, 4.57103], [28.78699, 4.57128], [28.79914, 4.56667], [28.80487, 4.5662], [28.80501, 4.56599], [28.80502, 4.56599], [28.80512, 4.56586], [28.80563, 4.56512], [28.8069, 4.56334], [28.80703, 4.56315], [28.80991, 4.55907], [28.81037, 4.5581], [28.8114, 4.55588], [28.81217, 4.55424], [28.81341, 4.5516], [28.81541, 4.54732], [28.81829, 4.54396], [28.81829, 4.54396], [28.82114, 4.54064], [28.82297, 4.53489], [28.82273, 4.52338], [28.8264, 4.51509], [28.81864, 4.50684], [28.81838, 4.49767], [28.83033, 4.48931], [28.86369, 4.49064], [28.88393, 4.49433], [28.91974, 4.48005], [28.92045, 4.48002], [28.92047, 4.48001], [28.92318, 4.47984], [28.92603, 4.47966], [28.92756, 4.47956], [28.93119, 4.47933], [28.93669, 4.47898], [28.94282, 4.47895], [28.94287, 4.47905], [28.94502, 4.47896], [28.94613, 4.47902], [28.94622, 4.47896], [28.95549, 4.479], [28.96646, 4.48013], [28.96647, 4.48015], [28.96676, 4.48016], [28.98841, 4.4824], [28.99182, 4.48275], [28.99182, 4.48275], [28.9949, 4.4821], [28.99875, 4.48128], [29.00017, 4.48098], [29.00667, 4.4832], [29.02405, 4.48928], [29.02408, 4.48937], [29.02814, 4.49071], [29.0347, 4.48894], [29.03542, 4.48801], [29.03548, 4.48784], [29.04036, 4.481], [29.04644, 4.47374], [29.04649, 4.47376], [29.04727, 4.47276], [29.05445, 4.46498], [29.06102, 4.4608], [29.06878, 4.45722], [29.07952, 4.45486], [29.08845, 4.4549], [29.09384, 4.44951], [29.09326, 4.4441], [29.09307, 4.44366], [29.09308, 4.44358], [29.09186, 4.44018], [29.09162, 4.4395], [29.08855, 4.43086], [29.09169, 4.42834], [29.09194, 4.42814], [29.09344, 4.42695], [29.09452, 4.42608], [29.10078, 4.42636], [29.1008, 4.42638], [29.10094, 4.42637], [29.10882, 4.42674], [29.11648, 4.42849], [29.12489, 4.43041], [29.13015, 4.42933], [29.1392, 4.42746], [29.13946, 4.4269], [29.1395, 4.42688], [29.14033, 4.42522], [29.1415, 4.42286], [29.14223, 4.42121], [29.14527, 4.41412], [29.14527, 4.41412], [29.14532, 4.41401], [29.15062, 4.40166], [29.16101, 4.39106], [29.17352, 4.37829], [29.17352, 4.37829], [29.17465, 4.37714], [29.17465, 4.37714], [29.17576, 4.376], [29.18053, 4.37113], [29.18535, 4.36725], [29.19818, 4.35689], [29.19821, 4.35691], [29.19906, 4.35618], [29.19932, 4.3561], [29.19956, 4.35607], [29.20519, 4.35478], [29.21457, 4.35264], [29.23335, 4.35789], [29.23406, 4.35809], [29.24075, 4.35996], [29.24533, 4.36166], [29.25273, 4.36441], [29.25273, 4.36445], [29.25384, 4.36482], [29.25677, 4.37745], [29.25873, 4.37972], [29.25875, 4.37982], [29.26211, 4.38384], [29.27338, 4.39735], [29.27539, 4.397], [29.27561, 4.39696], [29.27641, 4.39681], [29.27999, 4.39617], [29.28051, 4.39608], [29.28249, 4.39572], [29.28555, 4.39517], [29.30021, 4.39205], [29.30931, 4.39209], [29.30934, 4.39205], [29.31034, 4.3921], [29.32697, 4.40659], [29.33796, 4.42316], [29.33796, 4.42316], [29.34415, 4.4325], [29.34966, 4.43919], [29.35919, 4.45077], [29.36902, 4.46264], [29.3751, 4.46918], [29.38924, 4.48437], [29.39082, 4.4859], [29.39153, 4.48659], [29.39604, 4.49094], [29.4057, 4.50027], [29.41024, 4.50466], [29.41298, 4.5073], [29.42606, 4.52689], [29.42621, 4.52686], [29.45549, 4.57303], [29.45556, 4.57317], [29.45557, 4.57317], [29.46392, 4.58683], [29.47243, 4.60278], [29.47237, 4.60296], [29.47516, 4.60791], [29.47455, 4.61073], [29.46849, 4.63853], [29.47553, 4.66739], [29.49453, 4.68489], [29.52014, 4.6862], [29.53745, 4.67846]]]}}, {"type": "Feature", "properties": {"zone": "Ganga", "province": "Bas-Uele", "confirmed_cases": 3, "confirmed_deaths": 2}, "geometry": {"type": "Polygon", "coordinates": [[[26.03556, 3.7354], [26.05164, 3.71956], [26.05577, 3.7175], [26.06264, 3.71775], [26.06653, 3.72144], [26.07503, 3.71386], [26.0784, 3.70679], [26.07963, 3.70421], [26.08354, 3.69984], [26.08288, 3.68971], [26.09024, 3.67822], [26.0978, 3.67617], [26.10651, 3.67642], [26.1175, 3.66881], [26.1176, 3.66873], [26.1176, 3.66873], [26.11775, 3.66863], [26.11858, 3.66687], [26.11858, 3.66687], [26.12004, 3.66381], [26.12031, 3.66324], [26.1219, 3.65989], [26.13812, 3.65526], [26.14185, 3.65419], [26.13498, 3.65003], [26.13752, 3.6429], [26.14879, 3.62635], [26.15272, 3.6114], [26.1501, 3.60116], [26.14841, 3.59458], [26.14896, 3.59183], [26.14987, 3.58723], [26.14991, 3.58702], [26.15006, 3.58627], [26.15096, 3.5817], [26.14912, 3.57474], [26.14847, 3.57226], [26.14916, 3.56812], [26.15261, 3.56306], [26.16454, 3.55664], [26.16799, 3.55044], [26.16861, 3.55004], [26.1711, 3.54844], [26.17171, 3.54804], [26.17409, 3.54652], [26.17763, 3.54425], [26.18267, 3.54449], [26.18682, 3.5482], [26.1875, 3.5488], [26.18861, 3.5498], [26.19273, 3.54981], [26.19984, 3.54354], [26.20054, 3.54292], [26.20718, 3.54133], [26.2159, 3.53559], [26.21844, 3.52892], [26.21571, 3.52201], [26.21549, 3.51764], [26.22193, 3.51144], [26.22822, 3.51345], [26.2318, 3.51351], [26.2391, 3.50964], [26.2462, 3.50989], [26.25231, 3.50713], [26.25367, 3.50652], [26.265, 3.50141], [26.27372, 3.49499], [26.28452, 3.48051], [26.29117, 3.47546], [26.30263, 3.47158], [26.30745, 3.46767], [26.3171, 3.4532], [26.32403, 3.43111], [26.33022, 3.42768], [26.34212, 3.42977], [26.35541, 3.42888], [26.36001, 3.42084], [26.36871, 3.4204], [26.37237, 3.42432], [26.38085, 3.42065], [26.38292, 3.41582], [26.38774, 3.41192], [26.393, 3.41423], [26.39369, 3.41216], [26.39119, 3.40595], [26.38821, 3.40364], [26.38478, 3.40478], [26.3818, 3.40408], [26.37792, 3.3974], [26.36923, 3.39485], [26.36559, 3.38333], [26.36446, 3.37389], [26.36907, 3.3617], [26.37136, 3.36148], [26.37433, 3.36563], [26.37823, 3.36448], [26.38005, 3.3661], [26.38624, 3.36657], [26.38716, 3.3645], [26.38533, 3.36312], [26.38579, 3.36151], [26.38991, 3.36037], [26.38718, 3.35369], [26.38788, 3.35046], [26.39705, 3.34473], [26.39736, 3.34354], [26.40005, 3.33323], [26.3971, 3.32033], [26.40032, 3.31297], [26.40353, 3.31206], [26.40034, 3.30768], [26.40103, 3.30561], [26.39921, 3.30008], [26.39532, 3.29823], [26.38962, 3.28671], [26.38963, 3.28349], [26.39444, 3.28258], [26.38213, 3.26022], [26.37575, 3.24295], [26.37805, 3.23766], [26.3808, 3.23743], [26.38882, 3.23561], [26.39341, 3.23217], [26.39708, 3.22711], [26.40144, 3.22436], [26.4042, 3.21861], [26.40787, 3.21701], [26.41269, 3.21149], [26.41865, 3.20759], [26.42621, 3.20692], [26.43125, 3.20348], [26.43676, 3.19682], [26.45646, 3.19041], [26.46105, 3.18513], [26.46382, 3.17823], [26.46291, 3.17385], [26.45766, 3.16648], [26.45607, 3.16141], [26.45815, 3.15152], [26.45541, 3.14737], [26.45931, 3.14462], [26.45886, 3.14208], [26.45634, 3.1407], [26.45132, 3.13378], [26.45225, 3.12573], [26.45638, 3.12274], [26.45571, 3.11722], [26.4516, 3.11145], [26.4569, 3.0942], [26.46355, 3.08823], [26.46632, 3.0811], [26.47342, 3.07628], [26.478, 3.0756], [26.48098, 3.07331], [26.48283, 3.06802], [26.48284, 3.06226], [26.48811, 3.05652], [26.48858, 3.05238], [26.48379, 3.04662], [26.48815, 3.04018], [26.48863, 3.03098], [26.49667, 3.01833], [26.49968, 3.00039], [26.5125, 3.00179], [26.51707, 3.00526], [26.51936, 3.00296], [26.52417, 3.00412], [26.53125, 3.00046], [26.53859, 2.99978], [26.54364, 2.99564], [26.54755, 2.98829], [26.55442, 2.98508], [26.55534, 2.98117], [26.55203, 2.97043], [26.54492, 2.96413], [26.53696, 2.96291], [26.53049, 2.96204], [26.52432, 2.96227], [26.51728, 2.96254], [26.51052, 2.96303], [26.49855, 2.96389], [26.49335, 2.96398], [26.48816, 2.95776], [26.49513, 2.93464], [26.49967, 2.9187], [26.49432, 2.91217], [26.493, 2.91056], [26.49033, 2.9073], [26.47784, 2.90156], [26.47278, 2.89921], [26.47278, 2.8992], [26.47029, 2.89793], [26.45915, 2.89205], [26.44875, 2.88802], [26.44161, 2.88222], [26.43837, 2.87847], [26.43318, 2.8708], [26.43007, 2.86166], [26.42984, 2.86126], [26.42926, 2.86025], [26.42722, 2.85672], [26.42176, 2.85576], [26.4186, 2.85684], [26.41823, 2.85697], [26.41773, 2.85714], [26.41291, 2.86115], [26.40936, 2.86535], [26.40626, 2.86901], [26.39962, 2.87489], [26.39389, 2.87866], [26.38817, 2.87994], [26.38311, 2.87952], [26.37478, 2.87884], [26.36619, 2.87951], [26.35488, 2.87943], [26.34422, 2.88157], [26.33289, 2.88714], [26.32131, 2.89205], [26.31741, 2.89409], [26.30804, 2.89581], [26.3018, 2.89355], [26.2953, 2.89182], [26.28933, 2.88903], [26.28153, 2.8881], [26.27684, 2.88923], [26.26539, 2.89257], [26.26045, 2.89133], [26.25396, 2.89013], [26.2485, 2.88785], [26.24669, 2.88184], [26.24228, 2.8743], [26.2376, 2.87227], [26.22512, 2.86932], [26.21962, 2.86626], [26.21836, 2.86556], [26.20954, 2.86064], [26.19799, 2.8577], [26.20004, 2.85048], [26.20365, 2.84], [26.20231, 2.82664], [26.20371, 2.81514], [26.20305, 2.80386], [26.19894, 2.79462], [26.19782, 2.79211], [26.2059, 2.76175], [26.20523, 2.75554], [26.20939, 2.74082], [26.20849, 2.73414], [26.20484, 2.72815], [26.1982, 2.73066], [26.19385, 2.72996], [26.19157, 2.72812], [26.18104, 2.72878], [26.17864, 2.72705], [26.17145, 2.72185], [26.16894, 2.71747], [26.16265, 2.71659], [26.16231, 2.71654], [26.15658, 2.71952], [26.14262, 2.72155], [26.13688, 2.72752], [26.1282, 2.72267], [26.13095, 2.71784], [26.13005, 2.71277], [26.13097, 2.71002], [26.13625, 2.70451], [26.13788, 2.693], [26.14306, 2.68763], [26.14477, 2.68197], [26.14937, 2.67623], [26.15073, 2.64882], [26.14636, 2.61789], [26.14481, 2.61293], [26.14484, 2.59375], [26.14669, 2.58111], [26.14517, 2.55907], [26.13896, 2.5371], [26.13223, 2.51882], [26.12497, 2.50738], [26.12452, 2.46956], [26.18597, 2.42863], [26.20505, 2.41985], [26.20771, 2.41862], [26.212, 2.41665], [26.2169, 2.41528], [26.23594, 2.40995], [26.2755, 2.39565], [26.30772, 2.40668], [26.31682, 2.36436], [26.30047, 2.36328], [26.29032, 2.36329], [26.27568, 2.36276], [26.27134, 2.36256], [26.26215, 2.35736], [26.25658, 2.34786], [26.24603, 2.34359], [26.23279, 2.34263], [26.22371, 2.34199], [26.22157, 2.34184], [26.21769, 2.34158], [26.21312, 2.33835], [26.20423, 2.32774], [26.19692, 2.32266], [26.19306, 2.31253], [26.19008, 2.31275], [26.17496, 2.32261], [26.17176, 2.32329], [26.16511, 2.32949], [26.15368, 2.32762], [26.14637, 2.32392], [26.13725, 2.31515], [26.12765, 2.31236], [26.1135, 2.30082], [26.11213, 2.29714], [26.11398, 2.29162], [26.11193, 2.28793], [26.10508, 2.28401], [26.09867, 2.28307], [26.08748, 2.27913], [26.06964, 2.28069], [26.05361, 2.28548], [26.03944, 2.28476], [26.02642, 2.27759], [26.01636, 2.27618], [26.0127, 2.27709], [25.99053, 2.27013], [25.98508, 2.25792], [25.97941, 2.23904], [25.97645, 2.2342], [25.97166, 2.23004], [25.97099, 2.2236], [25.96598, 2.21691], [25.9676, 2.21139], [25.96577, 2.20817], [25.95824, 2.20286], [25.95321, 2.20399], [25.93145, 2.2159], [25.92139, 2.21518], [25.91612, 2.21884], [25.90922, 2.23194], [25.90808, 2.2324], [25.89407, 2.25548], [25.89407, 2.25548], [25.89407, 2.25548], [25.89151, 2.26888], [25.87774, 2.29564], [25.87487, 2.31794], [25.84159, 2.37739], [25.8288, 2.3958], [25.81984, 2.41681], [25.81587, 2.43393], [25.81408, 2.44168], [25.81472, 2.45703], [25.81344, 2.4813], [25.82049, 2.4967], [25.82269, 2.49944], [25.83137, 2.51023], [25.83009, 2.52427], [25.82305, 2.5421], [25.81875, 2.55206], [25.80641, 2.58061], [25.7965, 2.59905], [25.78402, 2.61459], [25.77762, 2.62954], [25.76962, 2.64001], [25.76546, 2.6518], [25.7693, 2.65598], [25.77698, 2.66277], [25.78242, 2.67943], [25.78211, 2.69381], [25.78403, 2.70437], [25.79139, 2.7153], [25.80131, 2.7352], [25.80323, 2.74927], [25.80932, 2.77681], [25.80836, 2.7883], [25.77796, 2.82315], [25.76606, 2.84503], [25.78409, 2.85912], [25.78793, 2.87708], [25.79001, 2.88217], [25.81255, 2.88737], [25.82501, 2.89068], [25.84165, 2.89786], [25.85221, 2.9069], [25.8567, 2.91621], [25.86758, 2.92973], [25.88641, 2.94635], [25.89908, 2.95833], [25.90943, 2.96995], [25.90187, 2.97292], [25.89704, 2.97913], [25.89268, 2.98187], [25.89084, 2.98624], [25.89122, 2.9881], [25.89197, 2.99177], [25.90296, 2.99157], [25.90325, 2.99136], [25.908, 2.9879], [25.9135, 2.98838], [25.92103, 2.99622], [25.92079, 2.99922], [25.91551, 3.00334], [25.90086, 3.00468], [25.8949, 3.00858], [25.88666, 3.00925], [25.88622, 3.00961], [25.88161, 3.01338], [25.87817, 3.01383], [25.87152, 3.01818], [25.86853, 3.02324], [25.8635, 3.0223], [25.85753, 3.02712], [25.85408, 3.03355], [25.85497, 3.04299], [25.85016, 3.04321], [25.8481, 3.04504], [25.84371, 3.05838], [25.84575, 3.06253], [25.85307, 3.06485], [25.85535, 3.06762], [25.85305, 3.0713], [25.85328, 3.07383], [25.85372, 3.07728], [25.86741, 3.09481], [25.86923, 3.09942], [25.86533, 3.11329], [25.86458, 3.116], [25.86368, 3.1192], [25.86459, 3.12127], [25.87168, 3.12267], [25.87316, 3.12417], [25.87602, 3.12706], [25.88266, 3.12524], [25.88768, 3.13124], [25.88669, 3.13334], [25.88355, 3.13491], [25.87711, 3.13511], [25.87324, 3.13718], [25.87002, 3.14246], [25.86498, 3.14475], [25.86107, 3.14934], [25.86151, 3.15763], [25.85462, 3.16475], [25.84588, 3.16658], [25.84437, 3.16689], [25.84278, 3.16723], [25.84216, 3.16758], [25.83903, 3.16954], [25.83582, 3.17413], [25.83548, 3.17639], [25.83533, 3.17734], [25.83488, 3.18034], [25.83625, 3.18288], [25.84083, 3.18243], [25.84519, 3.17853], [25.84908, 3.17923], [25.85296, 3.18316], [25.85387, 3.18615], [25.85271, 3.18914], [25.84585, 3.18797], [25.84424, 3.19004], [25.84674, 3.19718], [25.84694, 3.2057], [25.84417, 3.21328], [25.83822, 3.21235], [25.82032, 3.22771], [25.81501, 3.24197], [25.80881, 3.24817], [25.7923, 3.25663], [25.78844, 3.26408], [25.78539, 3.26996], [25.78308, 3.27571], [25.77964, 3.278], [25.77724, 3.27832], [25.76933, 3.27935], [25.76392, 3.28779], [25.76237, 3.28909], [25.74867, 3.29794], [25.74633, 3.31289], [25.74974, 3.32096], [25.74859, 3.32303], [25.74311, 3.32025], [25.74013, 3.32093], [25.72724, 3.34207], [25.71876, 3.34526], [25.71783, 3.34894], [25.71919, 3.35401], [25.71803, 3.35631], [25.71346, 3.35353], [25.70845, 3.34431], [25.7062, 3.33141], [25.70301, 3.32795], [25.69431, 3.32562], [25.69341, 3.32286], [25.69687, 3.31527], [25.6962, 3.30791], [25.69942, 3.30193], [25.6976, 3.2987], [25.68709, 3.29315], [25.69283, 3.28695], [25.69675, 3.27729], [25.69838, 3.27589], [25.69904, 3.27531], [25.7002, 3.27431], [25.7007, 3.27184], [25.70113, 3.26971], [25.69931, 3.26349], [25.69247, 3.25722], [25.69201, 3.25679], [25.68468, 3.25539], [25.67048, 3.25788], [25.6659, 3.25717], [25.65788, 3.26152], [25.65626, 3.26543], [25.65761, 3.27211], [25.65646, 3.27464], [25.65371, 3.27647], [25.63676, 3.27803], [25.63464, 3.28394], [25.63445, 3.28447], [25.63284, 3.28538], [25.6267, 3.27293], [25.62443, 3.26602], [25.61571, 3.27221], [25.61311, 3.26909], [25.61206, 3.26782], [25.60519, 3.26895], [25.59487, 3.27352], [25.59513, 3.26478], [25.59307, 3.2627], [25.58733, 3.26729], [25.58529, 3.27081], [25.5848, 3.27165], [25.58205, 3.2721], [25.57726, 3.26794], [25.56764, 3.26837], [25.56384, 3.27007], [25.56099, 3.27135], [25.55091, 3.27131], [25.54082, 3.27634], [25.51419, 3.2972], [25.51052, 3.29811], [25.50091, 3.29693], [25.49565, 3.29369], [25.49472, 3.29256], [25.49457, 3.29238], [25.49396, 3.29165], [25.49386, 3.29152], [25.49386, 3.29152], [25.49086, 3.28792], [25.48674, 3.28883], [25.47982, 3.29784], [25.47942, 3.29836], [25.47846, 3.29962], [25.47045, 3.30611], [25.4702, 3.30632], [25.47013, 3.30637], [25.46966, 3.30676], [25.46965, 3.30676], [25.46936, 3.307], [25.46912, 3.3072], [25.4689, 3.30738], [25.46744, 3.30856], [25.45202, 3.32532], [25.45202, 3.32532], [25.42311, 3.35674], [25.42078, 3.35927], [25.41731, 3.37077], [25.41363, 3.3749], [25.41289, 3.37526], [25.41133, 3.37604], [25.40653, 3.37464], [25.39739, 3.36978], [25.39278, 3.36565], [25.39243, 3.36534], [25.39145, 3.36446], [25.39009, 3.36475], [25.38901, 3.36498], [25.38824, 3.36514], [25.38135, 3.37226], [25.36943, 3.37498], [25.36646, 3.37312], [25.3477, 3.36684], [25.33766, 3.35714], [25.33106, 3.3463], [25.33089, 3.34587], [25.32788, 3.338], [25.31919, 3.33383], [25.31372, 3.32783], [25.30389, 3.32227], [25.28925, 3.31968], [25.28283, 3.32012], [25.27914, 3.32701], [25.27616, 3.3293], [25.25622, 3.33314], [25.25279, 3.33175], [25.24893, 3.32253], [25.24619, 3.32206], [25.23768, 3.33124], [25.22874, 3.33489], [25.22299, 3.342], [25.21924, 3.34221], [25.2152, 3.34243], [25.20538, 3.33365], [25.20379, 3.3318], [25.19852, 3.33202], [25.19622, 3.33385], [25.19533, 3.33397], [25.18958, 3.33475], [25.17721, 3.3578], [25.17713, 3.35795], [25.17139, 3.36207], [25.16873, 3.3632], [25.16819, 3.36343], [25.15258, 3.37006], [25.14799, 3.37326], [25.14407, 3.37854], [25.13781, 3.38029], [25.13317, 3.38423], [25.12821, 3.38818], [25.12293, 3.39994], [25.12172, 3.41506], [25.13109, 3.41969], [25.13544, 3.41925], [25.1374, 3.41904], [25.13837, 3.41894], [25.1385, 3.41896], [25.13844, 3.41894], [25.14055, 3.41872], [25.14828, 3.41793], [25.15307, 3.42093], [25.15788, 3.42094], [25.162, 3.42326], [25.16198, 3.42398], [25.16197, 3.42415], [25.16196, 3.42449], [25.16195, 3.42481], [25.16195, 3.42481], [25.16188, 3.42673], [25.16174, 3.43086], [25.16562, 3.43455], [25.16629, 3.43893], [25.16789, 3.44032], [25.17865, 3.44266], [25.17949, 3.44536], [25.17962, 3.44578], [25.17516, 3.45577], [25.18016, 3.46499], [25.18655, 3.47215], [25.19387, 3.47356], [25.19616, 3.47564], [25.19822, 3.48088], [25.19984, 3.48498], [25.20024, 3.48601], [25.20709, 3.49202], [25.21355, 3.49294], [25.21527, 3.49318], [25.21562, 3.49323], [25.21723, 3.49346], [25.21837, 3.49363], [25.22037, 3.49391], [25.22743, 3.50384], [25.2336, 3.50938], [25.23542, 3.51507], [25.23542, 3.51507], [25.2359, 3.51658], [25.23606, 3.51707], [25.23629, 3.51779], [25.23677, 3.51929], [25.24027, 3.52144], [25.24054, 3.52161], [25.2406, 3.52165], [25.24109, 3.52195], [25.24109, 3.52195], [25.24202, 3.52252], [25.24317, 3.52323], [25.2469, 3.5293], [25.248, 3.53111], [25.2481, 3.53127], [25.24837, 3.5317], [25.24837, 3.5317], [25.2484, 3.53176], [25.25035, 3.53647], [25.25612, 3.55044], [25.27266, 3.53899], [25.28364, 3.54156], [25.28433, 3.54135], [25.28593, 3.54087], [25.28962, 3.53536], [25.29356, 3.5218], [25.30737, 3.50458], [25.31515, 3.5053], [25.31995, 3.509], [25.32679, 3.518], [25.33296, 3.5217], [25.35014, 3.52199], [25.35974, 3.52384], [25.36478, 3.52481], [25.37255, 3.53036], [25.38079, 3.53217], [25.3924, 3.53473], [25.3991, 3.5362], [25.40756, 3.54084], [25.41329, 3.54155], [25.42179, 3.53444], [25.42328, 3.5337], [25.42338, 3.53365], [25.42352, 3.53358], [25.42447, 3.53311], [25.42629, 3.5322], [25.42729, 3.5317], [25.43806, 3.53104], [25.4422, 3.52875], [25.44915, 3.52115], [25.44916, 3.52115], [25.45012, 3.52009], [25.45156, 3.51851], [25.45689, 3.51269], [25.46105, 3.51201], [25.4624, 3.51179], [25.46746, 3.51337], [25.47133, 3.51458], [25.4766, 3.51414], [25.48509, 3.50956], [25.49471, 3.50913], [25.50319, 3.5064], [25.50547, 3.50848], [25.50979, 3.52023], [25.51937, 3.53476], [25.52324, 3.53754], [25.53009, 3.54654], [25.53695, 3.54886], [25.55392, 3.54339], [25.5636, 3.54473], [25.57269, 3.54599], [25.58046, 3.55269], [25.58592, 3.56236], [25.60372, 3.58384], [25.61677, 3.58733], [25.6201, 3.58893], [25.64193, 3.59938], [25.68042, 3.59696], [25.68912, 3.59883], [25.7033, 3.60601], [25.70902, 3.6058], [25.71293, 3.60213], [25.7132, 3.58832], [25.72973, 3.57571], [25.73547, 3.57135], [25.73982, 3.57252], [25.74693, 3.57162], [25.75633, 3.56773], [25.76023, 3.5636], [25.76439, 3.55118], [25.77065, 3.54896], [25.77385, 3.54782], [25.77488, 3.54745], [25.77535, 3.54729], [25.77535, 3.54729], [25.77723, 3.54662], [25.77813, 3.54566], [25.77925, 3.54444], [25.7832, 3.54019], [25.78897, 3.52801], [25.81279, 3.53061], [25.81554, 3.53292], [25.83269, 3.5401], [25.8416, 3.55095], [25.84248, 3.55808], [25.84206, 3.56431], [25.84153, 3.57213], [25.84333, 3.58272], [25.85061, 3.59839], [25.85287, 3.60829], [25.8524, 3.61359], [25.84434, 3.62877], [25.84498, 3.63191], [25.84498, 3.63191], [25.84505, 3.63221], [25.84507, 3.63235], [25.84507, 3.63235], [25.84514, 3.63268], [25.84547, 3.63428], [25.84805, 3.63799], [25.84835, 3.63843], [25.84835, 3.63843], [25.84858, 3.63875], [25.85028, 3.6412], [25.853, 3.64512], [25.85458, 3.65319], [25.85324, 3.65735], [25.85284, 3.65861], [25.85279, 3.65876], [25.85262, 3.65928], [25.85262, 3.65928], [25.85216, 3.66072], [25.85111, 3.66399], [25.85133, 3.66791], [25.85475, 3.67229], [25.85289, 3.68172], [25.85629, 3.69278], [25.8588, 3.69471], [25.85922, 3.69503], [25.85937, 3.69515], [25.86038, 3.69592], [25.86038, 3.69592], [25.8611, 3.69648], [25.87117, 3.69789], [25.88192, 3.70552], [25.88535, 3.70691], [25.89331, 3.70583], [25.89864, 3.7051], [25.90253, 3.7088], [25.90823, 3.71871], [25.91373, 3.71827], [25.91768, 3.71605], [25.92313, 3.713], [25.92727, 3.70817], [25.93415, 3.70543], [25.94217, 3.70522], [25.94402, 3.70678], [25.94491, 3.70753], [25.94786, 3.71767], [25.9671, 3.72117], [25.9695, 3.72393], [25.97152, 3.72625], [25.97212, 3.72694], [25.97353, 3.72733], [25.97435, 3.72756], [25.97715, 3.72834], [25.97858, 3.72677], [25.97945, 3.72582], [25.98176, 3.72329], [25.98588, 3.72238], [25.99343, 3.72769], [25.99586, 3.7278], [25.99615, 3.72781], [25.99615, 3.72781], [26.00465, 3.72818], [26.01448, 3.73834], [26.01997, 3.74065], [26.02274, 3.73767], [26.03556, 3.7354]]]}}, {"type": "Feature", "properties": {"zone": "Gombari", "province": "Haut-Uele", "confirmed_cases": 3, "confirmed_deaths": 1}, "geometry": {"type": "Polygon", "coordinates": [[[29.17996, 3.46878], [29.18385, 3.46233], [29.18797, 3.45956], [29.18865, 3.45312], [29.18922, 3.45218], [29.18941, 3.45186], [29.19094, 3.44935], [29.19182, 3.44934], [29.19206, 3.44934], [29.19235, 3.44934], [29.20124, 3.44735], [29.20605, 3.44458], [29.20905, 3.43983], [29.20993, 3.43845], [29.21001, 3.43833], [29.21042, 3.43768], [29.21063, 3.43734], [29.21289, 3.43378], [29.21291, 3.43376], [29.21708, 3.42958], [29.21958, 3.42708], [29.21958, 3.42042], [29.21875, 3.41792], [29.21875, 3.40958], [29.22458, 3.40375], [29.22625, 3.40292], [29.23042, 3.40292], [29.23125, 3.40208], [29.24875, 3.38625], [29.24958, 3.38458], [29.24958, 3.37875], [29.25542, 3.37458], [29.25625, 3.37375], [29.25792, 3.37292], [29.26375, 3.37292], [29.26875, 3.36792], [29.26875, 3.36625], [29.27042, 3.36458], [29.27542, 3.36292], [29.27875, 3.36042], [29.27875, 3.35875], [29.28542, 3.35208], [29.28708, 3.35042], [29.28708, 3.34542], [29.28792, 3.34375], [29.28792, 3.34042], [29.29042, 3.33375], [29.29542, 3.32958], [29.29542, 3.32708], [29.29375, 3.32542], [29.29375, 3.32292], [29.29125, 3.32042], [29.29125, 3.31792], [29.29292, 3.31542], [29.29292, 3.31292], [29.29458, 3.31125], [29.29458, 3.30625], [29.29542, 3.30458], [29.30042, 3.29958], [29.31042, 3.29958], [29.31292, 3.29792], [29.31625, 3.29375], [29.31875, 3.29125], [29.32292, 3.29042], [29.32875, 3.28458], [29.32958, 3.28542], [29.33208, 3.28625], [29.34292, 3.28625], [29.34458, 3.28458], [29.34542, 3.28375], [29.35292, 3.28292], [29.35708, 3.28708], [29.35875, 3.28708], [29.36125, 3.28958], [29.37208, 3.29042], [29.37375, 3.28875], [29.37542, 3.29042], [29.38042, 3.29125], [29.38208, 3.29292], [29.38458, 3.29292], [29.38625, 3.29458], [29.39708, 3.29542], [29.40125, 3.29542], [29.40458, 3.29208], [29.41042, 3.29208], [29.41125, 3.29292], [29.42292, 3.29292], [29.42958, 3.29958], [29.42958, 3.30542], [29.43458, 3.31042], [29.43958, 3.31375], [29.44292, 3.31375], [29.44375, 3.31458], [29.44458, 3.31375], [29.44708, 3.31542], [29.44958, 3.31792], [29.44958, 3.32042], [29.45208, 3.32292], [29.45792, 3.32208], [29.46125, 3.32458], [29.46458, 3.32375], [29.46625, 3.32458], [29.46792, 3.32625], [29.46826, 3.32863], [29.47185, 3.33003], [29.48088, 3.31855], [29.47985, 3.30643], [29.48233, 3.30704], [29.4896, 3.30883], [29.4882, 3.28743], [29.49621, 3.28626], [29.49987, 3.28096], [29.50169, 3.27521], [29.50741, 3.27013], [29.50808, 3.26277], [29.51357, 3.25562], [29.51287, 3.24619], [29.49887, 3.23194], [29.50208, 3.22779], [29.51285, 3.23399], [29.51353, 3.23145], [29.50596, 3.22226], [29.49976, 3.21352], [29.50593, 3.20523], [29.49995, 3.18866], [29.50064, 3.18636], [29.49421, 3.17693], [29.50221, 3.16979], [29.50312, 3.16518], [29.51182, 3.16356], [29.51112, 3.15642], [29.51249, 3.14906], [29.51041, 3.13824], [29.52597, 3.13683], [29.52138, 3.12694], [29.52067, 3.11152], [29.51662, 3.10875], [29.51401, 3.10141], [29.51927, 3.09426], [29.5085, 3.08508], [29.5062, 3.08209], [29.50023, 3.06829], [29.49359, 3.06761], [29.49152, 3.06071], [29.48076, 3.06187], [29.4732, 3.05544], [29.46083, 3.05316], [29.45946, 3.05684], [29.46268, 3.06535], [29.45513, 3.0679], [29.44759, 3.07942], [29.44829, 3.0877], [29.44578, 3.09047], [29.44051, 3.09163], [29.42543, 3.10776], [29.41009, 3.10755], [29.4007, 3.10297], [29.39291, 3.10344], [29.37688, 3.09794], [29.37001, 3.09841], [29.36565, 3.08928], [29.36564, 3.08368], [29.36198, 3.07955], [29.36331, 3.07465], [29.3524, 3.07393], [29.32002, 3.05321], [29.31503, 3.01198], [29.32195, 2.98624], [29.33229, 2.9588], [29.34944, 2.93654], [29.35808, 2.90566], [29.37528, 2.86965], [29.39078, 2.82848], [29.38062, 2.79926], [29.36875, 2.77003], [29.36885, 2.73912], [29.37405, 2.71166], [29.37755, 2.68419], [29.39295, 2.67222], [29.42371, 2.66715], [29.45787, 2.66382], [29.49033, 2.66048], [29.5245, 2.65542], [29.56208, 2.65381], [29.58599, 2.65388], [29.61161, 2.65738], [29.64235, 2.65747], [29.66627, 2.65753], [29.6953, 2.65761], [29.7067, 2.65852], [29.72353, 2.64483], [29.73385, 2.63746], [29.74653, 2.63308], [29.7304, 2.57598], [29.69176, 2.53902], [29.65361, 2.50253], [29.64407, 2.49319], [29.63278, 2.48188], [29.63277, 2.48187], [29.63276, 2.48186], [29.63157, 2.49133], [29.62151, 2.49365], [29.61373, 2.49344], [29.60069, 2.4884], [29.59034, 2.48824], [29.58719, 2.48819], [29.58147, 2.48889], [29.57439, 2.49488], [29.57096, 2.49512], [29.56386, 2.49214], [29.54899, 2.49286], [29.52793, 2.48276], [29.50711, 2.47958], [29.49383, 2.472], [29.47918, 2.46742], [29.47781, 2.46536], [29.4794, 2.46006], [29.45295, 2.4524], [29.4516, 2.44998], [29.44939, 2.44602], [29.44939, 2.44602], [29.44391, 2.43619], [29.43155, 2.43367], [29.42607, 2.43644], [29.42149, 2.4353], [29.41668, 2.42702], [29.41027, 2.42358], [29.39245, 2.42478], [29.39245, 2.42478], [29.38922, 2.42499], [29.38441, 2.42177], [29.38441, 2.42177], [29.38304, 2.42086], [29.38054, 2.42033], [29.38054, 2.42033], [29.36794, 2.41766], [29.35799, 2.41718], [29.35399, 2.41699], [29.35028, 2.41591], [29.3485, 2.41539], [29.34347, 2.41723], [29.33362, 2.41403], [29.32791, 2.41381], [29.32356, 2.41795], [29.31785, 2.4198], [29.3151, 2.41796], [29.3103, 2.41797], [29.30161, 2.42443], [29.29843, 2.43433], [29.28402, 2.44194], [29.27236, 2.44357], [29.26873, 2.46612], [29.26302, 2.47303], [29.25595, 2.49237], [29.2405, 2.51627], [29.23995, 2.51712], [29.23811, 2.51996], [29.2354, 2.52415], [29.22925, 2.54372], [29.20864, 2.53793], [29.20299, 2.52946], [29.2053, 2.48692], [29.20521, 2.47907], [29.20512, 2.47062], [29.20426, 2.45574], [29.19927, 2.44442], [29.19085, 2.43667], [29.18141, 2.41558], [29.18141, 2.41558], [29.18007, 2.41259], [29.17518, 2.40131], [29.16626, 2.41198], [29.15244, 2.43654], [29.15094, 2.43921], [29.14786, 2.44467], [29.13477, 2.45466], [29.12715, 2.45682], [29.11949, 2.45474], [29.11036, 2.44557], [29.09375, 2.45203], [29.08671, 2.44356], [29.09305, 2.43081], [29.09555, 2.42579], [29.08271, 2.42931], [29.08239, 2.4294], [29.07205, 2.43725], [29.06578, 2.43586], [29.053, 2.427], [29.04506, 2.42385], [29.03992, 2.42181], [29.0439, 2.40407], [29.04247, 2.40054], [29.03167, 2.39483], [29.02779, 2.40635], [29.02647, 2.40728], [29.02566, 2.40785], [29.02445, 2.4087], [29.02322, 2.40957], [29.01911, 2.41878], [29.01568, 2.41924], [29.01179, 2.41465], [29.00515, 2.41373], [28.99875, 2.40776], [28.99028, 2.40661], [28.98252, 2.42043], [28.97451, 2.42389], [28.96971, 2.42918], [28.96742, 2.4232], [28.96879, 2.41676], [28.97222, 2.41376], [28.97404, 2.40571], [28.97815, 2.39719], [28.98638, 2.38913], [28.98751, 2.37279], [28.99825, 2.36496], [29.00053, 2.35713], [28.99709, 2.34793], [29.00052, 2.34355], [28.99388, 2.33597], [28.98815, 2.32401], [28.98575, 2.31532], [28.98209, 2.30207], [28.98177, 2.30093], [28.98106, 2.29834], [28.97989, 2.2941], [28.97691, 2.29112], [28.97759, 2.28559], [28.96878, 2.27047], [28.93574, 2.27769], [28.92234, 2.28062], [28.85714, 2.29015], [28.84192, 2.2959], [28.81903, 2.29956], [28.81706, 2.30052], [28.80729, 2.30528], [28.79897, 2.30745], [28.78183, 2.30186], [28.77451, 2.30233], [28.76857, 2.30786], [28.76537, 2.30901], [28.75302, 2.30373], [28.7457, 2.31294], [28.73587, 2.31961], [28.7233, 2.32538], [28.7153, 2.33366], [28.70935, 2.3362], [28.70935, 2.33068], [28.713, 2.32193], [28.71917, 2.31548], [28.72306, 2.3072], [28.73792, 2.2943], [28.73948, 2.28957], [28.7403, 2.28709], [28.74078, 2.28564], [28.74134, 2.28395], [28.74774, 2.28348], [28.75072, 2.28141], [28.75099, 2.27973], [28.75299, 2.2676], [28.75917, 2.2623], [28.7626, 2.25378], [28.76476, 2.24843], [28.76719, 2.24088], [28.76719, 2.24088], [28.76832, 2.23736], [28.7699, 2.23239], [28.77698, 2.22663], [28.77743, 2.22065], [28.77972, 2.21696], [28.77262, 2.20615], [28.77651, 2.20109], [28.7749, 2.19465], [28.76483, 2.18177], [28.75121, 2.1971], [28.73879, 2.20496], [28.72838, 2.20572], [28.71865, 2.20412], [28.71431, 2.21102], [28.69716, 2.21863], [28.69557, 2.22484], [28.69008, 2.226], [28.68116, 2.23152], [28.67133, 2.23222], [28.65281, 2.23913], [28.64641, 2.24351], [28.63955, 2.24052], [28.63612, 2.24144], [28.62812, 2.26285], [28.62515, 2.26561], [28.61966, 2.26469], [28.61417, 2.26976], [28.60937, 2.26907], [28.60458, 2.28472], [28.60138, 2.2884], [28.60115, 2.29645], [28.59658, 2.30083], [28.59018, 2.31257], [28.5879, 2.32637], [28.58058, 2.33397], [28.55668, 2.32352], [28.4956, 2.29393], [28.47947, 2.28612], [28.47778, 2.28535], [28.46422, 2.27918], [28.46064, 2.27756], [28.44946, 2.27116], [28.44037, 2.26596], [28.42537, 2.26072], [28.40999, 2.25193], [28.39957, 2.25163], [28.39125, 2.26961], [28.37887, 2.29638], [28.36419, 2.30861], [28.36076, 2.31147], [28.36072, 2.3115], [28.34912, 2.32116], [28.3453, 2.32315], [28.34069, 2.32555], [28.32903, 2.33162], [28.32775, 2.33228], [28.32774, 2.33229], [28.32732, 2.3325], [28.32601, 2.33318], [28.32213, 2.3352], [28.32384, 2.33622], [28.33352, 2.34197], [28.35226, 2.34046], [28.35812, 2.34061], [28.3591, 2.34064], [28.35952, 2.34065], [28.36372, 2.34076], [28.36314, 2.3448], [28.36305, 2.34546], [28.36303, 2.34563], [28.36179, 2.35424], [28.34765, 2.36387], [28.35422, 2.3929], [28.34914, 2.40427], [28.34789, 2.41668], [28.36667, 2.45025], [28.3685, 2.4591], [28.36544, 2.46479], [28.35468, 2.4659], [28.35189, 2.4645], [28.34909, 2.4631], [28.33358, 2.46268], [28.34616, 2.47533], [28.35443, 2.48396], [28.35851, 2.50176], [28.36354, 2.52701], [28.37134, 2.53999], [28.37386, 2.55679], [28.36229, 2.55729], [28.35466, 2.5591], [28.34328, 2.56589], [28.34055, 2.57051], [28.33855, 2.57867], [28.33548, 2.58329], [28.32817, 2.58191], [28.32186, 2.57698], [28.31734, 2.57665], [28.31492, 2.57808], [28.31155, 2.58731], [28.3222, 2.60781], [28.33127, 2.61095], [28.33507, 2.60951], [28.33538, 2.60991], [28.33591, 2.61056], [28.33659, 2.61142], [28.3393, 2.61481], [28.33764, 2.62155], [28.3342, 2.63245], [28.33402, 2.63301], [28.33361, 2.63433], [28.33368, 2.64106], [28.33577, 2.6414], [28.35073, 2.64185], [28.35194, 2.64189], [28.35556, 2.64199], [28.3582, 2.64256], [28.36617, 2.64426], [28.37061, 2.64682], [28.37065, 2.64683], [28.37344, 2.64842], [28.38106, 2.65278], [28.39046, 2.65815], [28.39834, 2.66274], [28.40693, 2.66776], [28.40691, 2.66778], [28.41019, 2.66967], [28.41959, 2.67438], [28.42545, 2.67854], [28.43124, 2.68936], [28.43101, 2.69232], [28.43098, 2.69267], [28.43085, 2.6944], [28.43066, 2.69678], [28.43026, 2.702], [28.42917, 2.71604], [28.4282, 2.73334], [28.42771, 2.74211], [28.43997, 2.75466], [28.46062, 2.75678], [28.47057, 2.75664], [28.47555, 2.75656], [28.4878, 2.75638], [28.50226, 2.75535], [28.5041, 2.76479], [28.50181, 2.77768], [28.50456, 2.79701], [28.50238, 2.80435], [28.50217, 2.80505], [28.50182, 2.80622], [28.50045, 2.81818], [28.50297, 2.82509], [28.50801, 2.81979], [28.5097, 2.8197], [28.51235, 2.81956], [28.5206, 2.82922], [28.52609, 2.83267], [28.5357, 2.83359], [28.53753, 2.83727], [28.53566, 2.84447], [28.53521, 2.84619], [28.5342, 2.85006], [28.534, 2.85083], [28.53375, 2.8518], [28.53368, 2.85207], [28.53136, 2.86098], [28.52656, 2.8642], [28.52249, 2.87034], [28.51924, 2.87525], [28.51947, 2.87847], [28.52176, 2.88008], [28.52488, 2.88], [28.53022, 2.87985], [28.54006, 2.88256], [28.54058, 2.88271], [28.54135, 2.88292], [28.5419, 2.88307], [28.54488, 2.88698], [28.54739, 2.88767], [28.54922, 2.88721], [28.55065, 2.88188], [28.55185, 2.87704], [28.55199, 2.87646], [28.55208, 2.87609], [28.55253, 2.87425], [28.55279, 2.8732], [28.55471, 2.86534], [28.5543, 2.86237], [28.5543, 2.86237], [28.55333, 2.85545], [28.55621, 2.85218], [28.56065, 2.84716], [28.56225, 2.84592], [28.56382, 2.84471], [28.5666, 2.84255], [28.56133, 2.8345], [28.56133, 2.827], [28.56133, 2.82453], [28.56133, 2.81747], [28.55904, 2.81264], [28.56244, 2.80497], [28.5635, 2.80257], [28.56396, 2.80175], [28.5659, 2.80066], [28.56956, 2.81148], [28.57231, 2.81286], [28.57414, 2.81171], [28.57895, 2.81378], [28.58101, 2.82114], [28.58765, 2.82988], [28.58605, 2.83426], [28.58834, 2.83725], [28.59292, 2.83655], [28.5975, 2.84069], [28.60688, 2.84299], [28.6078, 2.84575], [28.60665, 2.84944], [28.60224, 2.85388], [28.60133, 2.85479], [28.59956, 2.85657], [28.59991, 2.85761], [28.60025, 2.85865], [28.6073, 2.85938], [28.60881, 2.85954], [28.60957, 2.85962], [28.61124, 2.85979], [28.62359, 2.85426], [28.62499, 2.85516], [28.6268, 2.85633], [28.63481, 2.85679], [28.64557, 2.87266], [28.64901, 2.87266], [28.64981, 2.87266], [28.65289, 2.87266], [28.65794, 2.86355], [28.6581, 2.86327], [28.65838, 2.86276], [28.66694, 2.85947], [28.66743, 2.85928], [28.66799, 2.85907], [28.66941, 2.8566], [28.66963, 2.8562], [28.67042, 2.85483], [28.6706, 2.85451], [28.67234, 2.85147], [28.66913, 2.84434], [28.66949, 2.84301], [28.66964, 2.84247], [28.66982, 2.84181], [28.67645, 2.83812], [28.68126, 2.83858], [28.68195, 2.84755], [28.68401, 2.85146], [28.69031, 2.85137], [28.70161, 2.8512], [28.70369, 2.85099], [28.70942, 2.86019], [28.71148, 2.87193], [28.71061, 2.87545], [28.70989, 2.87837], [28.70691, 2.88022], [28.70469, 2.88031], [28.70381, 2.88034], [28.69547, 2.88069], [28.69181, 2.88322], [28.69135, 2.88713], [28.69337, 2.88889], [28.69381, 2.88927], [28.69479, 2.89012], [28.69777, 2.90301], [28.70533, 2.90738], [28.70418, 2.91428], [28.70785, 2.9175], [28.71037, 2.92279], [28.71175, 2.93246], [28.7351, 2.94349], [28.73512, 2.94354], [28.74761, 2.96771], [28.75022, 2.97775], [28.75, 2.9879], [28.74635, 3.00033], [28.74864, 3.01046], [28.74408, 3.02611], [28.75115, 3.038], [28.75599, 3.04613], [28.7592, 3.04797], [28.76469, 3.04934], [28.76469, 3.04842], [28.76744, 3.04866], [28.77029, 3.0489], [28.77125, 3.04898], [28.77195, 3.04904], [28.77271, 3.04911], [28.77705, 3.04749], [28.78333, 3.04714], [28.78941, 3.04679], [28.78982, 3.04723], [28.79116, 3.04864], [28.79354, 3.05116], [28.80456, 3.04485], [28.82215, 3.0447], [28.84568, 3.0423], [28.85608, 3.04987], [28.86772, 3.06561], [28.87688, 3.0702], [28.87963, 3.07457], [28.88032, 3.08033], [28.87971, 3.09152], [28.87964, 3.09283], [28.87896, 3.10518], [28.88126, 3.11209], [28.88516, 3.116], [28.88996, 3.11829], [28.89272, 3.11898], [28.89546, 3.11967], [28.89799, 3.11931], [28.89799, 3.11931], [28.90243, 3.11866], [28.90668, 3.11805], [28.91355, 3.12173], [28.92661, 3.13645], [28.92959, 3.14243], [28.9415, 3.15231], [28.94518, 3.16796], [28.9477, 3.16934], [28.95319, 3.16887], [28.95884, 3.18243], [28.95929, 3.18351], [28.95984, 3.18483], [28.9597, 3.19142], [28.95966, 3.19312], [28.95948, 3.20168], [28.96211, 3.21282], [28.97485, 3.23364], [28.98712, 3.24406], [28.9891, 3.24574], [29.00456, 3.25265], [29.02241, 3.25934], [29.03013, 3.26689], [29.04587, 3.2796], [29.06781, 3.3079], [29.09451, 3.33749], [29.09976, 3.34361], [29.11112, 3.35682], [29.11882, 3.3676], [29.1207, 3.37024], [29.12534, 3.37674], [29.12743, 3.38989], [29.13179, 3.39311], [29.13408, 3.39725], [29.13317, 3.4007], [29.13269, 3.40134], [29.13231, 3.40184], [29.12882, 3.40646], [29.12865, 3.41314], [29.12862, 3.41412], [29.1286, 3.41475], [29.12998, 3.42004], [29.12609, 3.42373], [29.12473, 3.43547], [29.12455, 3.43595], [29.12392, 3.43759], [29.12085, 3.4456], [29.12154, 3.4502], [29.1229, 3.45168], [29.12303, 3.45181], [29.12463, 3.45354], [29.13, 3.45935], [29.13518, 3.46495], [29.13613, 3.46597], [29.1392, 3.46929], [29.14332, 3.46836], [29.14562, 3.46952], [29.14616, 3.46978], [29.14653, 3.46997], [29.14722, 3.47143], [29.14722, 3.47143], [29.14882, 3.4748], [29.14948, 3.47546], [29.15014, 3.47612], [29.15286, 3.47885], [29.1548, 3.48079], [29.15568, 3.48168], [29.15799, 3.484], [29.17149, 3.47132], [29.17996, 3.46878]]]}}, {"type": "Feature", "properties": {"zone": "Kayna", "province": "Nord-Kivu", "confirmed_cases": 3, "confirmed_deaths": 2}, "geometry": {"type": "Polygon", "coordinates": [[[28.63253, -0.14551], [28.63332, -0.1463], [28.63524, -0.14737], [28.63582, -0.14737], [28.63674, -0.14787], [28.63739, -0.14851], [28.63938, -0.1483], [28.64067, -0.14908], [28.64145, -0.15008], [28.6416, -0.15208], [28.64338, -0.15194], [28.64438, -0.15151], [28.64502, -0.15187], [28.64418, -0.15333], [28.64338, -0.15451], [28.64345, -0.15601], [28.64402, -0.15822], [28.64488, -0.15972], [28.64502, -0.161], [28.64559, -0.162], [28.64617, -0.16243], [28.64645, -0.16371], [28.64631, -0.16536], [28.64759, -0.16621], [28.65054, -0.16914], [28.65155, -0.17002], [28.65238, -0.17057], [28.65252, -0.17192], [28.65309, -0.17307], [28.6543, -0.17449], [28.65545, -0.17549], [28.6563, -0.17578], [28.65709, -0.17678], [28.65759, -0.17806], [28.65832, -0.17887], [28.6591, -0.17986], [28.65959, -0.18063], [28.6608, -0.18142], [28.66201, -0.1817], [28.66294, -0.18149], [28.66405, -0.18352], [28.66544, -0.18606], [28.66708, -0.18663], [28.66858, -0.18699], [28.66987, -0.18777], [28.67158, -0.18791], [28.67308, -0.18977], [28.67315, -0.1907], [28.67522, -0.19155], [28.67622, -0.19063], [28.67615, -0.1892], [28.67479, -0.18791], [28.67629, -0.18606], [28.67729, -0.1862], [28.67836, -0.18706], [28.67872, -0.18799], [28.67986, -0.18906], [28.6815, -0.18834], [28.68221, -0.18799], [28.68221, -0.18977], [28.68357, -0.18991], [28.68407, -0.19134], [28.68464, -0.1922], [28.68357, -0.1937], [28.68357, -0.19434], [28.68457, -0.19448], [28.68564, -0.19398], [28.68721, -0.19341], [28.68814, -0.19298], [28.68907, -0.19348], [28.69028, -0.19284], [28.69328, -0.19263], [28.69414, -0.19391], [28.69364, -0.19527], [28.69406, -0.19619], [28.69609, -0.19624], [28.69706, -0.19634], [28.69813, -0.19512], [28.69935, -0.19505], [28.7012, -0.19612], [28.7017, -0.19684], [28.70192, -0.19798], [28.70399, -0.19834], [28.70499, -0.19798], [28.70613, -0.19612], [28.70599, -0.19798], [28.70527, -0.19948], [28.70541, -0.20069], [28.70627, -0.20141], [28.70763, -0.20125], [28.70885, -0.20123], [28.7107, -0.20141], [28.71212, -0.20369], [28.71369, -0.20098], [28.71508, -0.20129], [28.71691, -0.20141], [28.71798, -0.20176], [28.71798, -0.20283], [28.71748, -0.20383], [28.71791, -0.20448], [28.71883, -0.20483], [28.71955, -0.20412], [28.72033, -0.20519], [28.72005, -0.20655], [28.72069, -0.20819], [28.72169, -0.20826], [28.72333, -0.20776], [28.72297, -0.2064], [28.72283, -0.20483], [28.72427, -0.20469], [28.72533, -0.20469], [28.72683, -0.20519], [28.72804, -0.20697], [28.72933, -0.20783], [28.73111, -0.20797], [28.73197, -0.20919], [28.73147, -0.21033], [28.73026, -0.21197], [28.7304, -0.21268], [28.73126, -0.21318], [28.73154, -0.21483], [28.73161, -0.2159], [28.7319, -0.21682], [28.73254, -0.21747], [28.73304, -0.21611], [28.7344, -0.2169], [28.73525, -0.21725], [28.73682, -0.21718], [28.73789, -0.21697], [28.73818, -0.21661], [28.73927, -0.21743], [28.73996, -0.21847], [28.73932, -0.22132], [28.74011, -0.22182], [28.74032, -0.22104], [28.74091, -0.22236], [28.74111, -0.22311], [28.74189, -0.22496], [28.74268, -0.22568], [28.74285, -0.22681], [28.74296, -0.22753], [28.74375, -0.22889], [28.74353, -0.22996], [28.74261, -0.2301], [28.74225, -0.23082], [28.74332, -0.23124], [28.7441, -0.23331], [28.7436, -0.2341], [28.74268, -0.23346], [28.74182, -0.23353], [28.74075, -0.23346], [28.74068, -0.23488], [28.74132, -0.23645], [28.74132, -0.23781], [28.73989, -0.2376], [28.73847, -0.2371], [28.73782, -0.23631], [28.73747, -0.23724], [28.73661, -0.23781], [28.73854, -0.23945], [28.73782, -0.24017], [28.73654, -0.24095], [28.73525, -0.24109], [28.73511, -0.24224], [28.7344, -0.24295], [28.73347, -0.24281], [28.73247, -0.24238], [28.73161, -0.24224], [28.7314, -0.24309], [28.73233, -0.24416], [28.73475, -0.24623], [28.73447, -0.24759], [28.7359, -0.24952], [28.73661, -0.25087], [28.73697, -0.25195], [28.73668, -0.25302], [28.73611, -0.2533], [28.73711, -0.25452], [28.73861, -0.25416], [28.73954, -0.25523], [28.74068, -0.25516], [28.74175, -0.2548], [28.74185, -0.25538], [28.74218, -0.25666], [28.74346, -0.25594], [28.74496, -0.2563], [28.74503, -0.25659], [28.74432, -0.25801], [28.74439, -0.25965], [28.74389, -0.26087], [28.74146, -0.26215], [28.74139, -0.2633], [28.74305, -0.26343], [28.74403, -0.26308], [28.74553, -0.26294], [28.7476, -0.26172], [28.74846, -0.26251], [28.74817, -0.26365], [28.74746, -0.26444], [28.74682, -0.26487], [28.7476, -0.26572], [28.74732, -0.26679], [28.74589, -0.26701], [28.74546, -0.26872], [28.74517, -0.27036], [28.7451, -0.27136], [28.74418, -0.272], [28.74432, -0.27278], [28.7443, -0.27385], [28.7441, -0.27564], [28.7441, -0.27743], [28.74625, -0.27707], [28.74721, -0.2778], [28.74824, -0.27868], [28.74889, -0.27929], [28.7501, -0.27879], [28.7516, -0.27771], [28.75246, -0.2775], [28.75431, -0.27786], [28.75481, -0.27871], [28.75388, -0.27921], [28.75438, -0.28007], [28.75581, -0.28007], [28.75681, -0.28057], [28.7586, -0.28057], [28.75888, -0.2815], [28.76017, -0.28178], [28.76075, -0.28233], [28.76004, -0.28304], [28.75961, -0.28411], [28.75911, -0.28418], [28.75839, -0.28404], [28.75747, -0.28411], [28.75682, -0.28461], [28.7559, -0.28625], [28.75497, -0.28668], [28.75261, -0.28846], [28.7519, -0.28832], [28.75083, -0.28839], [28.75118, -0.28925], [28.75176, -0.28982], [28.75183, -0.29082], [28.75276, -0.29118], [28.75304, -0.29203], [28.7529, -0.29353], [28.7529, -0.29482], [28.75311, -0.29639], [28.75318, -0.29732], [28.75297, -0.29832], [28.75183, -0.29896], [28.7514, -0.29974], [28.75147, -0.30067], [28.75147, -0.30124], [28.75268, -0.30146], [28.75368, -0.30138], [28.75497, -0.3016], [28.7564, -0.30067], [28.75839, -0.30074], [28.75939, -0.30088], [28.76039, -0.30146], [28.76153, -0.30279], [28.76232, -0.3041], [28.76175, -0.30495], [28.76239, -0.30652], [28.76325, -0.30788], [28.76425, -0.30845], [28.76532, -0.30774], [28.7671, -0.30745], [28.76789, -0.30824], [28.76889, -0.30838], [28.7701, -0.30845], [28.77131, -0.30917], [28.77267, -0.31031], [28.7741, -0.31223], [28.77524, -0.31338], [28.77753, -0.31559], [28.77874, -0.31559], [28.78059, -0.31516], [28.78202, -0.31516], [28.78374, -0.31523], [28.78523, -0.31602], [28.78645, -0.31652], [28.78766, -0.31659], [28.7888, -0.31652], [28.78952, -0.3158], [28.79037, -0.3148], [28.79137, -0.31431], [28.79266, -0.31416], [28.79494, -0.31616], [28.79837, -0.31545], [28.80037, -0.3158], [28.80472, -0.31602], [28.80629, -0.31538], [28.80758, -0.31459], [28.80922, -0.31352], [28.81008, -0.31266], [28.81129, -0.31252], [28.81265, -0.31259], [28.8145, -0.31252], [28.81707, -0.31152], [28.81857, -0.31181], [28.81978, -0.31066], [28.81986, -0.30995], [28.82263, -0.30856], [28.82415, -0.30828], [28.82642, -0.30795], [28.82885, -0.3066], [28.83085, -0.30467], [28.83249, -0.30453], [28.83365, -0.30391], [28.83463, -0.30338], [28.83585, -0.30317], [28.8367, -0.30303], [28.83799, -0.30317], [28.83969, -0.30277], [28.84078, -0.30232], [28.84134, -0.30203], [28.84306, -0.30196], [28.84541, -0.30196], [28.84634, -0.30217], [28.84827, -0.30224], [28.84891, -0.30153], [28.84962, -0.30117], [28.85077, -0.30039], [28.85308, -0.30008], [28.85479, -0.29852], [28.85575, -0.29644], [28.85575, -0.29548], [28.85672, -0.294], [28.85842, -0.2937], [28.85991, -0.29481], [28.86084, -0.29491], [28.86235, -0.29459], [28.86346, -0.29452], [28.86495, -0.29504], [28.86561, -0.29563], [28.86843, -0.29563], [28.86984, -0.29607], [28.87216, -0.29403], [28.8739, -0.29256], [28.87742, -0.29], [28.87849, -0.28786], [28.88135, -0.28571], [28.88563, -0.28215], [28.89098, -0.28], [28.89634, -0.27965], [28.90169, -0.28322], [28.9024, -0.28607], [28.90575, -0.29256], [28.9053, -0.29451], [28.9053, -0.29572], [28.90696, -0.29692], [28.90801, -0.29918], [28.90801, -0.30084], [28.90861, -0.3034], [28.91163, -0.30686], [28.91374, -0.30746], [28.91539, -0.30852], [28.91645, -0.31033], [28.9175, -0.31258], [28.91794, -0.31569], [28.9181, -0.3168], [28.91886, -0.31936], [28.9184, -0.32177], [28.91916, -0.32343], [28.92142, -0.32403], [28.92367, -0.32418], [28.92503, -0.32539], [28.92548, -0.32764], [28.92578, -0.3302], [28.92639, -0.33246], [28.92789, -0.33246], [28.9294, -0.33337], [28.9288, -0.33533], [28.92669, -0.33683], [28.92684, -0.33909], [28.92925, -0.33939], [28.93226, -0.33969], [28.93422, -0.34105], [28.93542, -0.34225], [28.93572, -0.34451], [28.93617, -0.34511], [28.93904, -0.34542], [28.94114, -0.34692], [28.94265, -0.34933], [28.94295, -0.35325], [28.94732, -0.35776], [28.95349, -0.36002], [28.95861, -0.36123], [28.96509, -0.36228], [28.96915, -0.36183], [28.97096, -0.36078], [28.97397, -0.35957], [28.97608, -0.35912], [28.97742, -0.35795], [28.97849, -0.35701], [28.98, -0.3552], [28.97955, -0.35355], [28.97964, -0.35143], [28.98015, -0.34978], [28.98241, -0.34978], [28.98331, -0.34873], [28.98467, -0.34782], [28.98532, -0.34632], [28.99031, -0.3481], [28.99531, -0.34846], [29.00209, -0.35167], [29.0078, -0.35596], [29.02529, -0.36024], [29.03222, -0.3626], [29.05563, -0.37059], [29.07633, -0.37095], [29.09275, -0.37273], [29.10417, -0.37309], [29.1081, -0.37309], [29.11484, -0.37259], [29.11674, -0.37236], [29.12034, -0.3723], [29.12191, -0.37195], [29.12441, -0.37188], [29.12562, -0.3723], [29.12726, -0.37266], [29.13017, -0.3727], [29.13124, -0.37266], [29.13233, -0.37245], [29.13333, -0.37202], [29.13469, -0.37195], [29.13569, -0.3718], [29.13697, -0.3713], [29.1379, -0.37181], [29.13961, -0.37245], [29.13997, -0.37173], [29.13926, -0.3708], [29.13933, -0.3698], [29.14004, -0.3698], [29.1413, -0.37074], [29.14161, -0.37109], [29.14425, -0.37116], [29.14468, -0.37209], [29.14532, -0.37195], [29.14582, -0.37109], [29.14682, -0.37109], [29.14854, -0.37123], [29.14918, -0.37188], [29.14946, -0.37252], [29.15046, -0.37245], [29.15146, -0.37245], [29.15275, -0.37273], [29.15296, -0.37152], [29.1526, -0.37109], [29.15125, -0.36995], [29.15068, -0.36888], [29.1511, -0.36773], [29.15182, -0.36781], [29.15275, -0.36895], [29.1546, -0.36895], [29.15674, -0.36852], [29.15724, -0.36888], [29.15724, -0.3698], [29.1566, -0.37066], [29.15567, -0.37102], [29.15589, -0.37138], [29.15689, -0.37209], [29.15789, -0.37209], [29.1581, -0.37273], [29.15803, -0.37359], [29.15753, -0.37459], [29.15739, -0.37609], [29.15846, -0.37709], [29.15889, -0.37773], [29.15924, -0.37937], [29.15846, -0.37994], [29.15766, -0.37987], [29.15689, -0.3798], [29.15689, -0.38058], [29.15753, -0.38151], [29.15774, -0.38251], [29.15724, -0.38308], [29.15553, -0.38394], [29.1546, -0.38401], [29.1546, -0.3848], [29.1541, -0.38544], [29.15432, -0.38644], [29.15532, -0.38715], [29.1556, -0.38794], [29.15532, -0.38929], [29.15453, -0.39029], [29.15453, -0.39108], [29.15489, -0.39186], [29.15546, -0.39201], [29.15617, -0.39143], [29.15617, -0.39058], [29.15739, -0.39008], [29.15824, -0.39029], [29.15903, -0.39015], [29.15981, -0.38994], [29.1616, -0.38901], [29.16445, -0.39136], [29.16453, -0.39215], [29.16552, -0.3925], [29.16631, -0.39215], [29.16745, -0.39229], [29.16852, -0.39229], [29.17059, -0.39043], [29.17295, -0.39079], [29.17245, -0.39165], [29.17252, -0.39265], [29.17293, -0.39325], [29.17455, -0.3926], [29.17618, -0.39292], [29.17703, -0.39338], [29.17794, -0.39409], [29.17808, -0.39539], [29.17779, -0.3963], [29.17598, -0.39832], [29.17494, -0.39897], [29.17494, -0.39956], [29.17664, -0.40118], [29.178, -0.40092], [29.17904, -0.40092], [29.17943, -0.40171], [29.17911, -0.40236], [29.1795, -0.4032], [29.18002, -0.4032], [29.18132, -0.40203], [29.18425, -0.40275], [29.18672, -0.40314], [29.19004, -0.40359], [29.19284, -0.40346], [29.19563, -0.40307], [29.19733, -0.40249], [29.19915, -0.40197], [29.2026, -0.40197], [29.20429, -0.40249], [29.20618, -0.40281], [29.20722, -0.40281], [29.20884, -0.40262], [29.21014, -0.40216], [29.21125, -0.40197], [29.21139, -0.40235], [29.21158, -0.40288], [29.21268, -0.4034], [29.21613, -0.40405], [29.21815, -0.40405], [29.22036, -0.40509], [29.22231, -0.40554], [29.22417, -0.4053], [29.22628, -0.40535], [29.22836, -0.40522], [29.2294, -0.40502], [29.23025, -0.40444], [29.23129, -0.40515], [29.23207, -0.40587], [29.23331, -0.40593], [29.23461, -0.40593], [29.23572, -0.40626], [29.23617, -0.40737], [29.23591, -0.40808], [29.23526, -0.40873], [29.23539, -0.40925], [29.23682, -0.41042], [29.23695, -0.41153], [29.23734, -0.41212], [29.23702, -0.41257], [29.23819, -0.41374], [29.23956, -0.41459], [29.24027, -0.4155], [29.24131, -0.41537], [29.24242, -0.41563], [29.24268, -0.41602], [29.24326, -0.41602], [29.24398, -0.41543], [29.2445, -0.4155], [29.24424, -0.41635], [29.2447, -0.41739], [29.2447, -0.41862], [29.24554, -0.41901], [29.24567, -0.41993], [29.24561, -0.42162], [29.24528, -0.42272], [29.24541, -0.42578], [29.24509, -0.42624], [29.2458, -0.42663], [29.24619, -0.4276], [29.24756, -0.4276], [29.24782, -0.42806], [29.24788, -0.42916], [29.24834, -0.4304], [29.24808, -0.43229], [29.24879, -0.43242], [29.24958, -0.43281], [29.24971, -0.43365], [29.25049, -0.43378], [29.25127, -0.43372], [29.25142, -0.43443], [29.25153, -0.43495], [29.25244, -0.43561], [29.25322, -0.43684], [29.25394, -0.43736], [29.25498, -0.43821], [29.25641, -0.4397], [29.25738, -0.43925], [29.25862, -0.43931], [29.25979, -0.43944], [29.26051, -0.4401], [29.26083, -0.44101], [29.26239, -0.44107], [29.26428, -0.44179], [29.26428, -0.44263], [29.26336, -0.44386], [29.26233, -0.44517], [29.26233, -0.44615], [29.26298, -0.4468], [29.26402, -0.44803], [29.26422, -0.44927], [29.26467, -0.45038], [29.26539, -0.45064], [29.2661, -0.45109], [29.26636, -0.45213], [29.26649, -0.45369], [29.26739, -0.45415], [29.26792, -0.45474], [29.26845, -0.45591], [29.26851, -0.45747], [29.2733, -0.45929], [29.27592, -0.45929], [29.27949, -0.4612], [29.2833, -0.46524], [29.28663, -0.46429], [29.28972, -0.46572], [29.29401, -0.46619], [29.29686, -0.46548], [29.30114, -0.46667], [29.30379, -0.46769], [29.30552, -0.46816], [29.30721, -0.46853], [29.30876, -0.46881], [29.31756, -0.47381], [29.32018, -0.47238], [29.32185, -0.47238], [29.32541, -0.47309], [29.32613, -0.47595], [29.3263, -0.47687], [29.33151, -0.48588], [29.33689, -0.49462], [29.3463, -0.50269], [29.35706, -0.50806], [29.36445, -0.51344], [29.37185, -0.52353], [29.38059, -0.52756], [29.38731, -0.53495], [29.39201, -0.53966], [29.3973, -0.54495], [29.40008, -0.54773], [29.40748, -0.54974], [29.41487, -0.55848], [29.4189, -0.56722], [29.42025, -0.58268], [29.42697, -0.59008], [29.43638, -0.59411], [29.44731, -0.60046], [29.44578, -0.60003], [29.44486, -0.59994], [29.44402, -0.6004], [29.44294, -0.60142], [29.44161, -0.60296], [29.44093, -0.60414], [29.44105, -0.60507], [29.44255, -0.60779], [29.44239, -0.60914], [29.44161, -0.60993], [29.44064, -0.61062], [29.43846, -0.61131], [29.43579, -0.61164], [29.43469, -0.61215], [29.43444, -0.61252], [29.43439, -0.6129], [29.43534, -0.61419], [29.43521, -0.6146], [29.4349, -0.61486], [29.43449, -0.61484], [29.43312, -0.61396], [29.43251, -0.61373], [29.43087, -0.61389], [29.43011, -0.61415], [29.42922, -0.61517], [29.42871, -0.61657], [29.42871, -0.61793], [29.42892, -0.6194], [29.42954, -0.62061], [29.42964, -0.62142], [29.43063, -0.6227], [29.43106, -0.62355], [29.43182, -0.62573], [29.43192, -0.62776], [29.43163, -0.63004], [29.43194, -0.63164], [29.43251, -0.63272], [29.43467, -0.63514], [29.43553, -0.63701], [29.42926, -0.64148], [29.42826, -0.64257], [29.42569, -0.64627], [29.4245, -0.6477], [29.42394, -0.64804], [29.4226, -0.64845], [29.42209, -0.64885], [29.42172, -0.65003], [29.42181, -0.65274], [29.42167, -0.6541], [29.4213, -0.65511], [29.42059, -0.65611], [29.42011, -0.65635], [29.41942, -0.65643], [29.41884, -0.65613], [29.41707, -0.65463], [29.41656, -0.65462], [29.41592, -0.65495], [29.4152, -0.65575], [29.41474, -0.65787], [29.41444, -0.65863], [29.40919, -0.6633], [29.40838, -0.66455], [29.40758, -0.66627], [29.40707, -0.66645], [29.40565, -0.66571], [29.40513, -0.66595], [29.40446, -0.66727], [29.40392, -0.66882], [29.40403, -0.66963], [29.40449, -0.67061], [29.4043, -0.67111], [29.40383, -0.67138], [29.40141, -0.67134], [29.40109, -0.67159], [29.40052, -0.67253], [29.40036, -0.67319], [29.4004, -0.67374], [29.4015, -0.6758], [29.40168, -0.67668], [29.4015, -0.67734], [29.40097, -0.67833], [29.39948, -0.68016], [29.39942, -0.68125], [29.39845, -0.68173], [29.39819, -0.6822], [29.39837, -0.68313], [29.39934, -0.68477], [29.3993, -0.68596], [29.39799, -0.68998], [29.39762, -0.69056], [29.39714, -0.6908], [29.39653, -0.69058], [29.39568, -0.68907], [29.39526, -0.68866], [29.3948, -0.68864], [29.39331, -0.68917], [29.39294, -0.689], [29.39248, -0.68849], [29.39227, -0.68757], [29.3924, -0.68365], [29.39181, -0.68257], [29.39099, -0.67944], [29.39042, -0.6785], [29.39001, -0.67815], [29.38921, -0.67802], [29.38827, -0.67817], [29.38645, -0.67977], [29.38414, -0.68048], [29.38126, -0.68292], [29.38061, -0.68269], [29.3791, -0.68154], [29.3787, -0.68152], [29.37794, -0.68183], [29.37617, -0.68422], [29.37524, -0.68617], [29.37491, -0.68791], [29.3747, -0.69196], [29.37396, -0.69443], [29.37313, -0.69567], [29.37143, -0.69721], [29.37114, -0.69782], [29.37073, -0.69968], [29.37054, -0.70131], [29.37082, -0.70205], [29.37169, -0.70323], [29.3718, -0.70403], [29.37163, -0.70441], [29.3709, -0.70476], [29.37037, -0.70469], [29.36861, -0.7034], [29.36743, -0.70232], [29.36742, -0.70163], [29.36779, -0.70032], [29.36758, -0.69997], [29.36672, -0.69958], [29.36568, -0.69988], [29.36447, -0.69983], [29.36355, -0.69926], [29.36324, -0.69881], [29.36334, -0.69748], [29.36369, -0.69601], [29.36436, -0.69429], [29.36499, -0.69333], [29.36551, -0.69322], [29.36606, -0.69344], [29.36694, -0.69527], [29.36763, -0.69576], [29.3684, -0.69596], [29.36884, -0.69571], [29.36936, -0.69501], [29.37084, -0.69212], [29.37074, -0.69171], [29.37033, -0.69132], [29.36849, -0.69208], [29.36811, -0.69193], [29.36773, -0.69152], [29.36757, -0.69058], [29.36795, -0.68558], [29.36748, -0.68491], [29.3666, -0.68456], [29.36622, -0.68471], [29.36595, -0.68534], [29.36651, -0.68714], [29.36634, -0.68809], [29.3648, -0.68917], [29.36415, -0.69129], [29.36385, -0.69181], [29.36313, -0.69167], [29.3626, -0.69089], [29.36257, -0.68995], [29.36363, -0.68658], [29.36331, -0.68389], [29.36426, -0.68035], [29.36427, -0.67941], [29.36396, -0.67671], [29.3646, -0.67498], [29.36625, -0.67301], [29.36828, -0.66919], [29.36893, -0.66895], [29.37014, -0.66905], [29.37067, -0.66863], [29.37108, -0.66636], [29.37302, -0.66342], [29.37294, -0.66316], [29.37268, -0.66299], [29.37134, -0.66363], [29.37114, -0.66314], [29.37126, -0.66261], [29.37218, -0.6614], [29.37238, -0.66093], [29.37224, -0.65957], [29.37286, -0.65624], [29.37327, -0.65539], [29.3744, -0.65462], [29.36247, -0.6553], [29.35909, -0.65687], [29.34214, -0.65059], [29.3351, -0.64373], [29.3279, -0.64371], [29.33368, -0.66133], [29.32527, -0.6701], [29.30649, -0.68276], [29.29081, -0.69445], [29.26503, -0.69829], [29.23822, -0.70213], [29.23021, -0.69233], [29.21798, -0.68523], [29.21296, -0.6825], [29.19893, -0.66584], [29.18972, -0.66386], [29.18555, -0.66678], [29.18443, -0.67069], [29.18315, -0.68242], [29.17252, -0.69228], [29.17234, -0.69262], [29.17189, -0.6931], [29.17147, -0.69367], [29.17123, -0.69418], [29.17076, -0.69462], [29.17018, -0.6951], [29.16926, -0.69544], [29.16852, -0.69544], [29.16789, -0.69578], [29.16744, -0.69607], [29.16681, -0.69653], [29.16669, -0.6975], [29.16624, -0.69761], [29.1655, -0.69721], [29.1647, -0.69704], [29.1639, -0.69744], [29.16333, -0.69818], [29.16253, -0.69784], [29.16178, -0.69772], [29.16047, -0.69824], [29.15904, -0.69835], [29.15841, -0.69795], [29.15699, -0.6983], [29.15602, -0.6983], [29.15476, -0.69778], [29.15385, -0.69824], [29.1535, -0.69932], [29.15213, -0.70035], [29.15076, -0.70052], [29.14996, -0.70087], [29.14933, -0.70104], [29.14871, -0.70144], [29.14819, -0.70235], [29.14705, -0.70235], [29.14579, -0.70235], [29.14511, -0.70264], [29.14431, -0.70384], [29.14425, -0.70492], [29.14402, -0.70549], [29.14294, -0.70572], [29.14248, -0.70589], [29.14134, -0.70583], [29.14048, -0.70475], [29.13929, -0.70379], [29.1372, -0.70222], [29.13513, -0.70175], [29.1332, -0.7012], [29.13213, -0.70149], [29.13145, -0.70223], [29.1299, -0.70479], [29.1298, -0.70519], [29.12987, -0.70564], [29.12987, -0.70621], [29.12978, -0.70671], [29.12975, -0.70731], [29.12944, -0.70771], [29.12904, -0.70807], [29.12892, -0.70859], [29.12887, -0.70902], [29.1284, -0.7095], [29.12782, -0.70988], [29.12818, -0.71043], [29.12802, -0.71121], [29.12785, -0.71169], [29.12723, -0.71197], [29.12718, -0.7124], [29.12768, -0.71278], [29.12816, -0.71316], [29.12785, -0.71371], [29.12735, -0.71399], [29.12673, -0.71411], [29.12616, -0.71438], [29.12568, -0.71464], [29.1254, -0.71502], [29.1253, -0.71556], [29.12537, -0.71635], [29.12526, -0.71711], [29.1248, -0.71761], [29.1239, -0.7183], [29.12347, -0.71873], [29.12307, -0.71923], [29.12285, -0.71978], [29.12269, -0.72032], [29.12273, -0.72087], [29.12304, -0.72123], [29.12273, -0.72156], [29.12252, -0.72166], [29.12207, -0.72206], [29.12161, -0.72249], [29.12123, -0.72275], [29.12088, -0.72289], [29.12064, -0.72292], [29.12023, -0.72304], [29.11988, -0.72327], [29.11943, -0.72368], [29.11921, -0.72413], [29.11902, -0.72468], [29.1194, -0.72511], [29.11924, -0.72551], [29.11871, -0.72527], [29.1184, -0.72561], [29.11812, -0.72615], [29.11833, -0.72653], [29.11874, -0.72663], [29.11897, -0.72684], [29.11919, -0.72715], [29.11962, -0.72751], [29.11995, -0.72803], [29.11993, -0.72858], [29.11962, -0.72889], [29.11924, -0.72929], [29.11919, -0.72972], [29.11907, -0.73027], [29.11909, -0.73096], [29.11924, -0.73151], [29.1195, -0.73191], [29.1195, -0.73239], [29.1195, -0.73282], [29.11931, -0.73322], [29.11926, -0.73382], [29.11924, -0.73424], [29.11919, -0.73472], [29.11928, -0.73517], [29.11933, -0.73579], [29.11933, -0.73642], [29.11927, -0.73744], [29.11903, -0.7381], [29.11879, -0.73864], [29.11855, -0.73918], [29.11795, -0.73972], [29.11747, -0.74032], [29.11717, -0.74092], [29.11717, -0.7414], [29.11735, -0.74182], [29.11783, -0.74272], [29.11783, -0.74332], [29.11729, -0.74398], [29.11675, -0.74416], [29.11609, -0.74488], [29.11573, -0.745], [29.11495, -0.7453], [29.11441, -0.74619], [29.11435, -0.74679], [29.11417, -0.74745], [29.11387, -0.74763], [29.11345, -0.74859], [29.11327, -0.74955], [29.11291, -0.75009], [29.11243, -0.75087], [29.11219, -0.75165], [29.11177, -0.75219], [29.11111, -0.75291], [29.11081, -0.75339], [29.11045, -0.75405], [29.10973, -0.75465], [29.10937, -0.75537], [29.10871, -0.75591], [29.10824, -0.75645], [29.10818, -0.75717], [29.10818, -0.75788], [29.10824, -0.75866], [29.10788, -0.75926], [29.10824, -0.75974], [29.10871, -0.76058], [29.10842, -0.76136], [29.10806, -0.76202], [29.10722, -0.76196], [29.10668, -0.7616], [29.1059, -0.76154], [29.10548, -0.76172], [29.105, -0.76238], [29.10428, -0.76292], [29.10422, -0.76364], [29.10338, -0.76448], [29.1026, -0.76514], [29.10146, -0.76544], [29.10098, -0.76604], [29.10032, -0.7661], [29.10014, -0.76592], [29.09948, -0.76562], [29.09924, -0.7658], [29.0984, -0.76634], [29.09756, -0.767], [29.0969, -0.7679], [29.09631, -0.76856], [29.09535, -0.76915], [29.09469, -0.76868], [29.09397, -0.76874], [29.09379, -0.76963], [29.09313, -0.77005], [29.09259, -0.77041], [29.09229, -0.77137], [29.09187, -0.77161], [29.09133, -0.77209], [29.09085, -0.77317], [29.09043, -0.77395], [29.08989, -0.77449], [29.08947, -0.77485], [29.08905, -0.77587], [29.08947, -0.77635], [29.08971, -0.77689], [29.08965, -0.77743], [29.09013, -0.77809], [29.08983, -0.77857], [29.08941, -0.77869], [29.08863, -0.77851], [29.08803, -0.77821], [29.08725, -0.77767], [29.08659, -0.77713], [29.08605, -0.77653], [29.08545, -0.77629], [29.08504, -0.77653], [29.08444, -0.77737], [29.08444, -0.77833], [29.08444, -0.77935], [29.08408, -0.77989], [29.08378, -0.78049], [29.08294, -0.78084], [29.08222, -0.78144], [29.08198, -0.78216], [29.08258, -0.7827], [29.083, -0.78318], [29.08276, -0.7839], [29.08168, -0.78426], [29.08114, -0.78462], [29.08096, -0.78546], [29.08096, -0.78642], [29.08078, -0.78714], [29.08027, -0.78782], [29.07984, -0.78854], [29.07963, -0.78947], [29.08027, -0.79004], [29.0807, -0.79134], [29.08078, -0.79256], [29.07991, -0.79335], [29.07927, -0.794], [29.0792, -0.79515], [29.07848, -0.79543], [29.07783, -0.7955], [29.07754, -0.79629], [29.07754, -0.79709], [29.07797, -0.79802], [29.07747, -0.7991], [29.07654, -0.79938], [29.07589, -0.79938], [29.07517, -0.79924], [29.07409, -0.7996], [29.07338, -0.79982], [29.07345, -0.80089], [29.07359, -0.80233], [29.07352, -0.80355], [29.07287, -0.80377], [29.07201, -0.80441], [29.07201, -0.8052], [29.07208, -0.80657], [29.07302, -0.80707], [29.07395, -0.80779], [29.07352, -0.80865], [29.0728, -0.80959], [29.07201, -0.81016], [29.07115, -0.81016], [29.07086, -0.81038], [29.06986, -0.81117], [29.06892, -0.81153], [29.06899, -0.81203], [29.06964, -0.81375], [29.06993, -0.81576], [29.07007, -0.81727], [29.0705, -0.81885], [29.06971, -0.81936], [29.06892, -0.81936], [29.06784, -0.81936], [29.06669, -0.81993], [29.06669, -0.82087], [29.06691, -0.82144], [29.06691, -0.82252], [29.06669, -0.82309], [29.06576, -0.82417], [29.06583, -0.8251], [29.06511, -0.82582], [29.06476, -0.82647], [29.06389, -0.82647], [29.06346, -0.82604], [29.06325, -0.82489], [29.06274, -0.82395], [29.06231, -0.8241], [29.06145, -0.82381], [29.06073, -0.82352], [29.05951, -0.82266], [29.05886, -0.82216], [29.05886, -0.8213], [29.05894, -0.82043], [29.05836, -0.81964], [29.05771, -0.81885], [29.05771, -0.8177], [29.0575, -0.81677], [29.05685, -0.81677], [29.05534, -0.81627], [29.05513, -0.81505], [29.05577, -0.81418], [29.05592, -0.81339], [29.05498, -0.8126], [29.05498, -0.8116], [29.05455, -0.81088], [29.05376, -0.81023], [29.05362, -0.80844], [29.05376, -0.80801], [29.05448, -0.80779], [29.05441, -0.80736], [29.05376, -0.8065], [29.05391, -0.80599], [29.05405, -0.80506], [29.05348, -0.80427], [29.05276, -0.80463], [29.05211, -0.80549], [29.05146, -0.80678], [29.05125, -0.80628], [29.0506, -0.80571], [29.05003, -0.80492], [29.05075, -0.80384], [29.05017, -0.80319], [29.04988, -0.80219], [29.04931, -0.80096], [29.04924, -0.79996], [29.04845, -0.79953], [29.04751, -0.8001], [29.04658, -0.80061], [29.04579, -0.80025], [29.04514, -0.79938], [29.04478, -0.79974], [29.0437, -0.80032], [29.04342, -0.80017], [29.04306, -0.79946], [29.04256, -0.79946], [29.04205, -0.80039], [29.04062, -0.80061], [29.0399, -0.79967], [29.03918, -0.79982], [29.03846, -0.80025], [29.03817, -0.80017], [29.03731, -0.79982], [29.03595, -0.79989], [29.03523, -0.80025], [29.03429, -0.80075], [29.03336, -0.80061], [29.03271, -0.80061], [29.03163, -0.80096], [29.03077, -0.80147], [29.03056, -0.80219], [29.02969, -0.80219], [29.02898, -0.80176], [29.02776, -0.80183], [29.02682, -0.80226], [29.02567, -0.80247], [29.02474, -0.80247], [29.02344, -0.80219], [29.02337, -0.80161], [29.02287, -0.80061], [29.02222, -0.80032], [29.02136, -0.79967], [29.02107, -0.79982], [29.02028, -0.80111], [29.0205, -0.8024], [29.01949, -0.80226], [29.01877, -0.80161], [29.01842, -0.80032], [29.01798, -0.7991], [29.01734, -0.7978], [29.01669, -0.79716], [29.01626, -0.79594], [29.01633, -0.79486], [29.0164, -0.79378], [29.0164, -0.79277], [29.01655, -0.7917], [29.01597, -0.79091], [29.01576, -0.79012], [29.01554, -0.78925], [29.01468, -0.78875], [29.01461, -0.78782], [29.0141, -0.78674], [29.01339, -0.78573], [29.01267, -0.78502], [29.01267, -0.78408], [29.01188, -0.78343], [29.01102, -0.78207], [29.00987, -0.78128], [29.00879, -0.78178], [29.008, -0.78121], [29.00764, -0.78027], [29.00656, -0.77963], [29.00541, -0.7797], [29.00376, -0.7807], [29.00211, -0.78085], [29.00067, -0.7797], [28.99974, -0.77841], [28.99816, -0.77697], [28.99744, -0.77603], [28.99543, -0.77431], [28.99392, -0.7728], [28.9927, -0.77273], [28.99133, -0.77309], [28.98989, -0.77287], [28.98903, -0.77223], [28.98824, -0.77101], [28.98716, -0.76971], [28.98609, -0.76993], [28.98486, -0.77086], [28.98422, -0.77029], [28.98343, -0.76899], [28.98221, -0.76813], [28.98142, -0.76691], [28.98098, -0.76533], [28.98077, -0.76368], [28.98098, -0.76195], [28.98084, -0.76066], [28.98084, -0.75894], [28.98048, -0.75721], [28.97976, -0.75599], [28.97976, -0.7547], [28.98055, -0.75355], [28.97976, -0.75261], [28.97904, -0.75146], [28.97926, -0.74967], [28.97754, -0.74837], [28.97725, -0.74715], [28.97689, -0.74572], [28.97603, -0.74485], [28.97588, -0.74335], [28.97588, -0.74176], [28.97588, -0.7404], [28.97703, -0.73903], [28.97833, -0.7381], [28.97948, -0.73681], [28.97897, -0.7363], [28.97818, -0.73508], [28.97788, -0.73389], [28.97836, -0.72961], [28.97732, -0.72596], [28.97782, -0.72409], [28.97983, -0.72294], [28.98091, -0.7223], [28.98106, -0.72], [28.98091, -0.71777], [28.98091, -0.71576], [28.9817, -0.71353], [28.98127, -0.71159], [28.98077, -0.70951], [28.9807, -0.70764], [28.98019, -0.70491], [28.98156, -0.70304], [28.98292, -0.70139], [28.98393, -0.70031], [28.98429, -0.69895], [28.98307, -0.69758], [28.98292, -0.69578], [28.98292, -0.69428], [28.98292, -0.69183], [28.98357, -0.68946], [28.98357, -0.68781], [28.98515, -0.68601], [28.98601, -0.68443], [28.98659, -0.68336], [28.98846, -0.68163], [28.98976, -0.68058], [28.9888, -0.67931], [28.98825, -0.67713], [28.98746, -0.67447], [28.98583, -0.67084], [28.98498, -0.66939], [28.98263, -0.66697], [28.98087, -0.66437], [28.97736, -0.66171], [28.97682, -0.65838], [28.97573, -0.65367], [28.97519, -0.65173], [28.97289, -0.64865], [28.97283, -0.64556], [28.97119, -0.64338], [28.96992, -0.64006], [28.96998, -0.63715], [28.96835, -0.6354], [28.96744, -0.63359], [28.96805, -0.63153], [28.96817, -0.62941], [28.96805, -0.62736], [28.96859, -0.62615], [28.96908, -0.62536], [28.96932, -0.62421], [28.96974, -0.62348], [28.9698, -0.62282], [28.9692, -0.62197], [28.96914, -0.62107], [28.96974, -0.61973], [28.96986, -0.61919], [28.96986, -0.6178], [28.96992, -0.61707], [28.96968, -0.61611], [28.96938, -0.61508], [28.96938, -0.61381], [28.96992, -0.61266], [28.96968, -0.61157], [28.96853, -0.6106], [28.96793, -0.61012], [28.9675, -0.60975], [28.96738, -0.60891], [28.96738, -0.60818], [28.96702, -0.60715], [28.9663, -0.60643], [28.96605, -0.60522], [28.96539, -0.60437], [28.96539, -0.60334], [28.9646, -0.60147], [28.96357, -0.59965], [28.96351, -0.5979], [28.9623, -0.59633], [28.96109, -0.59488], [28.96013, -0.59379], [28.95849, -0.59373], [28.95644, -0.59475], [28.95444, -0.59518], [28.9525, -0.59518], [28.95105, -0.5953], [28.94984, -0.5953], [28.94754, -0.5953], [28.94555, -0.595], [28.9441, -0.59379], [28.94186, -0.59379], [28.9415, -0.59264], [28.94216, -0.59155], [28.94234, -0.59022], [28.94277, -0.58901], [28.94349, -0.58774], [28.94289, -0.58647], [28.94216, -0.58471], [28.94053, -0.58363], [28.93896, -0.58296], [28.93811, -0.58199], [28.93793, -0.58054], [28.93678, -0.57933], [28.93521, -0.57945], [28.93418, -0.57794], [28.93303, -0.57643], [28.93127, -0.57619], [28.9294, -0.57661], [28.92873, -0.57546], [28.92843, -0.57328], [28.92771, -0.57177], [28.92668, -0.57026], [28.92595, -0.56931], [28.92484, -0.56949], [28.92319, -0.56862], [28.92189, -0.56767], [28.92076, -0.56671], [28.92033, -0.56584], [28.91894, -0.56462], [28.91815, -0.5641], [28.91711, -0.56367], [28.91633, -0.56367], [28.91424, -0.56323], [28.91364, -0.5635], [28.91285, -0.56384], [28.9119, -0.56436], [28.91103, -0.56489], [28.90999, -0.56506], [28.9092, -0.56515], [28.90816, -0.56584], [28.90781, -0.56662], [28.90738, -0.56732], [28.90668, -0.56697], [28.90616, -0.5661], [28.90521, -0.56567], [28.90486, -0.56575], [28.9039, -0.56662], [28.90321, -0.56784], [28.90182, -0.56775], [28.90095, -0.56741], [28.89982, -0.56819], [28.89912, -0.56923], [28.89834, -0.56845], [28.898, -0.56775], [28.89739, -0.56706], [28.89661, -0.56697], [28.89582, -0.56549], [28.89556, -0.56541], [28.89487, -0.56471], [28.89409, -0.56445], [28.89322, -0.56393], [28.89261, -0.56436], [28.89243, -0.56515], [28.89157, -0.56593], [28.89061, -0.56575], [28.88931, -0.56532], [28.88766, -0.56506], [28.88679, -0.56497], [28.88557, -0.56489], [28.88479, -0.56489], [28.88348, -0.56497], [28.88209, -0.56523], [28.88027, -0.56593], [28.87931, -0.56723], [28.87818, -0.56775], [28.87671, -0.56862], [28.87514, -0.56906], [28.87419, -0.56914], [28.8728, -0.56975], [28.87106, -0.57071], [28.87002, -0.57123], [28.86863, -0.57158], [28.86776, -0.57236], [28.86654, -0.57297], [28.86533, -0.57357], [28.86324, -0.57436], [28.86115, -0.57549], [28.86011, -0.57644], [28.85855, -0.57679], [28.85681, -0.57679], [28.85525, -0.57627], [28.85394, -0.57557], [28.85273, -0.57444], [28.85177, -0.57392], [28.85108, -0.57305], [28.84977, -0.57288], [28.84795, -0.57192], [28.84595, -0.57071], [28.84412, -0.57001], [28.84317, -0.56984], [28.8416, -0.56914], [28.83987, -0.56836], [28.839, -0.56836], [28.83717, -0.56845], [28.835, -0.56897], [28.83344, -0.57001], [28.83205, -0.57114], [28.83126, -0.57201], [28.83014, -0.57158], [28.82848, -0.57132], [28.82735, -0.57149], [28.82623, -0.57158], [28.82536, -0.57166], [28.8244, -0.57166], [28.82353, -0.57166], [28.8224, -0.57192], [28.82127, -0.57271], [28.82014, -0.57305], [28.81945, -0.57236], [28.81814, -0.57149], [28.81649, -0.57019], [28.81484, -0.57053], [28.81354, -0.57123], [28.81302, -0.5714], [28.81154, -0.57123], [28.81067, -0.57166], [28.80902, -0.57105], [28.80711, -0.57097], [28.80164, -0.57114], [28.79868, -0.57062], [28.79807, -0.57062], [28.79451, -0.5701], [28.79208, -0.56992], [28.78991, -0.56897], [28.78895, -0.56897], [28.78695, -0.56923], [28.786, -0.56992], [28.78461, -0.56992], [28.78374, -0.57123], [28.78348, -0.5721], [28.78269, -0.57314], [28.78165, -0.57418], [28.78052, -0.57418], [28.77913, -0.57462], [28.77844, -0.57496], [28.77774, -0.57531], [28.77661, -0.57531], [28.77566, -0.57514], [28.77513, -0.5754], [28.77496, -0.57679], [28.77401, -0.57679], [28.77348, -0.57609], [28.77244, -0.57618], [28.77175, -0.57627], [28.77105, -0.57766], [28.77053, -0.57835], [28.76862, -0.57775], [28.76671, -0.57679], [28.76523, -0.57479], [28.76497, -0.57279], [28.76479, -0.57253], [28.7634, -0.57105], [28.76201, -0.56906], [28.76002, -0.56697], [28.75776, -0.56523], [28.75637, -0.56462], [28.75454, -0.56341], [28.75333, -0.56219], [28.74959, -0.55802], [28.74594, -0.55663], [28.74325, -0.55428], [28.74012, -0.5522], [28.73708, -0.54716], [28.73499, -0.54429], [28.73021, -0.54429], [28.7263, -0.5403], [28.72291, -0.53812], [28.7197, -0.5376], [28.71588, -0.53395], [28.71292, -0.52952], [28.7111, -0.525], [28.70979, -0.52231], [28.70432, -0.52014], [28.70345, -0.51814], [28.7018, -0.51649], [28.69824, -0.51484], [28.69485, -0.5118], [28.69389, -0.51032], [28.69059, -0.50884], [28.68807, -0.50537], [28.68547, -0.50041], [28.68303, -0.49755], [28.68269, -0.49555], [28.68112, -0.49199], [28.68103, -0.48947], [28.67938, -0.48634], [28.67834, -0.48443], [28.67738, -0.48173], [28.67504, -0.4793], [28.67182, -0.47661], [28.67017, -0.47478], [28.66878, -0.47218], [28.66739, -0.47061], [28.66626, -0.46948], [28.66496, -0.46783], [28.66192, -0.46601], [28.65992, -0.46409], [28.65844, -0.46097], [28.65818, -0.45862], [28.65523, -0.45532], [28.6521, -0.4528], [28.64932, -0.45097], [28.64671, -0.45011], [28.64419, -0.44793], [28.64228, -0.44637], [28.64063, -0.44593], [28.63863, -0.44585], [28.63759, -0.44663], [28.63637, -0.44819], [28.63516, -0.44898], [28.6349, -0.44759], [28.63464, -0.4455], [28.63359, -0.44498], [28.63177, -0.44315], [28.62994, -0.44055], [28.62864, -0.43881], [28.62629, -0.43733], [28.62612, -0.43603], [28.62612, -0.43499], [28.62656, -0.4336], [28.62768, -0.43247], [28.62829, -0.43177], [28.6289, -0.43099], [28.63012, -0.42977], [28.63064, -0.42812], [28.63073, -0.42682], [28.6309, -0.42517], [28.63107, -0.42221], [28.63116, -0.42039], [28.63159, -0.41909], [28.63203, -0.4177], [28.6322, -0.41622], [28.63177, -0.41396], [28.63186, -0.41092], [28.63246, -0.40979], [28.63377, -0.40857], [28.6342, -0.40718], [28.6342, -0.40588], [28.6342, -0.4044], [28.6342, -0.40292], [28.6342, -0.40153], [28.63333, -0.39971], [28.63352, -0.39767], [28.63433, -0.39507], [28.6348, -0.39293], [28.63473, -0.39206], [28.63466, -0.39132], [28.63433, -0.39065], [28.63386, -0.39025], [28.63299, -0.38917], [28.63232, -0.38797], [28.63171, -0.38837], [28.63125, -0.38911], [28.63037, -0.38984], [28.62924, -0.38998], [28.62823, -0.38917], [28.62629, -0.38804], [28.62528, -0.38743], [28.62488, -0.38683], [28.62542, -0.38556], [28.62468, -0.38556], [28.62374, -0.38569], [28.62307, -0.38623], [28.62227, -0.38623], [28.62153, -0.38583], [28.62133, -0.38489], [28.62039, -0.38489], [28.61939, -0.38415], [28.61885, -0.38435], [28.61805, -0.38509], [28.61698, -0.38495], [28.61584, -0.38549], [28.61477, -0.38623], [28.61363, -0.38616], [28.61363, -0.38502], [28.61282, -0.38462], [28.61148, -0.38462], [28.60994, -0.38415], [28.60907, -0.38348], [28.6082, -0.38355], [28.60753, -0.38428], [28.60673, -0.38502], [28.60606, -0.38542], [28.60546, -0.38596], [28.60492, -0.3873], [28.60412, -0.38717], [28.60278, -0.38703], [28.60217, -0.38636], [28.60263, -0.38486], [28.60232, -0.38324], [28.60203, -0.38187], [28.60123, -0.38147], [28.60104, -0.38161], [28.60094, -0.38169], [28.6006, -0.38193], [28.5998, -0.3813], [28.5994, -0.38027], [28.59821, -0.37993], [28.59758, -0.38033], [28.59649, -0.38153], [28.59518, -0.38244], [28.59387, -0.38353], [28.59209, -0.38427], [28.59124, -0.38518], [28.59232, -0.38598], [28.59158, -0.38701], [28.59158, -0.38832], [28.59072, -0.38895], [28.58947, -0.38964], [28.58815, -0.38924], [28.5869, -0.38907], [28.58598, -0.38958], [28.58507, -0.38952], [28.58393, -0.38987], [28.58319, -0.39032], [28.5829, -0.39089], [28.58319, -0.39158], [28.5825, -0.39204], [28.58187, -0.39261], [28.58107, -0.39215], [28.58033, -0.39289], [28.57953, -0.39249], [28.57947, -0.39164], [28.58022, -0.39067], [28.57987, -0.39009], [28.5793, -0.38929], [28.5793, -0.38838], [28.57856, -0.38758], [28.5777, -0.38667], [28.57696, -0.38587], [28.57662, -0.38524], [28.57725, -0.38404], [28.57759, -0.3825], [28.57748, -0.38101], [28.57668, -0.37999], [28.57605, -0.37839], [28.57713, -0.37707], [28.57845, -0.37553], [28.57896, -0.3737], [28.57856, -0.37113], [28.57862, -0.36959], [28.57856, -0.36725], [28.57867, -0.36582], [28.57742, -0.36462], [28.57782, -0.36274], [28.57913, -0.3616], [28.57896, -0.3604], [28.57873, -0.35891], [28.57942, -0.3576], [28.57919, -0.35503], [28.5781, -0.3532], [28.57862, -0.35178], [28.57839, -0.34875], [28.5785, -0.34784], [28.57919, -0.34669], [28.57822, -0.34469], [28.57719, -0.34469], [28.57645, -0.34578], [28.57491, -0.34652], [28.57445, -0.34566], [28.57354, -0.34447], [28.57416, -0.34349], [28.57399, -0.34224], [28.57433, -0.34144], [28.57588, -0.34047], [28.57753, -0.33898], [28.57777, -0.33824], [28.57885, -0.33622], [28.5789, -0.33441], [28.57856, -0.33253], [28.5781, -0.3311], [28.5789, -0.32979], [28.57976, -0.32859], [28.58096, -0.3275], [28.5821, -0.32631], [28.58267, -0.32408], [28.58336, -0.32288], [28.58347, -0.32174], [28.58244, -0.32111], [28.58153, -0.32031], [28.58142, -0.31928], [28.5817, -0.3186], [28.58296, -0.31734], [28.58341, -0.31648], [28.58273, -0.31477], [28.58222, -0.31351], [28.58164, -0.31357], [28.58067, -0.31437], [28.57925, -0.3146], [28.57782, -0.31408], [28.57656, -0.31403], [28.57605, -0.31277], [28.57879, -0.31026], [28.58067, -0.30872], [28.5821, -0.30706], [28.58326, -0.30583], [28.58385, -0.30511], [28.58493, -0.30368], [28.58564, -0.30202], [28.58564, -0.30071], [28.58707, -0.30059], [28.58802, -0.30047], [28.58826, -0.29893], [28.5898, -0.29738], [28.59123, -0.2969], [28.59337, -0.295], [28.59563, -0.29321], [28.59801, -0.29274], [28.59944, -0.29024], [28.59992, -0.28893], [28.59992, -0.28703], [28.59813, -0.28643], [28.59551, -0.28667], [28.59361, -0.28655], [28.59349, -0.28489], [28.59248, -0.28284], [28.59092, -0.28184], [28.58959, -0.28083], [28.58881, -0.27917], [28.58781, -0.27828], [28.58592, -0.2785], [28.58414, -0.27806], [28.58403, -0.27628], [28.58325, -0.2735], [28.58214, -0.2715], [28.57948, -0.2695], [28.57781, -0.26828], [28.57547, -0.26816], [28.57259, -0.26816], [28.5717, -0.26849], [28.57014, -0.26905], [28.56925, -0.26939], [28.56847, -0.26716], [28.56669, -0.26594], [28.56425, -0.26516], [28.56103, -0.2645], [28.5588, -0.26461], [28.55847, -0.2635], [28.55847, -0.26205], [28.55969, -0.26194], [28.55858, -0.25994], [28.55747, -0.25761], [28.55591, -0.25683], [28.55436, -0.25594], [28.55425, -0.25316], [28.55213, -0.25316], [28.55125, -0.25272], [28.54969, -0.25327], [28.54858, -0.25283], [28.54702, -0.25116], [28.54613, -0.25005], [28.54613, -0.24871], [28.54324, -0.24682], [28.54146, -0.24627], [28.53969, -0.24616], [28.53835, -0.24471], [28.53702, -0.24482], [28.53451, -0.24555], [28.53435, -0.2456], [28.53302, -0.24616], [28.53191, -0.24516], [28.52957, -0.24494], [28.52813, -0.24405], [28.52749, -0.24396], [28.52657, -0.24382], [28.52513, -0.24427], [28.52335, -0.24438], [28.52146, -0.24527], [28.52035, -0.24471], [28.51913, -0.24338], [28.5189, -0.2416], [28.51612, -0.24093], [28.51435, -0.24138], [28.51301, -0.24193], [28.51212, -0.24138], [28.51157, -0.23916], [28.51034, -0.23771], [28.50923, -0.23693], [28.50779, -0.23682], [28.50612, -0.23616], [28.50479, -0.23727], [28.50423, -0.2356], [28.50301, -0.23449], [28.50201, -0.23549], [28.50201, -0.23816], [28.50067, -0.23927], [28.49901, -0.23904], [28.49712, -0.23949], [28.49767, -0.24116], [28.49601, -0.24171], [28.49367, -0.24071], [28.49101, -0.24016], [28.48834, -0.2406], [28.48645, -0.2406], [28.48534, -0.2406], [28.48367, -0.24082], [28.48311, -0.24227], [28.48189, -0.24227], [28.48156, -0.24149], [28.48034, -0.24127], [28.47911, -0.24093], [28.47867, -0.23949], [28.47867, -0.23716], [28.47756, -0.23393], [28.47756, -0.23227], [28.47822, -0.2306], [28.47856, -0.22771], [28.47889, -0.22515], [28.47967, -0.22237], [28.4807, -0.21943], [28.48292, -0.21554], [28.48486, -0.21304], [28.48625, -0.21137], [28.48811, -0.20873], [28.49234, -0.20553], [28.49434, -0.20325], [28.4952, -0.20222], [28.49537, -0.20039], [28.49617, -0.19931], [28.49765, -0.19885], [28.49896, -0.19748], [28.50011, -0.19645], [28.49982, -0.19502], [28.49925, -0.19371], [28.49994, -0.19228], [28.50047, -0.19091], [28.50233, -0.18913], [28.50297, -0.18913], [28.50425, -0.18741], [28.50468, -0.1832], [28.50575, -0.18249], [28.50732, -0.18263], [28.5079, -0.18313], [28.50918, -0.18285], [28.50947, -0.18142], [28.50925, -0.18042], [28.51025, -0.17985], [28.51096, -0.18042], [28.51125, -0.17928], [28.51175, -0.17842], [28.51168, -0.17714], [28.51189, -0.17635], [28.51396, -0.17656], [28.51568, -0.17571], [28.51639, -0.17628], [28.51775, -0.17692], [28.52017, -0.17714], [28.52253, -0.17664], [28.52438, -0.17599], [28.52538, -0.17535], [28.52588, -0.17457], [28.52718, -0.17558], [28.52781, -0.17606], [28.52974, -0.17699], [28.53474, -0.17664], [28.53838, -0.17856], [28.5383, -0.17999], [28.53673, -0.1812], [28.53573, -0.18149], [28.53581, -0.18263], [28.53645, -0.18342], [28.53759, -0.18406], [28.53859, -0.18534], [28.54009, -0.1852], [28.54073, -0.18413], [28.54187, -0.18392], [28.54273, -0.18306], [28.54287, -0.18185], [28.54402, -0.1807], [28.54487, -0.18056], [28.54659, -0.18106], [28.54773, -0.1807], [28.54723, -0.17906], [28.54687, -0.17728], [28.54623, -0.17578], [28.5463, -0.17435], [28.54723, -0.17378], [28.54901, -0.17357], [28.55065, -0.17299], [28.5518, -0.17221], [28.55308, -0.17178], [28.55422, -0.172], [28.55422, -0.17299], [28.55579, -0.17321], [28.55701, -0.17214], [28.55822, -0.17078], [28.55958, -0.17121], [28.56051, -0.17228], [28.56001, -0.17385], [28.56122, -0.17442], [28.56279, -0.17471], [28.56379, -0.17335], [28.56457, -0.17114], [28.56472, -0.16935], [28.56457, -0.16835], [28.56429, -0.16786], [28.56514, -0.16764], [28.56679, -0.16807], [28.56743, -0.16914], [28.56857, -0.16893], [28.56829, -0.16728], [28.56743, -0.16628], [28.56636, -0.16571], [28.56729, -0.165], [28.56871, -0.16464], [28.57057, -0.16464], [28.572, -0.16479], [28.57293, -0.16414], [28.57235, -0.163], [28.57157, -0.162], [28.57157, -0.16072], [28.57278, -0.15886], [28.57485, -0.159], [28.57628, -0.15836], [28.57707, -0.15786], [28.57814, -0.15865], [28.57992, -0.15936], [28.58113, -0.15865], [28.58242, -0.15722], [28.58278, -0.15643], [28.58406, -0.1575], [28.58513, -0.1575], [28.58677, -0.15786], [28.58742, -0.15893], [28.58827, -0.15972], [28.5892, -0.1595], [28.59063, -0.16007], [28.59256, -0.16114], [28.59291, -0.16286], [28.59434, -0.16357], [28.5967, -0.16357], [28.59827, -0.16314], [28.59927, -0.16186], [28.60005, -0.16136], [28.60141, -0.16143], [28.60176, -0.16207], [28.60305, -0.1615], [28.60569, -0.16207], [28.60683, -0.16264], [28.60805, -0.16214], [28.6089, -0.162], [28.60955, -0.161], [28.60997, -0.15986], [28.61154, -0.16], [28.6134, -0.1595], [28.6147, -0.16022], [28.61568, -0.16093], [28.61661, -0.16107], [28.61754, -0.15965], [28.61747, -0.15872], [28.61754, -0.15786], [28.61811, -0.15708], [28.61914, -0.15617], [28.6201, -0.15539], [28.62111, -0.15486], [28.62247, -0.15465], [28.62304, -0.15515], [28.62425, -0.15465], [28.62618, -0.15601], [28.62903, -0.15743], [28.62918, -0.15843], [28.6291, -0.15936], [28.63053, -0.16], [28.63196, -0.159], [28.63139, -0.158], [28.6306, -0.15722], [28.63046, -0.15643], [28.6321, -0.15493], [28.63317, -0.15465], [28.63317, -0.15344], [28.63217, -0.15222], [28.63217, -0.15151], [28.63146, -0.15065], [28.63032, -0.15022], [28.62946, -0.14958], [28.6296, -0.14837], [28.62853, -0.14665], [28.6291, -0.14594], [28.63025, -0.14587], [28.63103, -0.14601], [28.63253, -0.14551]]]}}, {"type": "Feature", "properties": {"zone": "Manguredjipa", "province": "Nord-Kivu", "confirmed_cases": 13, "confirmed_deaths": 5}, "geometry": {"type": "Polygon", "coordinates": [[[28.34719, 0.69054], [28.34781, 0.68979], [28.34959, 0.68767], [28.35074, 0.68689], [28.35165, 0.68629], [28.35403, 0.68654], [28.35532, 0.68668], [28.35804, 0.68698], [28.37104, 0.68008], [28.37539, 0.67778], [28.3747, 0.67479], [28.37698, 0.67042], [28.37732, 0.66792], [28.37812, 0.66192], [28.38387, 0.66372], [28.38474, 0.66399], [28.3909, 0.66353], [28.39262, 0.65811], [28.39273, 0.65778], [28.39343, 0.65775], [28.39798, 0.65755], [28.39861, 0.65698], [28.40277, 0.65272], [28.40475, 0.65266], [28.41007, 0.65249], [28.41829, 0.64514], [28.42099, 0.63994], [28.42331, 0.63548], [28.43144, 0.63514], [28.43427, 0.63502], [28.44158, 0.62908], [28.44248, 0.62835], [28.44636, 0.62973], [28.44796, 0.62651], [28.44721, 0.62221], [28.44704, 0.62123], [28.44916, 0.61918], [28.44934, 0.619], [28.45275, 0.61571], [28.45549, 0.61171], [28.45552, 0.61167], [28.4565, 0.61025], [28.45891, 0.60675], [28.47208, 0.59696], [28.47535, 0.59453], [28.47716, 0.59318], [28.4771, 0.59166], [28.47693, 0.58721], [28.48218, 0.58606], [28.48789, 0.57778], [28.49838, 0.57272], [28.50285, 0.56869], [28.505, 0.56675], [28.5016, 0.56193], [28.50018, 0.55992], [28.50112, 0.55549], [28.50018, 0.55423], [28.49838, 0.55181], [28.49925, 0.54918], [28.49952, 0.54836], [28.49885, 0.54701], [28.49769, 0.54469], [28.49838, 0.54193], [28.50248, 0.53963], [28.50704, 0.53389], [28.50804, 0.53419], [28.51229, 0.53549], [28.51663, 0.54009], [28.52051, 0.54123], [28.52325, 0.54491], [28.52622, 0.54468], [28.52896, 0.54215], [28.53169, 0.54215], [28.53329, 0.54398], [28.54037, 0.54329], [28.54379, 0.5449], [28.55474, 0.54421], [28.55566, 0.5403], [28.55428, 0.53249], [28.55885, 0.52881], [28.55662, 0.52569], [28.55359, 0.52146], [28.55496, 0.51962], [28.56843, 0.5226], [28.57391, 0.52673], [28.57802, 0.52742], [28.59194, 0.54028], [28.59543, 0.53972], [28.5955, 0.53973], [28.60495, 0.53821], [28.60826, 0.54065], [28.60838, 0.54073], [28.61089, 0.54533], [28.61568, 0.54693], [28.61874, 0.54615], [28.62732, 0.54394], [28.63166, 0.54486], [28.63599, 0.54807], [28.63874, 0.55427], [28.6465, 0.55864], [28.64741, 0.56438], [28.65262, 0.57116], [28.65358, 0.57242], [28.65667, 0.57242], [28.65739, 0.57242], [28.65748, 0.57267], [28.66037, 0.58137], [28.66804, 0.57596], [28.66806, 0.57594], [28.67429, 0.57155], [28.68987, 0.57072], [28.70997, 0.57148], [28.72052, 0.57353], [28.7288, 0.57338], [28.73359, 0.57329], [28.74263, 0.57425], [28.75355, 0.5735], [28.76273, 0.57557], [28.77435, 0.57536], [28.78082, 0.57524], [28.79087, 0.57618], [28.80172, 0.57647], [28.80344, 0.57652], [28.80516, 0.57697], [28.81348, 0.57913], [28.82655, 0.5789], [28.84062, 0.57977], [28.84075, 0.57979], [28.84113, 0.57986], [28.84148, 0.57992], [28.84195, 0.58001], [28.84263, 0.58013], [28.84341, 0.58027], [28.84364, 0.58032], [28.84387, 0.58036], [28.84471, 0.58051], [28.85235, 0.5819], [28.86022, 0.58333], [28.86402, 0.58381], [28.86487, 0.58392], [28.86868, 0.58439], [28.87367, 0.58502], [28.87579, 0.58529], [28.87812, 0.58546], [28.87915, 0.58554], [28.87916, 0.58554], [28.87951, 0.58557], [28.88785, 0.58619], [28.90092, 0.58763], [28.916, 0.58569], [28.93148, 0.58219], [28.93208, 0.58205], [28.94063, 0.57799], [28.94818, 0.57506], [28.95415, 0.57199], [28.95415, 0.572], [28.95826, 0.5699], [28.96531, 0.56627], [28.96547, 0.56618], [28.96558, 0.56613], [28.96826, 0.56474], [28.9711, 0.56327], [28.97181, 0.5629], [28.99142, 0.56032], [29.00548, 0.56342], [29.01182, 0.5734], [29.0125, 0.57447], [29.01701, 0.58389], [29.02907, 0.58647], [29.03451, 0.58692], [29.0346, 0.58693], [29.03565, 0.58715], [29.03907, 0.58785], [29.03962, 0.58796], [29.04205, 0.58854], [29.04598, 0.58948], [29.04615, 0.58952], [29.05727, 0.60248], [29.06215, 0.60816], [29.06123, 0.60035], [29.06125, 0.6002], [29.06149, 0.59893], [29.06149, 0.59864], [29.0615, 0.5986], [29.0615, 0.59503], [29.06079, 0.59271], [29.05989, 0.59057], [29.05882, 0.58967], [29.05775, 0.58807], [29.05775, 0.58628], [29.05668, 0.58557], [29.0549, 0.58468], [29.05293, 0.58325], [29.05278, 0.58107], [29.05417, 0.58019], [29.05471, 0.5793], [29.05467, 0.57904], [29.05472, 0.57897], [29.05454, 0.57772], [29.05293, 0.57682], [29.05133, 0.57522], [29.05053, 0.57347], [29.05132, 0.57252], [29.05132, 0.57219], [29.05133, 0.57218], [29.05133, 0.57076], [29.05133, 0.56933], [29.05008, 0.56737], [29.04919, 0.56647], [29.04847, 0.56647], [29.04776, 0.56522], [29.04776, 0.56376], [29.04882, 0.56163], [29.05096, 0.56021], [29.05239, 0.55896], [29.05239, 0.55863], [29.0524, 0.55862], [29.0524, 0.55842], [29.05328, 0.55824], [29.05328, 0.55791], [29.05329, 0.55791], [29.05329, 0.55737], [29.05329, 0.55541], [29.05311, 0.55452], [29.0524, 0.55237], [29.05097, 0.55095], [29.04972, 0.55113], [29.04794, 0.55184], [29.04633, 0.55184], [29.04419, 0.55184], [29.0433, 0.55095], [29.0433, 0.54845], [29.04294, 0.54666], [29.04276, 0.5447], [29.04115, 0.54434], [29.04008, 0.54417], [29.03955, 0.54202], [29.03848, 0.54042], [29.03687, 0.53935], [29.0358, 0.53863], [29.03473, 0.53792], [29.03312, 0.53738], [29.03223, 0.53738], [29.03138, 0.53637], [29.03169, 0.53469], [29.03347, 0.53272], [29.03383, 0.53076], [29.03401, 0.52987], [29.03396, 0.52984], [29.03402, 0.52953], [29.03277, 0.52882], [29.03241, 0.52775], [29.0308, 0.52846], [29.02831, 0.52846], [29.02652, 0.52793], [29.02527, 0.52632], [29.0244, 0.5251], [29.02455, 0.52362], [29.02453, 0.52359], [29.02456, 0.52329], [29.02313, 0.52114], [29.02279, 0.51926], [29.02294, 0.51738], [29.02294, 0.51713], [29.02295, 0.51704], [29.02295, 0.51543], [29.02295, 0.51383], [29.02206, 0.51276], [29.02117, 0.51169], [29.01974, 0.51133], [29.01974, 0.50972], [29.01867, 0.50883], [29.01795, 0.50776], [29.01795, 0.50669], [29.01795, 0.50576], [29.01902, 0.50363], [29.02009, 0.50167], [29.02009, 0.50135], [29.0201, 0.50134], [29.0201, 0.49884], [29.0201, 0.49741], [29.01849, 0.49634], [29.01849, 0.49473], [29.0176, 0.4933], [29.01617, 0.4933], [29.0151, 0.49241], [29.01432, 0.49147], [29.01491, 0.49043], [29.01509, 0.48918], [29.01506, 0.48912], [29.0151, 0.48884], [29.01421, 0.48724], [29.01338, 0.48625], [29.01384, 0.48472], [29.01616, 0.48347], [29.02169, 0.48168], [29.02384, 0.48079], [29.02401, 0.47901], [29.02544, 0.47847], [29.02544, 0.47814], [29.02545, 0.47814], [29.02545, 0.47689], [29.02456, 0.4751], [29.02349, 0.4735], [29.02349, 0.47151], [29.02455, 0.47062], [29.02455, 0.47029], [29.02456, 0.47028], [29.02456, 0.46882], [29.02544, 0.46759], [29.02562, 0.46651], [29.02598, 0.46509], [29.02593, 0.46496], [29.02599, 0.46475], [29.02545, 0.46314], [29.02384, 0.46154], [29.02349, 0.45958], [29.02349, 0.45868], [29.02152, 0.4585], [29.02027, 0.45779], [29.01903, 0.45494], [29.01813, 0.45369], [29.01617, 0.45279], [29.01492, 0.4519], [29.01403, 0.45119], [29.01352, 0.45034], [29.01366, 0.44903], [29.01402, 0.44706], [29.0142, 0.44617], [29.01415, 0.44613], [29.01421, 0.44583], [29.01314, 0.44494], [29.01224, 0.44405], [29.01082, 0.44262], [29.01028, 0.44209], [29.01028, 0.44012], [29.01028, 0.4387], [29.0101, 0.4378], [29.00903, 0.43673], [29.00867, 0.43566], [29.00689, 0.43531], [29.006, 0.43513], [29.006, 0.43384], [29.00688, 0.43225], [29.00706, 0.43082], [29.00704, 0.43075], [29.00707, 0.43049], [29.00671, 0.42942], [29.00564, 0.4287], [29.00546, 0.42781], [29.00439, 0.42674], [29.00332, 0.4262], [29.00243, 0.42585], [29.00082, 0.42513], [28.99981, 0.42384], [29.00117, 0.42368], [29.0026, 0.4219], [29.00278, 0.41994], [29.00331, 0.41851], [29.00367, 0.41726], [29.00456, 0.41583], [29.00581, 0.4153], [29.00653, 0.41351], [29.00653, 0.4132], [29.00653, 0.41318], [29.00653, 0.41121], [29.00653, 0.40907], [29.00475, 0.40729], [29.0035, 0.40586], [29.00296, 0.40461], [29.00174, 0.40268], [29.00172, 0.40265], [29.00176, 0.40225], [29.00179, 0.40192], [29.00189, 0.4009], [29.00189, 0.4009], [29.00178, 0.40196], [28.99975, 0.40103], [28.99855, 0.40075], [28.99769, 0.40103], [28.99627, 0.40137], [28.99541, 0.4004], [28.99432, 0.40006], [28.99381, 0.39966], [28.99273, 0.39949], [28.99204, 0.39858], [28.99141, 0.3984], [28.9901, 0.39932], [28.98947, 0.3988], [28.98867, 0.39783], [28.9881, 0.39703], [28.98701, 0.39829], [28.98639, 0.39966], [28.98648, 0.39974], [28.98639, 0.39996], [28.98724, 0.4007], [28.98759, 0.4018], [28.9873, 0.40257], [28.98582, 0.4032], [28.98542, 0.40252], [28.9849, 0.40172], [28.98484, 0.40103], [28.98336, 0.40029], [28.9833, 0.3992], [28.98252, 0.39859], [28.98256, 0.3979], [28.98254, 0.39789], [28.98256, 0.3976], [28.98159, 0.3968], [28.98102, 0.3964], [28.97942, 0.39566], [28.97765, 0.39475], [28.97674, 0.39355], [28.97594, 0.39218], [28.97365, 0.39195], [28.97274, 0.39355], [28.9724, 0.39486], [28.97125, 0.39566], [28.97017, 0.39578], [28.96897, 0.39429], [28.96788, 0.39246], [28.96737, 0.39172], [28.96611, 0.39258], [28.96509, 0.39321], [28.96414, 0.39276], [28.96417, 0.39236], [28.96429, 0.39088], [28.9644, 0.39008], [28.96437, 0.39001], [28.9644, 0.38978], [28.96394, 0.38881], [28.96309, 0.3887], [28.96212, 0.38967], [28.96012, 0.39029], [28.95858, 0.39029], [28.95846, 0.38904], [28.95732, 0.3887], [28.95652, 0.38795], [28.95481, 0.38847], [28.95384, 0.38767], [28.95315, 0.38624], [28.95218, 0.38504], [28.95047, 0.3855], [28.94932, 0.38698], [28.94824, 0.38744], [28.94693, 0.38727], [28.94618, 0.38595], [28.94487, 0.3867], [28.94367, 0.38784], [28.94236, 0.38801], [28.94173, 0.38744], [28.93984, 0.38607], [28.93956, 0.38476], [28.93893, 0.38264], [28.93745, 0.38167], [28.93505, 0.38224], [28.93408, 0.38373], [28.93299, 0.38253], [28.93191, 0.38281], [28.93174, 0.38396], [28.92964, 0.38393], [28.92733, 0.38376], [28.92626, 0.38467], [28.92486, 0.38516], [28.92363, 0.38434], [28.92207, 0.38483], [28.91877, 0.38615], [28.91721, 0.38689], [28.91696, 0.38549], [28.91696, 0.3848], [28.91696, 0.38451], [28.91532, 0.38327], [28.91375, 0.38376], [28.91202, 0.38401], [28.91128, 0.38302], [28.9103, 0.3822], [28.90816, 0.38261], [28.90536, 0.38294], [28.9033, 0.38294], [28.90206, 0.38154], [28.90163, 0.38031], [28.90206, 0.37937], [28.90198, 0.37926], [28.90206, 0.37907], [28.90132, 0.37809], [28.89976, 0.37751], [28.89704, 0.37776], [28.89606, 0.37636], [28.89433, 0.37636], [28.89235, 0.37644], [28.89178, 0.37578], [28.89103, 0.37487], [28.88922, 0.37479], [28.88848, 0.37413], [28.8884, 0.37298], [28.88791, 0.37191], [28.88634, 0.37076], [28.88396, 0.37018], [28.88272, 0.36969], [28.88075, 0.36985], [28.87992, 0.36969], [28.87795, 0.36813], [28.87704, 0.36689], [28.87647, 0.36467], [28.87581, 0.36343], [28.87449, 0.36302], [28.87353, 0.36051], [28.87158, 0.36036], [28.86932, 0.36066], [28.86902, 0.3587], [28.86813, 0.35603], [28.86827, 0.35298], [28.86826, 0.3529], [28.86827, 0.35269], [28.86769, 0.34775], [28.86812, 0.34546], [28.86806, 0.34547], [28.86812, 0.34516], [28.86571, 0.34547], [28.8624, 0.34622], [28.85999, 0.34516], [28.85759, 0.34321], [28.85623, 0.3411], [28.85277, 0.34095], [28.84916, 0.34125], [28.84861, 0.33903], [28.84961, 0.33644], [28.84976, 0.33358], [28.85202, 0.33057], [28.85337, 0.32741], [28.85352, 0.325], [28.85351, 0.32498], [28.85352, 0.3247], [28.85127, 0.322], [28.84916, 0.32034], [28.8457, 0.31809], [28.84435, 0.31643], [28.8442, 0.31312], [28.84302, 0.31151], [28.84345, 0.30785], [28.84343, 0.3077], [28.84345, 0.30755], [28.84302, 0.30357], [28.84375, 0.30168], [28.84368, 0.30156], [28.84375, 0.30139], [28.84314, 0.3003], [28.84211, 0.3003], [28.84145, 0.30001], [28.84051, 0.29898], [28.83929, 0.29757], [28.83807, 0.29645], [28.83751, 0.29579], [28.83638, 0.29494], [28.83535, 0.29354], [28.83507, 0.29213], [28.83451, 0.29138], [28.83329, 0.29138], [28.83216, 0.29147], [28.83188, 0.29063], [28.83188, 0.28952], [28.83188, 0.28922], [28.8315, 0.28725], [28.83085, 0.28631], [28.83066, 0.28509], [28.82991, 0.28387], [28.82962, 0.28255], [28.82906, 0.28105], [28.8284, 0.27993], [28.82625, 0.27936], [28.82399, 0.27936], [28.82343, 0.27852], [28.82193, 0.27777], [28.82155, 0.27495], [28.82061, 0.27392], [28.8193, 0.27326], [28.81745, 0.27224], [28.81761, 0.27084], [28.81758, 0.27077], [28.81761, 0.27054], [28.81705, 0.26904], [28.81705, 0.26783], [28.81705, 0.26753], [28.81658, 0.26622], [28.8162, 0.26453], [28.81423, 0.2634], [28.81132, 0.26143], [28.81019, 0.25946], [28.8101, 0.25749], [28.80944, 0.25636], [28.80775, 0.25317], [28.80644, 0.25176], [28.8055, 0.24989], [28.80343, 0.2496], [28.80184, 0.25036], [28.80043, 0.24895], [28.79977, 0.24773], [28.79865, 0.24679], [28.79837, 0.2451], [28.79823, 0.24449], [28.79902, 0.24361], [28.79893, 0.24342], [28.79902, 0.24332], [28.79837, 0.24191], [28.79761, 0.24172], [28.79761, 0.24061], [28.79808, 0.23892], [28.79801, 0.23888], [28.79808, 0.23862], [28.79668, 0.23787], [28.79611, 0.23618], [28.79499, 0.23468], [28.79418, 0.23379], [28.79433, 0.23291], [28.79452, 0.23122], [28.79449, 0.23116], [28.79452, 0.23092], [28.79392, 0.22956], [28.79452, 0.22803], [28.79461, 0.22643], [28.79459, 0.22643], [28.79461, 0.22614], [28.79339, 0.22548], [28.79264, 0.22445], [28.79217, 0.22304], [28.79217, 0.22183], [28.79217, 0.22154], [28.79151, 0.22032], [28.79057, 0.21928], [28.78945, 0.21816], [28.78945, 0.21601], [28.78954, 0.21376], [28.78964, 0.21207], [28.78962, 0.21205], [28.78964, 0.21177], [28.78888, 0.21065], [28.78888, 0.20926], [28.78888, 0.20896], [28.78851, 0.20708], [28.78682, 0.20652], [28.78522, 0.20586], [28.78438, 0.20567], [28.78231, 0.20464], [28.78166, 0.2038], [28.781, 0.20248], [28.77989, 0.20156], [28.77997, 0.20015], [28.77995, 0.20013], [28.77997, 0.19985], [28.7794, 0.1991], [28.77875, 0.19751], [28.77678, 0.19713], [28.77593, 0.1961], [28.77565, 0.19478], [28.77462, 0.19328], [28.77293, 0.193], [28.77293, 0.19227], [28.77293, 0.19197], [28.77218, 0.19112], [28.77133, 0.19056], [28.77056, 0.1885], [28.77072, 0.18829], [28.77073, 0.18828], [28.7718, 0.18682], [28.77167, 0.18668], [28.7718, 0.18651], [28.77077, 0.18538], [28.77039, 0.18416], [28.7703, 0.18332], [28.76945, 0.18163], [28.76945, 0.18063], [28.76945, 0.18063], [28.76945, 0.18032], [28.76823, 0.17919], [28.76753, 0.17825], [28.76795, 0.1779], [28.76784, 0.17768], [28.76795, 0.17759], [28.76739, 0.17647], [28.76626, 0.17543], [28.7657, 0.1744], [28.76514, 0.17215], [28.76504, 0.16943], [28.76504, 0.16943], [28.76504, 0.16823], [28.76504, 0.16792], [28.76363, 0.16689], [28.76232, 0.16642], [28.76206, 0.16467], [28.76204, 0.16455], [28.76221, 0.16284], [28.76223, 0.16267], [28.76204, 0.16117], [28.76072, 0.15995], [28.76063, 0.15779], [28.76007, 0.15488], [28.75997, 0.15309], [28.75913, 0.1514], [28.75781, 0.15], [28.75729, 0.14896], [28.75725, 0.14887], [28.75768, 0.14674], [28.75772, 0.14652], [28.75725, 0.14549], [28.75687, 0.14361], [28.7557, 0.14271], [28.75565, 0.14267], [28.75603, 0.14042], [28.75641, 0.1377], [28.75791, 0.1361], [28.75864, 0.13472], [28.75866, 0.13469], [28.75856, 0.13291], [28.75828, 0.13103], [28.758, 0.12934], [28.75734, 0.12822], [28.75674, 0.12657], [28.75669, 0.12643], [28.75725, 0.12456], [28.75847, 0.12324], [28.75847, 0.12149], [28.75847, 0.12118], [28.75751, 0.11882], [28.75744, 0.11864], [28.75847, 0.11686], [28.761, 0.11573], [28.76345, 0.11517], [28.76485, 0.11282], [28.76617, 0.11188], [28.76748, 0.11048], [28.76851, 0.10728], [28.76851, 0.10606], [28.76983, 0.10494], [28.77152, 0.10503], [28.77171, 0.104], [28.77189, 0.10212], [28.77274, 0.10053], [28.77452, 0.10034], [28.77499, 0.09808], [28.77589, 0.09682], [28.77593, 0.09677], [28.77557, 0.09425], [28.77494, 0.0917], [28.7748, 0.0902], [28.7748, 0.08887], [28.7748, 0.08856], [28.77523, 0.08728], [28.77559, 0.08506], [28.77559, 0.08316], [28.77559, 0.08285], [28.77523, 0.08157], [28.77402, 0.08114], [28.77259, 0.07978], [28.77202, 0.078], [28.77202, 0.078], [28.77202, 0.07593], [28.77202, 0.07467], [28.77202, 0.07436], [28.77145, 0.073], [28.77002, 0.0725], [28.76966, 0.0715], [28.76931, 0.07], [28.76816, 0.06893], [28.76781, 0.068], [28.76616, 0.06779], [28.76459, 0.06679], [28.76288, 0.06565], [28.76174, 0.06529], [28.76102, 0.06408], [28.75831, 0.06301], [28.75617, 0.06194], [28.75353, 0.06087], [28.75153, 0.06065], [28.74967, 0.06051], [28.74882, 0.05937], [28.74732, 0.05887], [28.74582, 0.05872], [28.74411, 0.05751], [28.74311, 0.05594], [28.74232, 0.05394], [28.74068, 0.05244], [28.7389, 0.05216], [28.73604, 0.05194], [28.73376, 0.05173], [28.7324, 0.05194], [28.73126, 0.05194], [28.7299, 0.05123], [28.72933, 0.05266], [28.72812, 0.05258], [28.7269, 0.05187], [28.72626, 0.05323], [28.7254, 0.0523], [28.72433, 0.05116], [28.72212, 0.05159], [28.72048, 0.05301], [28.72019, 0.0548], [28.72023, 0.05487], [28.72069, 0.0558], [28.72057, 0.05586], [28.71877, 0.05687], [28.71769, 0.05637], [28.71648, 0.05758], [28.71659, 0.05778], [28.71741, 0.05929], [28.71729, 0.05938], [28.71598, 0.06029], [28.71505, 0.06079], [28.71377, 0.06129], [28.71248, 0.06072], [28.71134, 0.06129], [28.71006, 0.06158], [28.70906, 0.06151], [28.70763, 0.06208], [28.70634, 0.06208], [28.70513, 0.06244], [28.70485, 0.06372], [28.70349, 0.06451], [28.70178, 0.06572], [28.69971, 0.06693], [28.69835, 0.06779], [28.69649, 0.06793], [28.69457, 0.06779], [28.69178, 0.06872], [28.69, 0.06957], [28.68907, 0.06857], [28.68821, 0.067], [28.68729, 0.06636], [28.68693, 0.06551], [28.68593, 0.06515], [28.68479, 0.06472], [28.68357, 0.06365], [28.68179, 0.06186], [28.68065, 0.06044], [28.67858, 0.06008], [28.67722, 0.05915], [28.67608, 0.05929], [28.67536, 0.05822], [28.67379, 0.05694], [28.67229, 0.05594], [28.6713, 0.05594], [28.67065, 0.05623], [28.66958, 0.05508], [28.66923, 0.05423], [28.66844, 0.05316], [28.66694, 0.05308], [28.6658, 0.0528], [28.66487, 0.05373], [28.66316, 0.05351], [28.66216, 0.0538], [28.66059, 0.0538], [28.65909, 0.05351], [28.65766, 0.05387], [28.65595, 0.0548], [28.65523, 0.0558], [28.65416, 0.05687], [28.65331, 0.0568], [28.65231, 0.05637], [28.65166, 0.05515], [28.65074, 0.05494], [28.64974, 0.05487], [28.64831, 0.05444], [28.64767, 0.05401], [28.64653, 0.05373], [28.64538, 0.05373], [28.64367, 0.0538], [28.64288, 0.0538], [28.64139, 0.05351], [28.63982, 0.05337], [28.63839, 0.05387], [28.63582, 0.05401], [28.63468, 0.0538], [28.63275, 0.05358], [28.63075, 0.05501], [28.62904, 0.05444], [28.62818, 0.05587], [28.62639, 0.05673], [28.6254, 0.05623], [28.62347, 0.05573], [28.62347, 0.05701], [28.62347, 0.05787], [28.62261, 0.0583], [28.6214, 0.05908], [28.62033, 0.05844], [28.61926, 0.0573], [28.61719, 0.05722], [28.61737, 0.05754], [28.6179, 0.05844], [28.61897, 0.06001], [28.61919, 0.06137], [28.61914, 0.0614], [28.61819, 0.06208], [28.61754, 0.06165], [28.61647, 0.06172], [28.6164, 0.06265], [28.61642, 0.06267], [28.61712, 0.06343], [28.61702, 0.06365], [28.61669, 0.06443], [28.61526, 0.06558], [28.61412, 0.06493], [28.6134, 0.06408], [28.6124, 0.06279], [28.61112, 0.06201], [28.60848, 0.06208], [28.60734, 0.06251], [28.60742, 0.06279], [28.60762, 0.06343], [28.60891, 0.06508], [28.61033, 0.06643], [28.61018, 0.0666], [28.60926, 0.06758], [28.60919, 0.06865], [28.60833, 0.069], [28.60705, 0.06822], [28.60698, 0.06936], [28.60541, 0.06857], [28.60419, 0.06957], [28.60432, 0.06978], [28.60469, 0.07043], [28.60641, 0.07086], [28.60769, 0.072], [28.60761, 0.07224], [28.60726, 0.07321], [28.60562, 0.07479], [28.60568, 0.07504], [28.60591, 0.07607], [28.60591, 0.07638], [28.60591, 0.078], [28.60548, 0.08064], [28.60505, 0.082], [28.60498, 0.08299], [28.60469, 0.08414], [28.60341, 0.08414], [28.60127, 0.08407], [28.60063, 0.08492], [28.59963, 0.08492], [28.59791, 0.08585], [28.59727, 0.08742], [28.5967, 0.08878], [28.5968, 0.08886], [28.59763, 0.08956], [28.59848, 0.09042], [28.59835, 0.09059], [28.59777, 0.09135], [28.59691, 0.09235], [28.59649, 0.09334], [28.59627, 0.09413], [28.59427, 0.09427], [28.59363, 0.09408], [28.59356, 0.09406], [28.59377, 0.0932], [28.59395, 0.09268], [28.59403, 0.09242], [28.59291, 0.09177], [28.5917, 0.09177], [28.59058, 0.09233], [28.589, 0.09149], [28.58676, 0.0927], [28.58695, 0.09291], [28.58779, 0.09382], [28.58779, 0.09531], [28.58779, 0.09531], [28.58555, 0.0954], [28.58518, 0.09745], [28.58521, 0.09759], [28.58555, 0.09913], [28.58548, 0.09915], [28.58331, 0.0996], [28.58089, 0.0996], [28.57846, 0.10193], [28.5785, 0.1022], [28.57874, 0.10398], [28.5787, 0.10398], [28.57697, 0.10398], [28.57576, 0.10389], [28.57362, 0.10314], [28.57175, 0.10174], [28.57123, 0.09963], [28.57119, 0.0995], [28.57152, 0.09761], [28.57157, 0.09736], [28.57054, 0.09578], [28.56858, 0.09494], [28.56737, 0.09587], [28.567, 0.09745], [28.56523, 0.09792], [28.56411, 0.0995], [28.56234, 0.09941], [28.55982, 0.09867], [28.55982, 0.09867], [28.55982, 0.09758], [28.55982, 0.09727], [28.55933, 0.09621], [28.55926, 0.09606], [28.55981, 0.09489], [28.55991, 0.09466], [28.55898, 0.09401], [28.55805, 0.09419], [28.55693, 0.09466], [28.55516, 0.09335], [28.55477, 0.09241], [28.55469, 0.09223], [28.55525, 0.09121], [28.55525, 0.08956], [28.55525, 0.08925], [28.55339, 0.08888], [28.55125, 0.09084], [28.55135, 0.09105], [28.5519, 0.09223], [28.55179, 0.09231], [28.55069, 0.09307], [28.55069, 0.09438], [28.55069, 0.09438], [28.55199, 0.09438], [28.55255, 0.09512], [28.55251, 0.09538], [28.55227, 0.09671], [28.55031, 0.09755], [28.54947, 0.10016], [28.54947, 0.10047], [28.54947, 0.10212], [28.54947, 0.10212], [28.54733, 0.10258], [28.54556, 0.10146], [28.54388, 0.10006], [28.54373, 0.09884], [28.5437, 0.09857], [28.54429, 0.09772], [28.54435, 0.09764], [28.54398, 0.09606], [28.54239, 0.09531], [28.54099, 0.09531], [28.53941, 0.09484], [28.53801, 0.09606], [28.53745, 0.0955], [28.53587, 0.09456], [28.53428, 0.09494], [28.53428, 0.09525], [28.53428, 0.09652], [28.53428, 0.09652], [28.53316, 0.09699], [28.53288, 0.09615], [28.53148, 0.09596], [28.53083, 0.09531], [28.53027, 0.09419], [28.52953, 0.09466], [28.52897, 0.09606], [28.52729, 0.09643], [28.52729, 0.09531], [28.52636, 0.09438], [28.52487, 0.09317], [28.52328, 0.09438], [28.5234, 0.0946], [28.52421, 0.09606], [28.52401, 0.09599], [28.52065, 0.09496], [28.52058, 0.09494], [28.52089, 0.09361], [28.52095, 0.09335], [28.51946, 0.09195], [28.51853, 0.09261], [28.51657, 0.0914], [28.51443, 0.09177], [28.51228, 0.09149], [28.51004, 0.0927], [28.50846, 0.09363], [28.50669, 0.09326], [28.50538, 0.09345], [28.50538, 0.09475], [28.50454, 0.09634], [28.50399, 0.09568], [28.50399, 0.09456], [28.50374, 0.09343], [28.50371, 0.09326], [28.50391, 0.09251], [28.50399, 0.09223], [28.50147, 0.09121], [28.50044, 0.09233], [28.49858, 0.09289], [28.49811, 0.09149], [28.49653, 0.09102], [28.49616, 0.0927], [28.49532, 0.09401], [28.49466, 0.09326], [28.49375, 0.09284], [28.49364, 0.09279], [28.49399, 0.09196], [28.4941, 0.09167], [28.49224, 0.09121], [28.49075, 0.09028], [28.48749, 0.09279], [28.48665, 0.09363], [28.48478, 0.09317], [28.48404, 0.09494], [28.48415, 0.09499], [28.48572, 0.09568], [28.48537, 0.09584], [28.48488, 0.09606], [28.4832, 0.09699], [28.48171, 0.09727], [28.47972, 0.09606], [28.47956, 0.09596], [28.48053, 0.09464], [28.48059, 0.09456], [28.48012, 0.09261], [28.479, 0.09112], [28.47807, 0.09121], [28.47788, 0.09317], [28.47621, 0.09438], [28.47472, 0.09298], [28.47416, 0.09277], [28.47397, 0.0927], [28.47499, 0.09142], [28.47509, 0.0913], [28.47462, 0.09037], [28.47285, 0.09056], [28.47117, 0.09195], [28.46978, 0.09233], [28.4698, 0.09263], [28.46996, 0.09512], [28.46994, 0.09515], [28.46922, 0.09606], [28.46856, 0.09764], [28.46689, 0.09671], [28.46682, 0.09612], [28.46679, 0.09587], [28.46746, 0.09436], [28.46754, 0.09419], [28.46679, 0.09279], [28.4653, 0.09326], [28.46325, 0.09298], [28.46326, 0.09329], [28.46334, 0.09503], [28.46333, 0.09505], [28.46232, 0.09634], [28.46055, 0.09606], [28.45812, 0.09634], [28.45691, 0.09531], [28.45514, 0.09559], [28.45477, 0.09745], [28.45482, 0.0975], [28.45598, 0.09857], [28.457, 0.0996], [28.45692, 0.09982], [28.45626, 0.10156], [28.45631, 0.10173], [28.45672, 0.10314], [28.45665, 0.10319], [28.45579, 0.10379], [28.45486, 0.10295], [28.45393, 0.10323], [28.45216, 0.10351], [28.45123, 0.10239], [28.45029, 0.10146], [28.4488, 0.1023], [28.44722, 0.10212], [28.44228, 0.10435], [28.44153, 0.10361], [28.44013, 0.10314], [28.43901, 0.10305], [28.43857, 0.10171], [28.43855, 0.10165], [28.43864, 0.10044], [28.44023, 0.09969], [28.44122, 0.09812], [28.44134, 0.09792], [28.44015, 0.09681], [28.44013, 0.0968], [28.44021, 0.09498], [28.44023, 0.09466], [28.4379, 0.09587], [28.43804, 0.09611], [28.43883, 0.09745], [28.4387, 0.09755], [28.43734, 0.09857], [28.43706, 0.10053], [28.43519, 0.0996], [28.43389, 0.09876], [28.43389, 0.09907], [28.43389, 0.09997], [28.43491, 0.10137], [28.43594, 0.1023], [28.4365, 0.10351], [28.43696, 0.10594], [28.4369, 0.10594], [28.43529, 0.10594], [28.43445, 0.10706], [28.43323, 0.10724], [28.43137, 0.10855], [28.42988, 0.10883], [28.42913, 0.11078], [28.42916, 0.11103], [28.42932, 0.11265], [28.42929, 0.11268], [28.42867, 0.11339], [28.42867, 0.1137], [28.42867, 0.11554], [28.42867, 0.11554], [28.42792, 0.11722], [28.42503, 0.11712], [28.42373, 0.11684], [28.42298, 0.11591], [28.42158, 0.11498], [28.42009, 0.11572], [28.41909, 0.11497], [28.41897, 0.11489], [28.41936, 0.11411], [28.41944, 0.11395], [28.41897, 0.11302], [28.4172, 0.11311], [28.41468, 0.11442], [28.41226, 0.11311], [28.41096, 0.11237], [28.41012, 0.11106], [28.40881, 0.10985], [28.40788, 0.11078], [28.4049, 0.11172], [28.40359, 0.11153], [28.40247, 0.11041], [28.40238, 0.10892], [28.40024, 0.10836], [28.39912, 0.10845], [28.39914, 0.10876], [28.39921, 0.10985], [28.40024, 0.11116], [28.40006, 0.11124], [28.39912, 0.11172], [28.39679, 0.11162], [28.39558, 0.11097], [28.39511, 0.11256], [28.39352, 0.11395], [28.39129, 0.1147], [28.38952, 0.11517], [28.38886, 0.11461], [28.387, 0.11414], [28.38705, 0.11446], [28.38728, 0.11591], [28.38765, 0.1174], [28.38759, 0.11747], [28.38709, 0.11805], [28.38569, 0.11796], [28.38411, 0.11666], [28.38346, 0.11675], [28.38262, 0.11899], [28.38178, 0.12206], [28.38113, 0.12421], [28.37945, 0.12505], [28.37926, 0.12402], [28.37786, 0.12272], [28.37684, 0.1216], [28.37572, 0.12225], [28.3746, 0.12281], [28.37451, 0.12169], [28.3733, 0.12104], [28.37264, 0.12206], [28.37134, 0.12104], [28.37022, 0.11964], [28.37022, 0.11852], [28.36882, 0.1174], [28.36724, 0.11805], [28.36528, 0.1175], [28.36388, 0.11889], [28.36258, 0.11843], [28.36081, 0.11843], [28.35969, 0.11768], [28.35933, 0.11609], [28.35931, 0.116], [28.35947, 0.11425], [28.3595, 0.11395], [28.35782, 0.11302], [28.35605, 0.11256], [28.35503, 0.11405], [28.35335, 0.11358], [28.3526, 0.11526], [28.3513, 0.11554], [28.35148, 0.11581], [28.35214, 0.11675], [28.35326, 0.11787], [28.35316, 0.11808], [28.3526, 0.11927], [28.35074, 0.1202], [28.35009, 0.12001], [28.34962, 0.11852], [28.34822, 0.11973], [28.34654, 0.12272], [28.34543, 0.12411], [28.34479, 0.12384], [28.34477, 0.12383], [28.34503, 0.12032], [28.34505, 0.12001], [28.34272, 0.11983], [28.34058, 0.12029], [28.3407, 0.12057], [28.34132, 0.12197], [28.34125, 0.12211], [28.34011, 0.12411], [28.33843, 0.12421], [28.33769, 0.1229], [28.33592, 0.1216], [28.33349, 0.12197], [28.33353, 0.12227], [28.33377, 0.12421], [28.33374, 0.12424], [28.33182, 0.12626], [28.33194, 0.12644], [28.33228, 0.12691], [28.33219, 0.12709], [28.33098, 0.12943], [28.33088, 0.12775], [28.33032, 0.12663], [28.32939, 0.12616], [28.32874, 0.12383], [28.32799, 0.12411], [28.32799, 0.12442], [28.32799, 0.12616], [28.32799, 0.12616], [28.32743, 0.12663], [28.32604, 0.12607], [28.32594, 0.12738], [28.3252, 0.12719], [28.32399, 0.12607], [28.32203, 0.12551], [28.32153, 0.12501], [28.32138, 0.12486], [28.32194, 0.1243], [28.32315, 0.12439], [28.32413, 0.1235], [28.32417, 0.12346], [28.32352, 0.11973], [28.32184, 0.11945], [28.32119, 0.11871], [28.32063, 0.11917], [28.3197, 0.12029], [28.31737, 0.12057], [28.31644, 0.12094], [28.31616, 0.1202], [28.31569, 0.11936], [28.31476, 0.11824], [28.31457, 0.11684], [28.31355, 0.11666], [28.31355, 0.11526], [28.31243, 0.11517], [28.31103, 0.11768], [28.30991, 0.11824], [28.30907, 0.1175], [28.3073, 0.11694], [28.30553, 0.11694], [28.30534, 0.11694], [28.30607, 0.11573], [28.30618, 0.11554], [28.3046, 0.11386], [28.30385, 0.11433], [28.30012, 0.11367], [28.29798, 0.11274], [28.29742, 0.112], [28.29733, 0.11069], [28.29714, 0.10929], [28.29639, 0.10873], [28.29565, 0.10864], [28.29406, 0.11013], [28.29332, 0.11106], [28.29192, 0.1106], [28.29145, 0.10967], [28.29103, 0.10874], [28.29099, 0.10864], [28.29121, 0.10769], [28.29127, 0.10743], [28.29071, 0.10696], [28.28978, 0.10612], [28.28866, 0.10631], [28.28828, 0.10556], [28.28707, 0.10547], [28.28381, 0.10239], [28.2826, 0.10221], [28.2812, 0.10146], [28.2812, 0.10146], [28.2812, 0.10019], [28.2812, 0.09988], [28.28055, 0.09932], [28.27915, 0.09811], [28.27803, 0.09624], [28.27654, 0.09643], [28.27607, 0.09587], [28.27514, 0.09522], [28.2743, 0.0941], [28.2716, 0.09428], [28.27001, 0.09428], [28.26768, 0.0955], [28.26554, 0.09652], [28.26554, 0.09652], [28.26554, 0.09568], [28.26619, 0.09484], [28.26641, 0.09406], [28.26647, 0.09382], [28.26582, 0.09317], [28.26505, 0.09309], [28.26489, 0.09307], [28.26526, 0.09242], [28.26606, 0.09074], [28.2661, 0.09065], [28.26582, 0.08916], [28.26479, 0.08757], [28.26479, 0.08757], [28.26479, 0.08602], [28.26479, 0.08571], [28.26368, 0.08459], [28.2619, 0.08357], [28.25929, 0.08431], [28.25752, 0.08422], [28.25715, 0.0831], [28.25603, 0.08254], [28.25482, 0.08114], [28.25351, 0.08282], [28.24941, 0.08291], [28.24801, 0.08478], [28.24718, 0.08655], [28.24671, 0.0858], [28.24568, 0.08478], [28.24466, 0.08394], [28.24354, 0.08375], [28.24354, 0.08375], [28.24354, 0.08273], [28.24401, 0.08142], [28.24475, 0.07984], [28.24485, 0.07965], [28.24382, 0.07834], [28.24261, 0.0776], [28.24149, 0.07797], [28.23981, 0.07844], [28.2386, 0.07807], [28.2386, 0.07807], [28.2386, 0.07688], [28.2386, 0.07657], [28.23776, 0.07629], [28.23636, 0.07527], [28.23608, 0.07378], [28.23534, 0.07368], [28.23422, 0.07508], [28.23291, 0.07518], [28.23142, 0.07639], [28.2304, 0.07797], [28.22891, 0.07862], [28.22779, 0.07881], [28.22639, 0.07834], [28.22583, 0.07704], [28.22536, 0.07564], [28.22397, 0.07555], [28.22359, 0.07406], [28.21847, 0.07415], [28.21791, 0.07611], [28.2166, 0.07667], [28.21492, 0.07583], [28.21362, 0.0762], [28.21259, 0.07629], [28.21073, 0.07611], [28.20942, 0.07769], [28.20877, 0.07956], [28.20803, 0.08077], [28.20607, 0.08179], [28.20579, 0.0831], [28.20523, 0.0845], [28.20336, 0.08562], [28.20187, 0.08636], [28.20199, 0.08661], [28.20243, 0.08757], [28.20392, 0.08841], [28.20588, 0.08925], [28.20747, 0.09102], [28.20738, 0.09123], [28.20681, 0.09261], [28.20607, 0.0955], [28.20532, 0.09615], [28.20392, 0.09689], [28.20281, 0.09634], [28.20178, 0.09671], [28.20085, 0.09792], [28.20085, 0.09932], [28.20029, 0.09978], [28.19936, 0.10072], [28.1987, 0.10221], [28.19842, 0.10314], [28.19844, 0.1034], [28.19852, 0.10482], [28.1985, 0.10483], [28.19647, 0.10631], [28.19535, 0.10556], [28.19535, 0.10587], [28.19535, 0.10659], [28.19535, 0.10659], [28.19525, 0.10845], [28.19376, 0.1105], [28.19227, 0.11153], [28.18966, 0.10995], [28.18854, 0.11013], [28.18808, 0.10892], [28.18696, 0.10855], [28.18699, 0.10887], [28.18724, 0.1119], [28.18789, 0.11246], [28.18772, 0.11263], [28.18677, 0.11358], [28.18682, 0.11384], [28.18705, 0.11517], [28.18701, 0.11526], [28.18668, 0.1161], [28.18463, 0.11703], [28.1837, 0.11964], [28.1836, 0.1215], [28.18362, 0.1215], [28.18547, 0.1215], [28.18705, 0.12197], [28.18695, 0.12225], [28.18593, 0.12505], [28.18601, 0.12514], [28.18668, 0.12598], [28.18724, 0.12756], [28.18798, 0.12943], [28.1892, 0.13092], [28.18911, 0.13112], [28.18864, 0.13222], [28.18752, 0.13232], [28.18621, 0.13194], [28.18481, 0.1326], [28.1836, 0.1326], [28.18311, 0.13194], [28.18304, 0.13185], [28.18342, 0.13055], [28.18436, 0.12925], [28.18444, 0.12915], [28.1837, 0.12719], [28.18202, 0.12607], [28.18118, 0.12644], [28.18132, 0.12669], [28.18192, 0.12775], [28.18239, 0.12933], [28.18232, 0.12939], [28.18109, 0.13036], [28.17838, 0.13008], [28.17801, 0.13138], [28.17615, 0.13334], [28.17475, 0.13344], [28.17381, 0.13301], [28.17372, 0.13297], [28.17391, 0.13241], [28.17419, 0.13148], [28.17419, 0.13148], [28.17419, 0.13008], [28.17354, 0.12887], [28.17232, 0.12812], [28.17037, 0.12831], [28.16906, 0.12728], [28.16766, 0.12831], [28.1672, 0.12989], [28.1671, 0.13138], [28.16636, 0.13288], [28.16524, 0.13325], [28.16391, 0.13369], [28.16407, 0.13395], [28.16515, 0.13576], [28.16658, 0.13754], [28.16658, 0.13986], [28.16658, 0.13986], [28.16622, 0.14254], [28.16626, 0.14257], [28.16801, 0.14379], [28.16979, 0.14343], [28.17372, 0.14415], [28.17586, 0.14593], [28.17925, 0.14736], [28.18103, 0.14932], [28.1821, 0.15271], [28.18228, 0.15574], [28.18227, 0.15579], [28.18068, 0.15985], [28.17782, 0.16253], [28.17514, 0.16592], [28.17407, 0.16877], [28.17336, 0.17216], [28.17158, 0.17502], [28.17086, 0.17787], [28.16908, 0.18144], [28.1664, 0.18483], [28.16337, 0.18805], [28.16105, 0.18912], [28.15712, 0.19054], [28.15569, 0.19054], [28.1523, 0.19001], [28.14873, 0.18983], [28.14713, 0.19054], [28.14659, 0.19269], [28.14666, 0.19274], [28.1473, 0.19322], [28.15087, 0.19465], [28.15248, 0.1959], [28.15355, 0.19768], [28.15355, 0.19799], [28.15355, 0.20054], [28.15355, 0.20304], [28.15319, 0.20429], [28.15319, 0.20732], [28.15248, 0.21], [28.1525, 0.21023], [28.15266, 0.21196], [28.15337, 0.21482], [28.15333, 0.21494], [28.1523, 0.21767], [28.1498, 0.21963], [28.14873, 0.22195], [28.14875, 0.22223], [28.14891, 0.22481], [28.1489, 0.22491], [28.14855, 0.22749], [28.14713, 0.22945], [28.14481, 0.23159], [28.14463, 0.23337], [28.14391, 0.23712], [28.14284, 0.23909], [28.14088, 0.24016], [28.13785, 0.2423], [28.13624, 0.24319], [28.13499, 0.24265], [28.13356, 0.24141], [28.13089, 0.24087], [28.12928, 0.2398], [28.12732, 0.23873], [28.12535, 0.23855], [28.12214, 0.2398], [28.12036, 0.24158], [28.12, 0.24301], [28.12, 0.24332], [28.12, 0.24497], [28.12036, 0.24658], [28.12032, 0.24674], [28.12, 0.24819], [28.11893, 0.24944], [28.11697, 0.25158], [28.11607, 0.25354], [28.11607, 0.25385], [28.11607, 0.25479], [28.11607, 0.25479], [28.11536, 0.2564], [28.11447, 0.25693], [28.11322, 0.25622], [28.11072, 0.25479], [28.10858, 0.2539], [28.10483, 0.25479], [28.10269, 0.25622], [28.10198, 0.25782], [28.10126, 0.2605], [28.09966, 0.26264], [28.09805, 0.26371], [28.09769, 0.26478], [28.09644, 0.26657], [28.09573, 0.26835], [28.09577, 0.26856], [28.09627, 0.27085], [28.09644, 0.27353], [28.09642, 0.27356], [28.09519, 0.27531], [28.09323, 0.27603], [28.09216, 0.27585], [28.08948, 0.27496], [28.08681, 0.27585], [28.0852, 0.27799], [28.0852, 0.2796], [28.08484, 0.28156], [28.08489, 0.28163], [28.08556, 0.28263], [28.08752, 0.2837], [28.08806, 0.28566], [28.088, 0.28578], [28.08716, 0.28763], [28.08467, 0.2903], [28.08217, 0.29298], [28.0802, 0.29369], [28.07949, 0.29494], [28.07931, 0.29726], [28.07887, 0.29874], [28.07824, 0.30083], [28.07824, 0.30114], [28.07824, 0.30404], [28.07771, 0.30601], [28.07539, 0.30654], [28.07342, 0.3069], [28.0711, 0.30672], [28.06914, 0.30601], [28.06771, 0.30441], [28.06682, 0.30352], [28.06593, 0.30406], [28.06379, 0.30584], [28.06218, 0.30656], [28.06039, 0.30744], [28.06039, 0.30775], [28.06039, 0.30852], [28.06022, 0.31065], [28.05915, 0.31208], [28.05807, 0.31457], [28.05772, 0.31725], [28.05681, 0.31797], [28.05676, 0.31834], [28.05659, 0.3195], [28.05594, 0.32392], [28.0559, 0.32417], [28.05593, 0.32425], [28.0559, 0.32447], [28.05681, 0.32676], [28.0616, 0.32975], [28.06202, 0.33204], [28.06147, 0.3328], [28.05842, 0.33702], [28.05834, 0.33712], [28.05743, 0.33838], [28.05658, 0.33956], [28.05662, 0.33981], [28.05658, 0.33986], [28.05817, 0.35106], [28.05804, 0.35498], [28.05791, 0.35901], [28.05788, 0.35998], [28.05772, 0.36483], [28.05772, 0.3649], [28.05772, 0.36513], [28.05905, 0.37659], [28.05635, 0.38046], [28.05577, 0.38054], [28.05041, 0.38137], [28.04197, 0.37747], [28.03946, 0.38091], [28.03955, 0.38108], [28.03946, 0.38121], [28.04467, 0.39056], [28.04402, 0.3947], [28.04288, 0.39699], [28.03722, 0.40084], [28.03444, 0.40274], [28.03461, 0.40291], [28.03444, 0.40303], [28.03717, 0.40579], [28.04105, 0.40625], [28.04539, 0.41108], [28.05178, 0.40786], [28.05265, 0.41273], [28.04789, 0.42778], [28.03694, 0.43169], [28.03549, 0.43338], [28.03444, 0.43459], [28.0326, 0.43674], [28.02598, 0.43628], [28.02484, 0.43881], [28.02492, 0.43893], [28.02484, 0.4391], [28.03002, 0.44772], [28.02918, 0.45], [28.02876, 0.45116], [28.02849, 0.4519], [28.02851, 0.45213], [28.02849, 0.4522], [28.02915, 0.45839], [28.02666, 0.46339], [28.02392, 0.46385], [28.01731, 0.46063], [28.01297, 0.46109], [28.01267, 0.46165], [28.00749, 0.47143], [28.00407, 0.47396], [27.98284, 0.47142], [27.97164, 0.47272], [27.96504, 0.47349], [27.95979, 0.4744], [27.95363, 0.48083], [27.94108, 0.47852], [27.93492, 0.48037], [27.92944, 0.4868], [27.92487, 0.48795], [27.92245, 0.49038], [27.92099, 0.49185], [27.92076, 0.49185], [27.91757, 0.49185], [27.91505, 0.48449], [27.91073, 0.48036], [27.90502, 0.4822], [27.90114, 0.49139], [27.89816, 0.49093], [27.89201, 0.48334], [27.88563, 0.48058], [27.88106, 0.48035], [27.86949, 0.48556], [27.86449, 0.48781], [27.86443, 0.48784], [27.86371, 0.48816], [27.86045, 0.48808], [27.85413, 0.48792], [27.84637, 0.49022], [27.84271, 0.49214], [27.84112, 0.49297], [27.83724, 0.50032], [27.82993, 0.50354], [27.82582, 0.50997], [27.82171, 0.51204], [27.81691, 0.51801], [27.8103, 0.52007], [27.80805, 0.52166], [27.80493, 0.52385], [27.7966, 0.52972], [27.79684, 0.52985], [27.7966, 0.53002], [27.81875, 0.54217], [27.83029, 0.5453], [27.84293, 0.55193], [27.8552, 0.55757], [27.87203, 0.5594], [27.87531, 0.55983], [27.88718, 0.56109], [27.89306, 0.5617], [27.91585, 0.58759], [27.92273, 0.59844], [27.94117, 0.61417], [27.95525, 0.62185], [27.9691, 0.62124], [27.97664, 0.61343], [27.98828, 0.61182], [27.99288, 0.6127], [27.99307, 0.61274], [27.99329, 0.61295], [27.99439, 0.614], [27.99498, 0.61457], [27.998, 0.61747], [28.00243, 0.62171], [28.00334, 0.62561], [28.00904, 0.6332], [28.00969, 0.63342], [28.00973, 0.63343], [28.0118, 0.63413], [28.01794, 0.63619], [28.02274, 0.63343], [28.02753, 0.63297], [28.03908, 0.63801], [28.04282, 0.63964], [28.04442, 0.6424], [28.04373, 0.64653], [28.0451, 0.6509], [28.05035, 0.6532], [28.06176, 0.66331], [28.06815, 0.66423], [28.06952, 0.67641], [28.07385, 0.67894], [28.08566, 0.6759], [28.08582, 0.67586], [28.08582, 0.67586], [28.08673, 0.67562], [28.08736, 0.67547], [28.08759, 0.67541], [28.08786, 0.67535], [28.08787, 0.67535], [28.08792, 0.67533], [28.08821, 0.67527], [28.09599, 0.67344], [28.10534, 0.67481], [28.10536, 0.67482], [28.1054, 0.67483], [28.10601, 0.67496], [28.10627, 0.67502], [28.11654, 0.67725], [28.12336, 0.6792], [28.1234, 0.67921], [28.12345, 0.67922], [28.12383, 0.67933], [28.12389, 0.67935], [28.12535, 0.67977], [28.12628, 0.68003], [28.12671, 0.68012], [28.12673, 0.68012], [28.12696, 0.68016], [28.12866, 0.68049], [28.12974, 0.6807], [28.13183, 0.6811], [28.14071, 0.68281], [28.15491, 0.68467], [28.1591, 0.68522], [28.17006, 0.68488], [28.17985, 0.68457], [28.17985, 0.68457], [28.18005, 0.68456], [28.18024, 0.68456], [28.18289, 0.68447], [28.19905, 0.68544], [28.20834, 0.68599], [28.21177, 0.6862], [28.21246, 0.68624], [28.21685, 0.6865], [28.2222, 0.68682], [28.23283, 0.68746], [28.23825, 0.68778], [28.23967, 0.68786], [28.24646, 0.68798], [28.2485, 0.68802], [28.25915, 0.69098], [28.26996, 0.69043], [28.2848, 0.69263], [28.28779, 0.69307], [28.30474, 0.69558], [28.30696, 0.69591], [28.31431, 0.697], [28.32037, 0.69725], [28.32639, 0.6975], [28.33363, 0.69771], [28.33775, 0.69783], [28.34343, 0.69502], [28.34703, 0.69072], [28.34719, 0.69054]]]}}, {"type": "Feature", "properties": {"zone": "Mutwanga", "province": "Nord-Kivu", "confirmed_cases": 20, "confirmed_deaths": 4}, "geometry": {"type": "Polygon", "coordinates": [[[29.83398, 0.61623], [29.83638, 0.61594], [29.83638, 0.61594], [29.83877, 0.61527], [29.83877, 0.61527], [29.83938, 0.61499], [29.84088, 0.61431], [29.8429, 0.61431], [29.8429, 0.61431], [29.8451, 0.61335], [29.84817, 0.61307], [29.84817, 0.61307], [29.85009, 0.61259], [29.85162, 0.61153], [29.85162, 0.61153], [29.85201, 0.61145], [29.8543, 0.61096], [29.85573, 0.60998], [29.85641, 0.60952], [29.85823, 0.60837], [29.8591, 0.60799], [29.8591, 0.60799], [29.86005, 0.60799], [29.86005, 0.60799], [29.86161, 0.60735], [29.86216, 0.60712], [29.86216, 0.60712], [29.863, 0.60681], [29.86552, 0.60588], [29.86811, 0.60377], [29.87048, 0.60261], [29.87146, 0.60214], [29.87367, 0.60041], [29.87367, 0.60041], [29.8775, 0.59955], [29.8775, 0.59955], [29.87877, 0.59906], [29.88249, 0.59763], [29.88527, 0.59696], [29.88527, 0.59696], [29.89044, 0.59466], [29.89274, 0.59313], [29.89543, 0.59255], [29.89859, 0.59255], [29.90147, 0.59294], [29.90147, 0.59294], [29.90329, 0.59322], [29.90459, 0.59369], [29.90568, 0.59409], [29.90846, 0.59476], [29.91067, 0.59552], [29.91354, 0.596], [29.91405, 0.59667], [29.91469, 0.59754], [29.91652, 0.59763], [29.91901, 0.59639], [29.91992, 0.59671], [29.92064, 0.59696], [29.92332, 0.59696], [29.92332, 0.59696], [29.92572, 0.59696], [29.92763, 0.5984], [29.92793, 0.59852], [29.92955, 0.59917], [29.92984, 0.60175], [29.93036, 0.60228], [29.9308, 0.60271], [29.9308, 0.60271], [29.93281, 0.60271], [29.93281, 0.60271], [29.93511, 0.60281], [29.93511, 0.60281], [29.93856, 0.6031], [29.93856, 0.6031], [29.9424, 0.60396], [29.94585, 0.60511], [29.9484, 0.60548], [29.94911, 0.60559], [29.94911, 0.60559], [29.95065, 0.60627], [29.95237, 0.60703], [29.9561, 0.60751], [29.95936, 0.60856], [29.96023, 0.60888], [29.96455, 0.59378], [29.96913, 0.58327], [29.97607, 0.5674], [29.98168, 0.5526], [29.98869, 0.54304], [29.99135, 0.53102], [29.99267, 0.49893], [29.99232, 0.48203], [29.97843, 0.44943], [29.963, 0.4106], [29.9595, 0.40735], [29.95273, 0.40607], [29.93849, 0.40496], [29.92899, 0.40339], [29.91825, 0.40006], [29.89866, 0.39582], [29.88758, 0.39128], [29.88303, 0.38561], [29.87878, 0.37431], [29.87324, 0.35698], [29.87351, 0.3373], [29.86138, 0.302], [29.85419, 0.26679], [29.84534, 0.20583], [29.83943, 0.18388], [29.83186, 0.17234], [29.8261, 0.16615], [29.81444, 0.1596], [29.80736, 0.15772], [29.80415, 0.15687], [29.79038, 0.15029], [29.78197, 0.143], [29.76947, 0.13193], [29.76326, 0.12759], [29.75104, 0.11259], [29.74801, 0.10684], [29.74799, 0.09839], [29.74889, 0.08807], [29.74809, 0.08023], [29.74089, 0.07553], [29.73424, 0.07073], [29.73103, 0.06507], [29.73207, 0.05358], [29.73376, 0.04431], [29.73645, 0.01994], [29.73963, 0.00953], [29.74609, 0.00258], [29.75695, -0.01327], [29.76016, -0.01725], [29.7606, -0.02156], [29.76019, -0.02538], [29.7535, -0.03009], [29.74667, -0.03668], [29.74448, -0.04113], [29.74574, -0.04814], [29.74956, -0.05352], [29.75427, -0.05608], [29.75806, -0.06638], [29.75776, -0.06728], [29.75774, -0.06731], [29.75584, -0.06964], [29.75471, -0.07077], [29.75269, -0.07154], [29.75081, -0.07309], [29.7486, -0.0737], [29.74809, -0.07399], [29.748, -0.07433], [29.74856, -0.07474], [29.7527, -0.07685], [29.75286, -0.07736], [29.75261, -0.07786], [29.74596, -0.0746], [29.74257, -0.0737], [29.73979, -0.07314], [29.73631, -0.07281], [29.73321, -0.07277], [29.72921, -0.07333], [29.72651, -0.07327], [29.72545, -0.07449], [29.72452, -0.07463], [29.71959, -0.07323], [29.71652, -0.07282], [29.71521, -0.0725], [29.71283, -0.07157], [29.70954, -0.06945], [29.70725, -0.06863], [29.70658, -0.06868], [29.70552, -0.06949], [29.70412, -0.0677], [29.70365, -0.06805], [29.70285, -0.06794], [29.70248, -0.06677], [29.70187, -0.06597], [29.70128, -0.0663], [29.69932, -0.06812], [29.69713, -0.06876], [29.69675, -0.06965], [29.69671, -0.07089], [29.6973, -0.07133], [29.69786, -0.07155], [29.70026, -0.07188], [29.70188, -0.0719], [29.70468, -0.07154], [29.70511, -0.07189], [29.70456, -0.0727], [29.70368, -0.07305], [29.70018, -0.07312], [29.69885, -0.07333], [29.69807, -0.07385], [29.69719, -0.07521], [29.69661, -0.07555], [29.69657, -0.07754], [29.6963, -0.07888], [29.69362, -0.08193], [29.69283, -0.08301], [29.69184, -0.08598], [29.68969, -0.08893], [29.68903, -0.091], [29.687, -0.09435], [29.68642, -0.09617], [29.68479, -0.09777], [29.68321, -0.09997], [29.68299, -0.10061], [29.68272, -0.10276], [29.68142, -0.10449], [29.67836, -0.1076], [29.67648, -0.10891], [29.67424, -0.11018], [29.67095, -0.11172], [29.66719, -0.11324], [29.66, -0.1155], [29.65766, -0.11657], [29.65494, -0.11806], [29.65401, -0.11904], [29.65239, -0.12185], [29.65007, -0.12392], [29.64738, -0.12597], [29.645, -0.12752], [29.64301, -0.12869], [29.64142, -0.12939], [29.64001, -0.12975], [29.6365, -0.13017], [29.63234, -0.13129], [29.63059, -0.13128], [29.6249, -0.13294], [29.62168, -0.13308], [29.61986, -0.13356], [29.61559, -0.13409], [29.61382, -0.13477], [29.60903, -0.13724], [29.60799, -0.13751], [29.60704, -0.13749], [29.60482, -0.13694], [29.59913, -0.13776], [29.59854, -0.13717], [29.59664, -0.13681], [29.59462, -0.13634], [29.59188, -0.13693], [29.58938, -0.13836], [29.58772, -0.14026], [29.58605, -0.13943], [29.58391, -0.13777], [29.58213, -0.13646], [29.5801, -0.13551], [29.57546, -0.13467], [29.57237, -0.13336], [29.57142, -0.13098], [29.57011, -0.12896], [29.5694, -0.12658], [29.56844, -0.12504], [29.56809, -0.12266], [29.56856, -0.1204], [29.56951, -0.11825], [29.57106, -0.11766], [29.57213, -0.11814], [29.57368, -0.11873], [29.57499, -0.11802], [29.57653, -0.11683], [29.57749, -0.1154], [29.57868, -0.1135], [29.57951, -0.11147], [29.58022, -0.10969], [29.58141, -0.10778], [29.58272, -0.10612], [29.58486, -0.10588], [29.58593, -0.10659], [29.587, -0.10659], [29.58831, -0.10659], [29.58962, -0.10588], [29.59224, -0.10469], [29.59331, -0.10326], [29.59438, -0.10136], [29.59497, -0.09993], [29.59497, -0.09755], [29.59581, -0.09565], [29.59724, -0.09458], [29.59795, -0.09244], [29.59807, -0.09065], [29.59854, -0.08851], [29.59926, -0.08732], [29.6008, -0.08589], [29.60247, -0.08458], [29.60378, -0.08304], [29.60414, -0.08125], [29.60414, -0.07959], [29.60521, -0.07816], [29.6058, -0.07649], [29.60568, -0.07412], [29.6058, -0.07185], [29.60652, -0.07043], [29.60675, -0.06769], [29.60782, -0.06448], [29.60878, -0.06198], [29.61032, -0.0596], [29.6108, -0.05793], [29.61008, -0.05567], [29.61139, -0.05377], [29.61365, -0.05199], [29.61532, -0.05115], [29.61627, -0.04901], [29.61627, -0.04651], [29.61556, -0.04497], [29.61508, -0.0433], [29.6158, -0.04271], [29.61722, -0.04152], [29.61746, -0.04092], [29.61841, -0.03866], [29.61913, -0.03723], [29.61895, -0.03475], [29.61889, -0.0339], [29.61901, -0.02736], [29.61901, -0.02355], [29.61925, -0.02117], [29.61913, -0.01903], [29.61936, -0.0176], [29.62008, -0.01594], [29.62127, -0.01451], [29.62103, -0.01296], [29.62067, -0.01106], [29.62055, -0.00868], [29.6202, -0.00642], [29.61996, -0.00333], [29.62103, -0.00118], [29.62127, 0.00155], [29.62127, 0.00357], [29.6221, 0.00607], [29.62234, 0.00809], [29.62412, 0.00905], [29.62579, 0.00952], [29.62745, 0.00988], [29.62924, 0.00988], [29.63043, 0.01095], [29.6309, 0.01238], [29.6315, 0.0144], [29.63174, 0.01642], [29.63257, 0.0194], [29.63424, 0.02166], [29.63459, 0.02368], [29.63352, 0.02475], [29.63245, 0.02535], [29.63186, 0.02654], [29.63186, 0.02844], [29.63519, 0.0326], [29.63638, 0.03427], [29.63769, 0.03522], [29.63888, 0.0357], [29.63971, 0.0376], [29.64066, 0.0395], [29.6409, 0.04141], [29.64054, 0.04498], [29.64018, 0.0464], [29.64126, 0.04831], [29.6428, 0.04974], [29.64387, 0.05164], [29.64435, 0.05354], [29.64447, 0.05687], [29.64459, 0.05985], [29.64459, 0.06175], [29.64506, 0.06354], [29.64637, 0.06532], [29.64697, 0.06734], [29.64697, 0.06925], [29.64816, 0.07234], [29.6497, 0.07389], [29.65006, 0.07627], [29.65006, 0.07805], [29.64875, 0.07853], [29.64744, 0.07912], [29.64637, 0.07984], [29.64613, 0.0815], [29.64494, 0.08317], [29.6428, 0.08376], [29.64197, 0.08448], [29.64161, 0.0865], [29.6403, 0.08852], [29.63721, 0.09816], [29.63662, 0.10137], [29.63733, 0.10351], [29.63757, 0.10565], [29.63685, 0.10756], [29.6365, 0.1091], [29.63709, 0.11053], [29.63769, 0.11232], [29.63852, 0.1141], [29.6378, 0.1166], [29.63721, 0.11862], [29.63757, 0.11993], [29.6384, 0.1216], [29.63899, 0.12314], [29.63899, 0.12457], [29.63852, 0.12647], [29.63852, 0.12885], [29.63852, 0.13052], [29.63602, 0.13385], [29.63566, 0.13504], [29.63614, 0.13682], [29.63745, 0.13944], [29.63852, 0.14134], [29.6384, 0.14468], [29.63828, 0.14765], [29.63769, 0.14991], [29.63578, 0.15289], [29.63281, 0.15419], [29.63281, 0.15586], [29.63281, 0.15788], [29.63186, 0.15979], [29.63055, 0.16098], [29.63043, 0.1624], [29.63055, 0.16466], [29.63162, 0.16681], [29.63162, 0.16847], [29.6315, 0.17014], [29.63043, 0.17168], [29.62817, 0.17299], [29.62745, 0.17454], [29.62793, 0.1762], [29.62864, 0.17716], [29.63067, 0.17775], [29.63269, 0.17704], [29.63471, 0.1762], [29.63769, 0.17478], [29.63947, 0.1743], [29.64066, 0.17466], [29.64245, 0.17561], [29.64542, 0.17608], [29.64756, 0.17656], [29.64946, 0.17751], [29.65065, 0.17846], [29.65077, 0.17989], [29.65196, 0.18061], [29.65268, 0.18144], [29.65375, 0.18203], [29.65518, 0.18227], [29.65553, 0.18346], [29.65648, 0.18489], [29.65708, 0.18644], [29.65601, 0.18727], [29.6541, 0.18893], [29.6528, 0.18905], [29.65149, 0.19072], [29.65077, 0.19274], [29.64887, 0.19357], [29.6478, 0.19322], [29.64649, 0.19155], [29.64482, 0.18965], [29.64268, 0.18905], [29.64102, 0.19012], [29.6409, 0.19215], [29.6409, 0.19405], [29.64078, 0.19607], [29.63888, 0.1956], [29.63626, 0.19464], [29.63424, 0.19346], [29.63305, 0.19464], [29.63372, 0.19577], [29.63373, 0.19579], [29.63376, 0.19583], [29.63483, 0.19726], [29.63474, 0.19797], [29.63459, 0.19905], [29.63407, 0.20001], [29.63376, 0.20059], [29.6332, 0.20104], [29.63209, 0.2019], [29.62971, 0.2025], [29.62848, 0.20316], [29.62793, 0.20345], [29.62793, 0.20511], [29.62888, 0.20654], [29.62995, 0.20678], [29.6309, 0.20726], [29.63072, 0.20771], [29.63043, 0.20845], [29.62983, 0.20975], [29.63058, 0.21125], [29.63114, 0.21237], [29.63281, 0.2138], [29.63352, 0.21499], [29.63412, 0.21701], [29.6334, 0.21844], [29.63221, 0.22034], [29.6316, 0.22087], [29.63043, 0.22189], [29.63043, 0.22534], [29.63043, 0.22855], [29.62912, 0.23034], [29.62853, 0.23004], [29.62793, 0.22974], [29.62735, 0.22895], [29.62698, 0.22843], [29.62561, 0.22822], [29.62543, 0.2282], [29.62543, 0.2282], [29.62412, 0.2295], [29.62246, 0.23069], [29.62139, 0.23046], [29.61972, 0.22927], [29.61855, 0.22802], [29.61758, 0.22701], [29.61758, 0.22403], [29.61711, 0.22335], [29.61651, 0.22248], [29.61578, 0.22206], [29.61508, 0.22165], [29.61365, 0.22082], [29.61365, 0.22082], [29.61258, 0.22082], [29.61258, 0.22082], [29.61131, 0.22177], [29.61068, 0.22225], [29.61028, 0.22296], [29.60961, 0.22415], [29.60954, 0.22529], [29.60949, 0.22605], [29.60954, 0.22663], [29.60961, 0.22748], [29.61047, 0.22854], [29.61115, 0.22938], [29.61246, 0.23117], [29.61294, 0.23224], [29.61294, 0.23331], [29.61203, 0.23453], [29.61151, 0.23521], [29.61091, 0.23571], [29.60949, 0.23688], [29.60913, 0.23831], [29.60881, 0.23908], [29.6083, 0.24033], [29.60763, 0.24145], [29.60723, 0.24211], [29.60556, 0.24247], [29.60556, 0.24247], [29.60283, 0.24223], [29.6008, 0.24116], [29.60001, 0.24024], [29.59938, 0.2395], [29.59878, 0.23807], [29.59819, 0.23533], [29.59688, 0.23414], [29.59521, 0.23367], [29.59521, 0.23367], [29.59414, 0.23533], [29.59396, 0.23631], [29.59367, 0.23783], [29.59374, 0.23925], [29.59378, 0.24021], [29.5945, 0.24223], [29.59485, 0.24309], [29.59533, 0.24426], [29.59526, 0.2454], [29.59521, 0.24616], [29.59526, 0.24698], [29.59533, 0.24818], [29.5954, 0.24903], [29.59545, 0.24961], [29.59557, 0.25092], [29.59474, 0.25187], [29.59415, 0.25215], [29.59271, 0.25282], [29.59081, 0.25294], [29.59081, 0.25294], [29.58784, 0.25294], [29.58558, 0.25151], [29.58507, 0.25042], [29.58486, 0.24997], [29.58355, 0.24913], [29.58355, 0.24913], [29.58236, 0.24925], [29.57998, 0.2489], [29.57828, 0.24956], [29.57784, 0.24973], [29.57582, 0.25116], [29.57487, 0.25187], [29.57439, 0.25223], [29.57189, 0.25187], [29.57189, 0.25187], [29.56963, 0.25199], [29.56963, 0.25199], [29.56737, 0.25199], [29.56737, 0.25199], [29.56651, 0.25233], [29.56618, 0.25247], [29.56618, 0.25247], [29.56559, 0.25275], [29.56416, 0.25342], [29.56309, 0.2552], [29.56265, 0.25616], [29.56238, 0.25675], [29.56238, 0.2583], [29.56227, 0.25906], [29.56214, 0.25996], [29.56321, 0.26127], [29.56371, 0.26251], [29.56392, 0.26305], [29.5625, 0.26353], [29.56134, 0.26402], [29.56083, 0.26424], [29.56076, 0.26517], [29.56071, 0.26579], [29.56131, 0.26805], [29.56166, 0.26984], [29.56142, 0.27138], [29.56112, 0.27187], [29.56059, 0.27269], [29.56059, 0.2734], [29.56154, 0.27459], [29.56214, 0.27571], [29.56238, 0.27614], [29.56273, 0.27757], [29.56278, 0.27829], [29.56285, 0.27935], [29.56233, 0.28017], [29.56202, 0.28066], [29.56047, 0.28078], [29.56047, 0.28078], [29.5594, 0.28126], [29.55945, 0.28179], [29.55952, 0.28257], [29.55988, 0.28387], [29.55935, 0.28463], [29.55904, 0.28506], [29.559, 0.28573], [29.55893, 0.28673], [29.56023, 0.28732], [29.56119, 0.28851], [29.56166, 0.28932], [29.56202, 0.28994], [29.56499, 0.29113], [29.56569, 0.29154], [29.56642, 0.29196], [29.56511, 0.29327], [29.56476, 0.29518], [29.56443, 0.29616], [29.56404, 0.29732], [29.56404, 0.29732], [29.56404, 0.29732], [29.56571, 0.29827], [29.5654, 0.299], [29.56499, 0.29994], [29.56285, 0.29934], [29.56285, 0.29934], [29.56154, 0.30017], [29.56059, 0.30136], [29.56083, 0.30255], [29.56, 0.3035], [29.55823, 0.30457], [29.55762, 0.30493], [29.55667, 0.30672], [29.55659, 0.30743], [29.55655, 0.30791], [29.55583, 0.30898], [29.55579, 0.30945], [29.55571, 0.31017], [29.55542, 0.31104], [29.55524, 0.3116], [29.55357, 0.31219], [29.55357, 0.31219], [29.55191, 0.31219], [29.55191, 0.31219], [29.54965, 0.31255], [29.54965, 0.31255], [29.54869, 0.31374], [29.54834, 0.31552], [29.54703, 0.31683], [29.54584, 0.31802], [29.54584, 0.31933], [29.54441, 0.31957], [29.54441, 0.31957], [29.54179, 0.31957], [29.54179, 0.31957], [29.54084, 0.32076], [29.53846, 0.32088], [29.53846, 0.32088], [29.53707, 0.32039], [29.53537, 0.3198], [29.53299, 0.31873], [29.53287, 0.31707], [29.5337, 0.31576], [29.53251, 0.3154], [29.53251, 0.3154], [29.53025, 0.31576], [29.53025, 0.31576], [29.52871, 0.31588], [29.52871, 0.31588], [29.52621, 0.31588], [29.52621, 0.31588], [29.52371, 0.31588], [29.52312, 0.31528], [29.52169, 0.31433], [29.52169, 0.31433], [29.51966, 0.31552], [29.51848, 0.31563], [29.51836, 0.31564], [29.51669, 0.31516], [29.51669, 0.31516], [29.51598, 0.31572], [29.51562, 0.316], [29.51621, 0.31766], [29.51617, 0.31814], [29.5161, 0.31885], [29.51443, 0.31921], [29.51418, 0.3197], [29.51384, 0.3204], [29.51384, 0.3204], [29.51419, 0.32147], [29.51457, 0.32185], [29.51502, 0.3223], [29.51458, 0.32312], [29.51431, 0.32361], [29.51324, 0.32504], [29.51334, 0.32577], [29.51348, 0.32682], [29.51355, 0.32817], [29.5136, 0.32908], [29.51205, 0.33027], [29.51098, 0.3317], [29.51103, 0.33228], [29.5111, 0.33313], [29.51181, 0.33384], [29.51181, 0.33384], [29.51336, 0.33396], [29.51431, 0.33503], [29.51455, 0.33717], [29.5145, 0.33798], [29.51443, 0.3392], [29.51348, 0.34062], [29.51256, 0.34177], [29.51205, 0.34241], [29.50979, 0.34348], [29.50908, 0.34503], [29.5086, 0.34528], [29.50753, 0.34586], [29.50563, 0.34574], [29.50563, 0.34574], [29.50501, 0.34562], [29.50384, 0.34538], [29.50384, 0.34538], [29.50313, 0.34622], [29.50218, 0.348], [29.50063, 0.35014], [29.50087, 0.35066], [29.50146, 0.35193], [29.5017, 0.35347], [29.50184, 0.35481], [29.50194, 0.35573], [29.5042, 0.35657], [29.50479, 0.35752], [29.50546, 0.35861], [29.50574, 0.35907], [29.50586, 0.36121], [29.50574, 0.36299], [29.50594, 0.36359], [29.50622, 0.36442], [29.50724, 0.36525], [29.50812, 0.36597], [29.50777, 0.36716], [29.50812, 0.3693], [29.51038, 0.37168], [29.51091, 0.37197], [29.51146, 0.37227], [29.51146, 0.37227], [29.51146, 0.37227], [29.513, 0.3718], [29.513, 0.3718], [29.51431, 0.37156], [29.51491, 0.37382], [29.51693, 0.37513], [29.51789, 0.3758], [29.51895, 0.37655], [29.52121, 0.37739], [29.52157, 0.37917], [29.5219, 0.38126], [29.52204, 0.38215], [29.52264, 0.38417], [29.52332, 0.38511], [29.52419, 0.38631], [29.52573, 0.3875], [29.52573, 0.3875], [29.52787, 0.38786], [29.52787, 0.38786], [29.52954, 0.38786], [29.53013, 0.39036], [29.5318, 0.39202], [29.53243, 0.39281], [29.53323, 0.39381], [29.53409, 0.39486], [29.53477, 0.39571], [29.53515, 0.39587], [29.53644, 0.39642], [29.53751, 0.39761], [29.53765, 0.39838], [29.53775, 0.39892], [29.53799, 0.40083], [29.53894, 0.40201], [29.54049, 0.40356], [29.5409, 0.40423], [29.54144, 0.40511], [29.54249, 0.40579], [29.54346, 0.40642], [29.54572, 0.40713], [29.54572, 0.40713], [29.54715, 0.40404], [29.54715, 0.40201], [29.54858, 0.4013], [29.54977, 0.40249], [29.55042, 0.40321], [29.55095, 0.4038], [29.55072, 0.4057], [29.55119, 0.40633], [29.55179, 0.40713], [29.55245, 0.40786], [29.55298, 0.40844], [29.55298, 0.40844], [29.55512, 0.40844], [29.55512, 0.40844], [29.55643, 0.40856], [29.55668, 0.40902], [29.55702, 0.40963], [29.55702, 0.41106], [29.55725, 0.41259], [29.55738, 0.41344], [29.5575, 0.41677], [29.55845, 0.41879], [29.55869, 0.41998], [29.55879, 0.42081], [29.55893, 0.422], [29.55907, 0.42327], [29.55916, 0.42414], [29.55916, 0.42414], [29.55935, 0.42417], [29.56107, 0.42438], [29.56297, 0.42307], [29.56302, 0.42255], [29.56309, 0.42176], [29.56302, 0.42056], [29.56297, 0.41974], [29.56392, 0.41843], [29.56595, 0.41736], [29.56761, 0.41736], [29.56761, 0.41736], [29.5688, 0.41558], [29.56916, 0.41615], [29.56963, 0.41689], [29.57059, 0.41796], [29.57059, 0.41796], [29.57201, 0.41831], [29.57368, 0.41986], [29.57421, 0.4205], [29.57487, 0.42129], [29.57523, 0.42367], [29.57581, 0.42426], [29.5763, 0.42474], [29.5763, 0.42474], [29.57772, 0.42486], [29.57772, 0.42486], [29.57951, 0.42486], [29.5799, 0.42516], [29.58058, 0.42569], [29.58165, 0.42724], [29.58251, 0.4283], [29.5832, 0.42914], [29.58415, 0.43021], [29.58435, 0.43095], [29.58462, 0.432], [29.58498, 0.43438], [29.58505, 0.43593], [29.5851, 0.43699], [29.58557, 0.43772], [29.58617, 0.43866], [29.58671, 0.43953], [29.58712, 0.44021], [29.58807, 0.44139], [29.58807, 0.44247], [29.58641, 0.44461], [29.58605, 0.44687], [29.587, 0.44877], [29.5872, 0.44961], [29.58748, 0.45079], [29.58803, 0.45202], [29.58843, 0.45294], [29.58831, 0.4552], [29.58831, 0.4571], [29.5884, 0.45851], [29.58855, 0.46079], [29.58937, 0.46323], [29.58974, 0.46436], [29.59069, 0.46674], [29.59152, 0.4684], [29.59319, 0.46935], [29.59521, 0.47007], [29.59526, 0.47103], [29.59533, 0.47245], [29.596, 0.47265], [29.59688, 0.47292], [29.59688, 0.47292], [29.59914, 0.47292], [29.59914, 0.47292], [29.6008, 0.47304], [29.60141, 0.47341], [29.60199, 0.47376], [29.60354, 0.47471], [29.60354, 0.47471], [29.60473, 0.47483], [29.60473, 0.47483], [29.60675, 0.47471], [29.60675, 0.47471], [29.60913, 0.4753], [29.60969, 0.47575], [29.61032, 0.47625], [29.61032, 0.47625], [29.61187, 0.47661], [29.61187, 0.47661], [29.61437, 0.47661], [29.61486, 0.47706], [29.61556, 0.47768], [29.61639, 0.47923], [29.6171, 0.4803], [29.61841, 0.48137], [29.61889, 0.48254], [29.61925, 0.48339], [29.61948, 0.4853], [29.61948, 0.4853], [29.62309, 0.48563], [29.62329, 0.48565], [29.62329, 0.48565], [29.62841, 0.48613], [29.62945, 0.48543], [29.62983, 0.48518], [29.63174, 0.48518], [29.63459, 0.48625], [29.63662, 0.48699], [29.63911, 0.48791], [29.63911, 0.48791], [29.64185, 0.48791], [29.64185, 0.48791], [29.64411, 0.48708], [29.64744, 0.48625], [29.64744, 0.48625], [29.64958, 0.48601], [29.65027, 0.48773], [29.65077, 0.48898], [29.65291, 0.49279], [29.65399, 0.49612], [29.65479, 0.49698], [29.65577, 0.49803], [29.65798, 0.50444], [29.65958, 0.50909], [29.65744, 0.5098], [29.65577, 0.50933], [29.6551, 0.50912], [29.65422, 0.50885], [29.65422, 0.50885], [29.65054, 0.50921], [29.64744, 0.51064], [29.64625, 0.51242], [29.64649, 0.51468], [29.64839, 0.51552], [29.64865, 0.51612], [29.64899, 0.51694], [29.64839, 0.51785], [29.64804, 0.51837], [29.6472, 0.51992], [29.64646, 0.52103], [29.64601, 0.5217], [29.64609, 0.52546], [29.64613, 0.52801], [29.64685, 0.52979], [29.64708, 0.53193], [29.64816, 0.53227], [29.64899, 0.53253], [29.64975, 0.53317], [29.65042, 0.53372], [29.6523, 0.53763], [29.65482, 0.54288], [29.65565, 0.54431], [29.65886, 0.54431], [29.65993, 0.54335], [29.65998, 0.54279], [29.66005, 0.54193], [29.66057, 0.54082], [29.66089, 0.54014], [29.66279, 0.53943], [29.66469, 0.53943], [29.66529, 0.54109], [29.66581, 0.54187], [29.66648, 0.54288], [29.66655, 0.54365], [29.6666, 0.54419], [29.6666, 0.54538], [29.66636, 0.54704], [29.66469, 0.5499], [29.66529, 0.55109], [29.66554, 0.55155], [29.66588, 0.55216], [29.66588, 0.55216], [29.66779, 0.5524], [29.66779, 0.5524], [29.66945, 0.55275], [29.67076, 0.55347], [29.67117, 0.55422], [29.67147, 0.55478], [29.67143, 0.55535], [29.67136, 0.5562], [29.67106, 0.55694], [29.67088, 0.55739], [29.67109, 0.55771], [29.67136, 0.55811], [29.67136, 0.55811], [29.67136, 0.55811], [29.67245, 0.5576], [29.6729, 0.55739], [29.6729, 0.55739], [29.67445, 0.5568], [29.67445, 0.5568], [29.676, 0.55632], [29.67754, 0.55632], [29.67849, 0.55727], [29.67719, 0.55858], [29.67695, 0.56108], [29.67754, 0.56263], [29.67659, 0.56322], [29.67433, 0.56322], [29.67433, 0.56322], [29.67338, 0.56394], [29.67345, 0.56471], [29.6735, 0.56525], [29.67421, 0.56703], [29.67421, 0.56703], [29.67543, 0.56714], [29.67586, 0.56731], [29.67624, 0.56747], [29.67647, 0.56765], [29.67667, 0.5678], [29.67696, 0.56792], [29.67724, 0.56804], [29.67724, 0.56804], [29.67795, 0.5678], [29.67795, 0.56723], [29.67762, 0.56656], [29.67735, 0.56613], [29.67714, 0.5658], [29.67719, 0.56523], [29.67771, 0.56485], [29.67771, 0.56485], [29.67823, 0.56499], [29.67857, 0.56509], [29.67857, 0.56509], [29.67967, 0.56523], [29.67967, 0.56523], [29.68038, 0.56537], [29.68038, 0.56537], [29.6809, 0.56523], [29.6809, 0.56523], [29.68162, 0.56518], [29.6819, 0.56542], [29.6819, 0.56542], [29.68223, 0.56504], [29.68223, 0.56504], [29.68271, 0.56485], [29.68271, 0.56485], [29.68352, 0.56485], [29.68368, 0.56477], [29.68409, 0.56457], [29.68398, 0.56426], [29.6839, 0.56404], [29.68347, 0.56414], [29.68347, 0.56414], [29.6829, 0.56414], [29.6829, 0.56414], [29.68266, 0.56357], [29.68285, 0.563], [29.68319, 0.56214], [29.68361, 0.56171], [29.68366, 0.56047], [29.68419, 0.55966], [29.68419, 0.55966], [29.68445, 0.55989], [29.68476, 0.56014], [29.68571, 0.56014], [29.68571, 0.56014], [29.68563, 0.55978], [29.68557, 0.55952], [29.68514, 0.5589], [29.68557, 0.55814], [29.68593, 0.55781], [29.68609, 0.55767], [29.68649, 0.55778], [29.68709, 0.55795], [29.68709, 0.55795], [29.6878, 0.55771], [29.68799, 0.55753], [29.68833, 0.55719], [29.68833, 0.55719], [29.68887, 0.55751], [29.68937, 0.55781], [29.69004, 0.55843], [29.69066, 0.5589], [29.69066, 0.5589], [29.69113, 0.55876], [29.69109, 0.558], [29.69109, 0.558], [29.69116, 0.55799], [29.69161, 0.5579], [29.69161, 0.5579], [29.69199, 0.55824], [29.69232, 0.55852], [29.69232, 0.55852], [29.69241, 0.5584], [29.69256, 0.55819], [29.69256, 0.55757], [29.6923, 0.55722], [29.69209, 0.55695], [29.69247, 0.55648], [29.69247, 0.55648], [29.69252, 0.55648], [29.69309, 0.55652], [29.6937, 0.55614], [29.69399, 0.55671], [29.69427, 0.55714], [29.69428, 0.55714], [29.69441, 0.55711], [29.69513, 0.55695], [29.69516, 0.55643], [29.69518, 0.55609], [29.69504, 0.55552], [29.69506, 0.55534], [29.69508, 0.55505], [29.69594, 0.55524], [29.69637, 0.55557], [29.69723, 0.55524], [29.6976, 0.55555], [29.69784, 0.55576], [29.69784, 0.55576], [29.69851, 0.55557], [29.69895, 0.55535], [29.69908, 0.55529], [29.69908, 0.55529], [29.69975, 0.55586], [29.69975, 0.55586], [29.6998, 0.55657], [29.69984, 0.55709], [29.69992, 0.55726], [29.70003, 0.55747], [29.70003, 0.55747], [29.7006, 0.557], [29.70094, 0.55709], [29.70146, 0.55724], [29.70203, 0.55771], [29.70203, 0.55771], [29.70275, 0.55771], [29.70282, 0.55749], [29.70294, 0.55714], [29.7026, 0.55667], [29.70269, 0.55646], [29.70279, 0.55619], [29.70311, 0.55601], [29.70322, 0.55595], [29.70322, 0.55543], [29.70327, 0.5549], [29.70283, 0.55446], [29.7027, 0.55433], [29.70303, 0.55343], [29.70303, 0.55343], [29.70379, 0.55343], [29.70379, 0.55343], [29.70479, 0.55343], [29.70532, 0.55381], [29.70593, 0.554], [29.70593, 0.554], [29.70727, 0.55305], [29.70727, 0.55305], [29.7074, 0.5531], [29.70793, 0.55329], [29.70793, 0.55329], [29.70793, 0.55386], [29.70741, 0.55433], [29.70766, 0.55476], [29.70774, 0.5549], [29.7084, 0.55486], [29.70846, 0.55486], [29.70846, 0.55486], [29.70908, 0.55438], [29.70941, 0.55395], [29.70941, 0.55305], [29.70979, 0.5531], [29.70979, 0.5531], [29.70985, 0.55349], [29.70988, 0.55376], [29.70988, 0.55376], [29.71055, 0.55362], [29.71115, 0.55391], [29.71174, 0.55419], [29.71203, 0.5545], [29.71226, 0.55476], [29.71312, 0.55495], [29.71288, 0.55419], [29.71267, 0.55398], [29.71241, 0.55372], [29.71198, 0.55329], [29.7125, 0.55272], [29.7125, 0.55272], [29.71341, 0.55272], [29.71341, 0.55272], [29.714, 0.55281], [29.71426, 0.55286], [29.71426, 0.55286], [29.71493, 0.55338], [29.71569, 0.55357], [29.71569, 0.55357], [29.71636, 0.55329], [29.71702, 0.55319], [29.71707, 0.55267], [29.71685, 0.55245], [29.71659, 0.55219], [29.71664, 0.55138], [29.71726, 0.55086], [29.71766, 0.55102], [29.71812, 0.55119], [29.71803, 0.55145], [29.71788, 0.55186], [29.71793, 0.55234], [29.71855, 0.55272], [29.71875, 0.55287], [29.71893, 0.553], [29.71893, 0.553], [29.71978, 0.55305], [29.71978, 0.55305], [29.71988, 0.55253], [29.71974, 0.55228], [29.71964, 0.5521], [29.71982, 0.55195], [29.72016, 0.55167], [29.72016, 0.55105], [29.72012, 0.55048], [29.72016, 0.54996], [29.72102, 0.54986], [29.72121, 0.54929], [29.72138, 0.54918], [29.72173, 0.54896], [29.72235, 0.54877], [29.72237, 0.5485], [29.7224, 0.5481], [29.72216, 0.54767], [29.72197, 0.54734], [29.72159, 0.54667], [29.72197, 0.54629], [29.72215, 0.54597], [29.72245, 0.54543], [29.72326, 0.54529], [29.7236, 0.5456], [29.72402, 0.54596], [29.72417, 0.54606], [29.7243, 0.54615], [29.72492, 0.54648], [29.72545, 0.54691], [29.7257, 0.54719], [29.72602, 0.54753], [29.72622, 0.54759], [29.72649, 0.54767], [29.72649, 0.54767], [29.72657, 0.54766], [29.72697, 0.54758], [29.72697, 0.54758], [29.72734, 0.54769], [29.72787, 0.54786], [29.72787, 0.54786], [29.72844, 0.54758], [29.72844, 0.54758], [29.72897, 0.54758], [29.72897, 0.54758], [29.72941, 0.54807], [29.72978, 0.54848], [29.72978, 0.54848], [29.72993, 0.5482], [29.7302, 0.54772], [29.73034, 0.54765], [29.73078, 0.54743], [29.73073, 0.54726], [29.73054, 0.54658], [29.73061, 0.54619], [29.73068, 0.54582], [29.7311, 0.5461], [29.7313, 0.54624], [29.7313, 0.54624], [29.73178, 0.54629], [29.73211, 0.54739], [29.73211, 0.54739], [29.73213, 0.54738], [29.73287, 0.54729], [29.73334, 0.54709], [29.73354, 0.54701], [29.73406, 0.54724], [29.73439, 0.54743], [29.73473, 0.54762], [29.73511, 0.54805], [29.73544, 0.54877], [29.73634, 0.54905], [29.73753, 0.549], [29.73753, 0.54853], [29.73725, 0.54842], [29.73701, 0.54834], [29.73677, 0.54791], [29.73677, 0.54791], [29.73596, 0.54786], [29.73596, 0.54786], [29.73602, 0.54764], [29.73611, 0.54729], [29.73619, 0.54694], [29.73625, 0.54672], [29.73596, 0.5461], [29.73587, 0.54548], [29.73602, 0.5453], [29.73611, 0.5452], [29.73672, 0.54524], [29.73672, 0.54524], [29.737, 0.54547], [29.73725, 0.54567], [29.73725, 0.54567], [29.73782, 0.54567], [29.73844, 0.5451], [29.73844, 0.5451], [29.73856, 0.54508], [29.73934, 0.54491], [29.73926, 0.54455], [29.7392, 0.54429], [29.73953, 0.54367], [29.73977, 0.54282], [29.73977, 0.54225], [29.73971, 0.54211], [29.73963, 0.54191], [29.7396, 0.54124], [29.73958, 0.54077], [29.73953, 0.5402], [29.73959, 0.53996], [29.73968, 0.53958], [29.74001, 0.53877], [29.73925, 0.53801], [29.73885, 0.53823], [29.73872, 0.5383], [29.73854, 0.53857], [29.73844, 0.53872], [29.73796, 0.53892], [29.73796, 0.53892], [29.73744, 0.53877], [29.73744, 0.53877], [29.73721, 0.53873], [29.73658, 0.53863], [29.73682, 0.53806], [29.73791, 0.53739], [29.73808, 0.53702], [29.73834, 0.53639], [29.7384, 0.53602], [29.73844, 0.53577], [29.73842, 0.53554], [29.73839, 0.5352], [29.73826, 0.53502], [29.73815, 0.53487], [29.73777, 0.53466], [29.73739, 0.53444], [29.73701, 0.53406], [29.73772, 0.53354], [29.7383, 0.53278], [29.73848, 0.53263], [29.73868, 0.53249], [29.73934, 0.53259], [29.73934, 0.53259], [29.74015, 0.53273], [29.74015, 0.53273], [29.74077, 0.53259], [29.74106, 0.53173], [29.74148, 0.53125], [29.74239, 0.53054], [29.7427, 0.53017], [29.74286, 0.52997], [29.74358, 0.52978], [29.74358, 0.52978], [29.74391, 0.53011], [29.74426, 0.53024], [29.74467, 0.5304], [29.74496, 0.52964], [29.7451, 0.52906], [29.74501, 0.52845], [29.74499, 0.52803], [29.74497, 0.5274], [29.74514, 0.52643], [29.74669, 0.52637], [29.74785, 0.52689], [29.74836, 0.52758], [29.74836, 0.52758], [29.74934, 0.52694], [29.75, 0.52744], [29.75073, 0.52798], [29.75217, 0.52879], [29.75297, 0.5289], [29.75424, 0.52959], [29.75436, 0.52986], [29.75464, 0.53052], [29.75547, 0.53112], [29.75568, 0.53126], [29.75587, 0.5318], [29.75614, 0.53253], [29.75575, 0.53328], [29.75551, 0.53374], [29.75603, 0.53443], [29.75729, 0.53501], [29.75764, 0.53593], [29.75764, 0.53708], [29.75781, 0.53806], [29.75801, 0.53818], [29.75891, 0.53869], [29.75942, 0.53979], [29.75952, 0.53977], [29.76017, 0.53967], [29.76017, 0.53967], [29.76021, 0.53981], [29.76052, 0.54083], [29.76154, 0.54088], [29.76161, 0.54088], [29.76242, 0.54204], [29.76359, 0.54218], [29.7638, 0.54221], [29.7638, 0.54221], [29.76439, 0.54277], [29.7649, 0.54325], [29.76582, 0.54417], [29.76686, 0.54486], [29.76686, 0.54486], [29.76841, 0.54474], [29.76841, 0.54474], [29.76893, 0.54496], [29.7695, 0.5452], [29.77008, 0.54561], [29.77008, 0.54561], [29.77146, 0.5448], [29.77204, 0.54607], [29.77279, 0.54653], [29.77394, 0.54716], [29.7743, 0.54771], [29.77457, 0.54814], [29.77503, 0.54935], [29.77558, 0.5499], [29.77624, 0.55056], [29.77663, 0.55101], [29.77694, 0.55137], [29.77768, 0.55223], [29.77809, 0.55275], [29.77866, 0.55287], [29.77947, 0.55315], [29.78062, 0.55431], [29.78132, 0.5549], [29.78212, 0.55557], [29.78289, 0.55643], [29.7835, 0.55713], [29.78535, 0.55874], [29.7856, 0.55914], [29.78592, 0.55966], [29.78668, 0.56007], [29.78742, 0.56047], [29.7888, 0.56081], [29.7902, 0.56103], [29.79065, 0.5611], [29.79065, 0.5611], [29.79226, 0.56116], [29.79226, 0.56116], [29.79267, 0.56154], [29.79301, 0.56185], [29.79324, 0.56271], [29.79358, 0.56393], [29.79362, 0.5651], [29.79364, 0.56588], [29.79388, 0.56672], [29.79439, 0.56848], [29.79473, 0.57009], [29.79487, 0.57094], [29.79497, 0.57153], [29.7955, 0.57219], [29.79594, 0.57274], [29.79594, 0.57274], [29.79629, 0.57424], [29.79756, 0.57562], [29.79828, 0.57585], [29.79882, 0.57602], [29.79937, 0.57648], [29.79986, 0.57689], [29.80022, 0.57716], [29.80061, 0.57746], [29.80113, 0.57879], [29.80113, 0.57879], [29.80038, 0.57948], [29.80043, 0.57983], [29.8005, 0.58034], [29.8005, 0.58132], [29.8005, 0.58219], [29.8006, 0.5828], [29.80067, 0.58322], [29.80104, 0.58357], [29.80147, 0.58397], [29.80164, 0.58396], [29.80338, 0.58386], [29.80411, 0.58371], [29.80424, 0.58368], [29.80424, 0.58368], [29.80462, 0.58413], [29.80493, 0.58449], [29.80539, 0.58472], [29.80585, 0.58495], [29.80627, 0.58557], [29.8066, 0.58604], [29.8066, 0.58685], [29.80712, 0.58772], [29.80744, 0.58796], [29.80781, 0.58823], [29.80833, 0.58845], [29.80891, 0.58869], [29.80916, 0.58903], [29.80948, 0.58944], [29.81098, 0.59073], [29.81155, 0.59236], [29.81199, 0.59341], [29.81232, 0.59418], [29.81423, 0.59514], [29.8151, 0.59715], [29.81589, 0.59794], [29.81654, 0.59859], [29.81769, 0.60022], [29.81813, 0.60135], [29.81874, 0.6029], [29.81951, 0.603], [29.82037, 0.60243], [29.82114, 0.60396], [29.82186, 0.60486], [29.82277, 0.60597], [29.82305, 0.60779], [29.82403, 0.60862], [29.82488, 0.60933], [29.8266, 0.61105], [29.82746, 0.61297], [29.82928, 0.61479], [29.83091, 0.61604], [29.83091, 0.61604], [29.83398, 0.61623], [29.83398, 0.61623]]]}}, {"type": "Feature", "properties": {"zone": "Tshopo", "province": "Tshopo", "confirmed_cases": 2, "confirmed_deaths": 0}, "geometry": {"type": "Polygon", "coordinates": [[[25.37113, 0.84738], [25.36957, 0.83657], [25.37233, 0.83014], [25.37168, 0.82164], [25.37285, 0.81658], [25.37697, 0.80993], [25.37424, 0.80441], [25.37443, 0.80394], [25.37447, 0.80383], [25.37463, 0.8034], [25.37475, 0.80309], [25.37545, 0.80127], [25.37625, 0.7992], [25.37954, 0.79063], [25.37728, 0.7858], [25.36816, 0.78094], [25.36203, 0.77127], [25.35338, 0.76572], [25.35135, 0.75951], [25.35679, 0.74897], [25.35679, 0.74011], [25.35746, 0.73275], [25.35902, 0.72215], [25.38006, 0.70698], [25.38237, 0.70711], [25.3844, 0.70722], [25.38783, 0.70512], [25.38782, 0.70512], [25.38204, 0.70156], [25.37442, 0.69773], [25.36299, 0.69262], [25.3541, 0.68111], [25.34267, 0.66833], [25.33188, 0.65747], [25.30331, 0.61528], [25.29499, 0.57086], [25.28628, 0.5817], [25.2751, 0.59679], [25.17092, 0.58789], [25.17092, 0.58789], [25.16776, 0.59372], [25.16259, 0.60407], [25.16, 0.61395], [25.15977, 0.62524], [25.16118, 0.63936], [25.16118, 0.645], [25.15943, 0.64785], [25.19194, 0.65952], [25.21354, 0.67489], [25.2278, 0.68784], [25.23327, 0.70093], [25.23315, 0.70089], [25.25005, 0.74214], [25.2516, 0.74345], [25.25415, 0.74561], [25.25708, 0.7555], [25.25456, 0.76834], [25.2575, 0.77879], [25.27675, 0.78781], [25.27674, 0.79079], [25.28149, 0.79672], [25.29754, 0.83471], [25.29861, 0.83726], [25.29862, 0.83726], [25.30029, 0.84116], [25.30218, 0.8456], [25.30293, 0.84737], [25.30807, 0.85944], [25.32697, 0.90381], [25.33108, 0.9135], [25.34255, 0.94104], [25.34921, 0.95704], [25.35513, 0.96073], [25.35684, 0.9618], [25.35923, 0.96329], [25.36837, 0.96197], [25.38043, 0.92947], [25.37792, 0.92877], [25.3736, 0.92416], [25.36817, 0.91127], [25.36593, 0.89839], [25.35889, 0.88848], [25.35662, 0.88204], [25.36996, 0.85427], [25.37113, 0.84738]]]}}, {"type": "Feature", "properties": {"zone": "Viadana", "province": "Bas-Uele", "confirmed_cases": 6, "confirmed_deaths": 1}, "geometry": {"type": "Polygon", "coordinates": [[[27.19656, 3.82349], [27.20206, 3.82212], [27.2197, 3.82306], [27.22932, 3.82537], [27.2394, 3.83068], [27.24649, 3.83713], [27.25152, 3.85325], [27.25449, 3.85671], [27.25449, 3.85671], [27.2545, 3.85671], [27.2545, 3.85671], [27.27626, 3.85167], [27.27627, 3.85167], [27.28674, 3.84488], [27.28674, 3.84487], [27.28674, 3.84487], [27.28796, 3.84409], [27.28867, 3.8432], [27.28867, 3.8432], [27.2887, 3.84316], [27.28884, 3.84299], [27.29061, 3.84076], [27.2953, 3.83489], [27.30334, 3.82085], [27.31022, 3.81396], [27.31734, 3.80038], [27.32261, 3.79463], [27.32261, 3.79463], [27.32506, 3.78955], [27.32904, 3.78129], [27.33434, 3.75528], [27.33663, 3.75506], [27.33794, 3.74435], [27.33819, 3.74229], [27.3382, 3.74223], [27.33821, 3.74209], [27.33835, 3.74097], [27.33848, 3.73987], [27.33853, 3.73976], [27.33902, 3.73874], [27.33927, 3.73819], [27.33937, 3.73798], [27.34239, 3.73158], [27.34153, 3.72988], [27.34132, 3.72947], [27.33293, 3.71293], [27.33391, 3.69663], [27.32164, 3.65469], [27.32736, 3.64598], [27.33116, 3.64304], [27.34635, 3.64088], [27.36251, 3.63008], [27.36727, 3.6233], [27.36922, 3.59166], [27.36925, 3.57633], [27.37049, 3.56913], [27.37073, 3.56771], [27.37104, 3.56594], [27.37144, 3.56361], [27.37405, 3.54847], [27.36742, 3.539], [27.3548, 3.52507], [27.3548, 3.52507], [27.3371, 3.505], [27.33315, 3.49917], [27.33289, 3.49879], [27.33266, 3.49876], [27.33264, 3.49842], [27.31911, 3.47847], [27.31682, 3.46995], [27.31346, 3.45749], [27.30077, 3.45209], [27.29828, 3.45103], [27.29735, 3.43955], [27.29701, 3.43804], [27.2968, 3.43712], [27.29652, 3.43589], [27.29453, 3.42714], [27.28031, 3.413], [27.28508, 3.40046], [27.28608, 3.37266], [27.27473, 3.33745], [27.27456, 3.33695], [27.27286, 3.33168], [27.2539, 3.32049], [27.2435, 3.2967], [27.24638, 3.27749], [27.25872, 3.27729], [27.2739, 3.28279], [27.2834, 3.2788], [27.28816, 3.27106], [27.29389, 3.2518], [27.30035, 3.22721], [27.30928, 3.22561], [27.31339, 3.23413], [27.31797, 3.23874], [27.32689, 3.24013], [27.32942, 3.23691], [27.32874, 3.23115], [27.33035, 3.22425], [27.33287, 3.22172], [27.33402, 3.22282], [27.34087, 3.22933], [27.35255, 3.2298], [27.35827, 3.23487], [27.36101, 3.24592], [27.36466, 3.24938], [27.37268, 3.25192], [27.37726, 3.24709], [27.38161, 3.24893], [27.38825, 3.24595], [27.39146, 3.24595], [27.39351, 3.2494], [27.39214, 3.25378], [27.38458, 3.25837], [27.38297, 3.26182], [27.38388, 3.26436], [27.39532, 3.27127], [27.40379, 3.27404], [27.4054, 3.27013], [27.40335, 3.2623], [27.40404, 3.25747], [27.41137, 3.25126], [27.41733, 3.25127], [27.42099, 3.25288], [27.42488, 3.25749], [27.42533, 3.26417], [27.4237, 3.27043], [27.42119, 3.28004], [27.42188, 3.28281], [27.42554, 3.28419], [27.43722, 3.2819], [27.44363, 3.2849], [27.45713, 3.28652], [27.46011, 3.2886], [27.46216, 3.29504], [27.46124, 3.29942], [27.45597, 3.30332], [27.46238, 3.30655], [27.46696, 3.30587], [27.47086, 3.3015], [27.47315, 3.29666], [27.47156, 3.28492], [27.47317, 3.28009], [27.47638, 3.27802], [27.48004, 3.27826], [27.48324, 3.28332], [27.48714, 3.28287], [27.48988, 3.28034], [27.49102, 3.29], [27.49399, 3.29277], [27.4974, 3.29291], [27.49972, 3.293], [27.50342, 3.29659], [27.5059, 3.29899], [27.51238, 3.299], [27.5178, 3.299], [27.52353, 3.29602], [27.52628, 3.28911], [27.5288, 3.28727], [27.53773, 3.28935], [27.54176, 3.29328], [27.54505, 3.29649], [27.54872, 3.29581], [27.55101, 3.28959], [27.55308, 3.28913], [27.55856, 3.29673], [27.56429, 3.29121], [27.58078, 3.29376], [27.5881, 3.30297], [27.59038, 3.31586], [27.59081, 3.31625], [27.59244, 3.3177], [27.59363, 3.31625], [27.59885, 3.30988], [27.60893, 3.30414], [27.61191, 3.30391], [27.61407, 3.30792], [27.61407, 3.30792], [27.61626, 3.31197], [27.62011, 3.31229], [27.6245, 3.31266], [27.62702, 3.31152], [27.62954, 3.30668], [27.63618, 3.30485], [27.64535, 3.29864], [27.65771, 3.30279], [27.65771, 3.30279], [27.66189, 3.29255], [27.66548, 3.27692], [27.65509, 3.24738], [27.65625, 3.2351], [27.65783, 3.21839], [27.65792, 3.21749], [27.65979, 3.19766], [27.66046, 3.19059], [27.6609, 3.18596], [27.65618, 3.1707], [27.65343, 3.16552], [27.65294, 3.16461], [27.65292, 3.16456], [27.65046, 3.15994], [27.64861, 3.15645], [27.64674, 3.14211], [27.6601, 3.1026], [27.6478, 3.07788], [27.663, 3.0738], [27.69241, 3.0829], [27.70571, 3.07981], [27.70477, 3.07216], [27.70136, 3.0683], [27.69952, 3.06623], [27.69877, 3.06538], [27.69056, 3.0561], [27.67355, 3.01324], [27.65793, 3.00861], [27.64336, 3.00429], [27.64336, 3.00429], [27.62515, 2.99867], [27.62515, 2.99867], [27.61663, 2.99596], [27.60334, 2.9933], [27.57851, 2.98487], [27.5682, 2.99223], [27.56574, 2.99234], [27.56055, 2.99255], [27.55744, 2.99268], [27.54577, 2.98968], [27.54669, 2.9837], [27.55311, 2.9722], [27.55325, 2.97019], [27.55346, 2.96713], [27.55357, 2.96552], [27.55198, 2.95839], [27.55879, 2.95472], [27.57779, 2.94674], [27.58825, 2.94178], [27.63811, 2.92755], [27.66092, 2.91281], [27.66095, 2.89555], [27.65575, 2.87982], [27.64438, 2.86754], [27.63727, 2.86382], [27.62323, 2.86246], [27.61069, 2.86473], [27.60263, 2.85959], [27.60264, 2.8548], [27.60267, 2.85438], [27.60267, 2.85438], [27.60267, 2.85438], [27.60331, 2.84521], [27.60361, 2.84088], [27.60367, 2.8407], [27.60503, 2.83596], [27.60566, 2.83379], [27.60791, 2.82595], [27.6046, 2.81882], [27.59464, 2.81946], [27.58516, 2.82357], [27.58086, 2.82543], [27.57628, 2.8272], [27.57338, 2.82832], [27.57338, 2.82832], [27.57307, 2.82844], [27.56661, 2.83094], [27.55968, 2.83571], [27.55806, 2.83683], [27.53667, 2.8506], [27.52861, 2.84737], [27.52245, 2.84172], [27.51973, 2.83381], [27.51973, 2.83381], [27.51973, 2.8338], [27.51972, 2.8338], [27.51867, 2.83076], [27.51836, 2.82301], [27.51823, 2.81639], [27.513, 2.81647], [27.50731, 2.81704], [27.49972, 2.81525], [27.49972, 2.81143], [27.49973, 2.8098], [27.49973, 2.8098], [27.49973, 2.80758], [27.50496, 2.80174], [27.50641, 2.79069], [27.50404, 2.78881], [27.4879, 2.78908], [27.47509, 2.78257], [27.46089, 2.76123], [27.45092, 2.76427], [27.44, 2.76828], [27.42435, 2.75895], [27.40395, 2.75209], [27.39494, 2.74984], [27.38405, 2.7366], [27.37313, 2.73629], [27.36173, 2.74031], [27.34416, 2.74923], [27.32743, 2.75381], [27.3201, 2.75955], [27.31014, 2.77043], [27.30935, 2.7713], [27.30935, 2.7713], [27.3093, 2.77135], [27.30453, 2.77657], [27.28598, 2.78783], [27.27199, 2.80783], [27.26947, 2.81496], [27.26122, 2.82025], [27.25732, 2.826], [27.2525, 2.83773], [27.24678, 2.84394], [27.23922, 2.84692], [27.23235, 2.85174], [27.22319, 2.85404], [27.21769, 2.85932], [27.20423, 2.86725], [27.19876, 2.87046], [27.19662, 2.87172], [27.19622, 2.87273], [27.21546, 2.87681], [27.21777, 2.93699], [27.22022, 3.00076], [27.19242, 3.05105], [27.21524, 3.10935], [27.18989, 3.15752], [27.18067, 3.17503], [27.10624, 3.21328], [27.06988, 3.23196], [27.09977, 3.29012], [27.0961, 3.3527], [27.12905, 3.39832], [27.11891, 3.46676], [27.08342, 3.51746], [27.07582, 3.56309], [27.08092, 3.59494], [27.08087, 3.59495], [27.08087, 3.59495], [27.08007, 3.59516], [27.07926, 3.59515], [27.07819, 3.59513], [27.07684, 3.59511], [27.07625, 3.59574], [27.07527, 3.5968], [27.0749, 3.59719], [27.07449, 3.59763], [27.07314, 3.59908], [27.07314, 3.59908], [27.07282, 3.59926], [27.07203, 3.59971], [27.07178, 3.60011], [27.07144, 3.60068], [27.07085, 3.60164], [27.06979, 3.60338], [27.06951, 3.60444], [27.06908, 3.60545], [27.06877, 3.60596], [27.06851, 3.60639], [27.06781, 3.60724], [27.06781, 3.60724], [27.067, 3.60797], [27.06636, 3.60892], [27.06636, 3.60892], [27.06587, 3.60995], [27.06554, 3.61105], [27.06538, 3.61218], [27.06539, 3.61273], [27.0654, 3.61332], [27.06572, 3.61414], [27.06583, 3.61461], [27.06591, 3.615], [27.06597, 3.61588], [27.06594, 3.61628], [27.0659, 3.61676], [27.06575, 3.61741], [27.0657, 3.61762], [27.0657, 3.61762], [27.06333, 3.62009], [27.0623, 3.62077], [27.06055, 3.62192], [27.05956, 3.62317], [27.05913, 3.62342], [27.05869, 3.6236], [27.05867, 3.62361], [27.05867, 3.62361], [27.05818, 3.62373], [27.05768, 3.62376], [27.05718, 3.62373], [27.05669, 3.62361], [27.05669, 3.62361], [27.05665, 3.62359], [27.05623, 3.62342], [27.0558, 3.62317], [27.05475, 3.62317], [27.05379, 3.62365], [27.0535, 3.62466], [27.05124, 3.63259], [27.05362, 3.63347], [27.05497, 3.63398], [27.05596, 3.63455], [27.05918, 3.6364], [27.06046, 3.63733], [27.06081, 3.63759], [27.0626, 3.6395], [27.0626, 3.6395], [27.0653, 3.6443], [27.0653, 3.6443], [27.06669, 3.64649], [27.06923, 3.65181], [27.06918, 3.65312], [27.06945, 3.65438], [27.06959, 3.65503], [27.07003, 3.65705], [27.06995, 3.65885], [27.07016, 3.65923], [27.0705, 3.65987], [27.07149, 3.66171], [27.07225, 3.66313], [27.07323, 3.66426], [27.07431, 3.66551], [27.07606, 3.66826], [27.07752, 3.67056], [27.07793, 3.67278], [27.07836, 3.67515], [27.07878, 3.67629], [27.07908, 3.67711], [27.08095, 3.68219], [27.08234, 3.68537], [27.08234, 3.68537], [27.08277, 3.68708], [27.08312, 3.68755], [27.08456, 3.68954], [27.08597, 3.69056], [27.08597, 3.69056], [27.08702, 3.69176], [27.08817, 3.69307], [27.08817, 3.69307], [27.08984, 3.69597], [27.09072, 3.69712], [27.09134, 3.69767], [27.09234, 3.69855], [27.09272, 3.6991], [27.09344, 3.70015], [27.09385, 3.70118], [27.09385, 3.70118], [27.09433, 3.70241], [27.09481, 3.70361], [27.09501, 3.70411], [27.09501, 3.70411], [27.0962, 3.70542], [27.09787, 3.7063], [27.09894, 3.70658], [27.10017, 3.70586], [27.10017, 3.70586], [27.1007, 3.70584], [27.1018, 3.70578], [27.10286, 3.70608], [27.10362, 3.7063], [27.10601, 3.70767], [27.10728, 3.70802], [27.10795, 3.7082], [27.10855, 3.70837], [27.11026, 3.70884], [27.1132, 3.71063], [27.11581, 3.71253], [27.11581, 3.71253], [27.11756, 3.71424], [27.12042, 3.71702], [27.12269, 3.71824], [27.12428, 3.71821], [27.12654, 3.71817], [27.12765, 3.71746], [27.13249, 3.71589], [27.13408, 3.71551], [27.13636, 3.71497], [27.13681, 3.71462], [27.13758, 3.71404], [27.13956, 3.71255], [27.14083, 3.71158], [27.14125, 3.71084], [27.14148, 3.71043], [27.14229, 3.709], [27.14298, 3.70779], [27.14298, 3.70779], [27.14374, 3.70646], [27.14441, 3.70527], [27.14641, 3.70425], [27.14688, 3.70381], [27.14715, 3.70356], [27.14779, 3.70296], [27.1485, 3.70229], [27.14899, 3.70096], [27.14952, 3.70066], [27.14993, 3.70042], [27.15081, 3.69992], [27.15125, 3.69967], [27.15181, 3.69914], [27.15283, 3.6982], [27.15398, 3.69712], [27.15521, 3.69649], [27.15521, 3.69649], [27.15664, 3.69647], [27.15664, 3.69647], [27.15859, 3.69645], [27.16099, 3.69642], [27.16168, 3.6965], [27.16189, 3.69653], [27.16264, 3.69662], [27.16486, 3.69689], [27.16661, 3.69772], [27.16804, 3.69899], [27.16842, 3.69978], [27.1688, 3.70058], [27.17102, 3.70284], [27.17234, 3.70558], [27.17249, 3.70892], [27.17264, 3.71231], [27.17269, 3.71341], [27.17253, 3.71611], [27.17214, 3.71826], [27.17214, 3.71826], [27.17118, 3.71992], [27.17088, 3.72044], [27.17008, 3.72182], [27.16987, 3.72334], [27.16974, 3.72427], [27.16951, 3.72592], [27.16852, 3.72909], [27.16806, 3.73002], [27.16745, 3.73128], [27.16633, 3.73291], [27.16633, 3.73291], [27.16467, 3.73465], [27.16427, 3.73575], [27.16375, 3.73722], [27.16253, 3.74271], [27.16311, 3.74565], [27.16359, 3.74812], [27.1638, 3.7492], [27.16396, 3.75003], [27.16518, 3.75286], [27.16671, 3.75639], [27.16809, 3.76216], [27.16809, 3.76216], [27.16904, 3.77137], [27.16904, 3.77137], [27.1692, 3.77481], [27.16883, 3.77698], [27.16697, 3.78061], [27.16601, 3.78259], [27.16523, 3.7852], [27.16451, 3.78658], [27.16336, 3.78879], [27.16234, 3.79026], [27.16084, 3.79132], [27.15941, 3.79172], [27.15793, 3.79213], [27.15696, 3.79286], [27.15533, 3.7941], [27.15392, 3.79484], [27.15175, 3.79598], [27.14724, 3.79927], [27.14589, 3.80025], [27.14411, 3.80215], [27.14235, 3.80405], [27.14166, 3.80555], [27.1409, 3.80723], [27.14029, 3.80961], [27.13988, 3.81116], [27.13925, 3.81362], [27.13877, 3.81769], [27.13897, 3.81982], [27.13928, 3.82298], [27.1392, 3.8241], [27.13909, 3.82555], [27.13897, 3.82734], [27.13852, 3.829], [27.13795, 3.83113], [27.13738, 3.83322], [27.13708, 3.83382], [27.13772, 3.8362], [27.13901, 3.84096], [27.14284, 3.85049], [27.14872, 3.85796], [27.15417, 3.85724], [27.16077, 3.85241], [27.16487, 3.84783], [27.17317, 3.83981], [27.17867, 3.83889], [27.18417, 3.83545], [27.19656, 3.82349]]]}}]}