sitrep,report_date,publication_date,status,zone,province,confirmed_cases,confirmed_deaths,population_2024,zone_cfr_pct,cases_per_100k
055,2026-07-08,2026-07-09,provisional,Bunia,Ituri,487,141,268128,29.0,181.6
055,2026-07-08,2026-07-09,provisional,Rwampara,Ituri,370,80,134068,21.6,276.0
055,2026-07-08,2026-07-09,provisional,Mongbwalu,Ituri,315,167,133371,53.0,236.2
055,2026-07-08,2026-07-09,provisional,Nizi,Ituri,104,36,141651,34.6,73.4
055,2026-07-08,2026-07-09,provisional,Nyankunde,Ituri,97,22,97949,22.7,99.0
055,2026-07-08,2026-07-09,provisional,Katwa,Nord-Kivu,61,41,411346,67.2,14.8
055,2026-07-08,2026-07-09,provisional,Mangala,Ituri,43,23,92662,53.5,46.4
055,2026-07-08,2026-07-09,provisional,Butembo,Nord-Kivu,42,20,316182,47.6,13.3
055,2026-07-08,2026-07-09,provisional,Lita,Ituri,41,16,128175,39.0,32.0
055,2026-07-08,2026-07-09,provisional,Nia-Nia,Ituri,35,13,71361,37.1,49.0
055,2026-07-08,2026-07-09,provisional,Bambu,Ituri,29,10,148752,34.5,19.5
055,2026-07-08,2026-07-09,provisional,Beni,Nord-Kivu,29,19,382409,65.5,7.6
055,2026-07-08,2026-07-09,provisional,Komanda,Ituri,23,8,184816,34.8,12.4
055,2026-07-08,2026-07-09,provisional,Tchomia,Ituri,15,2,110386,13.3,13.6
055,2026-07-08,2026-07-09,provisional,Kilo,Ituri,9,1,55902,11.1,16.1
055,2026-07-08,2026-07-09,provisional,Musienene,Nord-Kivu,8,2,249370,25.0,3.2
055,2026-07-08,2026-07-09,provisional,Logo,Ituri,7,0,240552,0.0,2.9
055,2026-07-08,2026-07-09,provisional,Aungba,Ituri,6,2,158181,33.3,3.8
055,2026-07-08,2026-07-09,provisional,Damas,Ituri,5,0,116731,0.0,4.3
055,2026-07-08,2026-07-09,provisional,Mandima,Ituri,5,2,138196,40.0,3.6
055,2026-07-08,2026-07-09,provisional,Fataki,Ituri,4,1,128262,25.0,3.1
055,2026-07-08,2026-07-09,provisional,Kyondo,Nord-Kivu,4,2,215154,50.0,1.9
055,2026-07-08,2026-07-09,provisional,Mambasa,Ituri,4,3,95906,75.0,4.2
055,2026-07-08,2026-07-09,provisional,Rimba,Ituri,4,0,211373,0.0,1.9
055,2026-07-08,2026-07-09,provisional,Aru,Ituri,3,1,181110,33.3,1.7
055,2026-07-08,2026-07-09,provisional,Drodro,Ituri,3,3,154777,100.0,1.9
055,2026-07-08,2026-07-09,provisional,Masereka,Nord-Kivu,3,0,177664,0.0,1.7
055,2026-07-08,2026-07-09,provisional,Miti-Murhesa,Sud-Kivu,3,1,239135,33.3,1.3
055,2026-07-08,2026-07-09,provisional,Oicha,Nord-Kivu,3,2,336160,66.7,0.9
055,2026-07-08,2026-07-09,provisional,Kalunguta,Nord-Kivu,2,1,199559,50.0,1.0
055,2026-07-08,2026-07-09,provisional,Kambala,Ituri,2,2,123772,100.0,1.6
055,2026-07-08,2026-07-09,provisional,Boga,Ituri,1,1,67785,100.0,1.5
055,2026-07-08,2026-07-09,provisional,Gety,Ituri,1,0,186541,0.0,0.5
055,2026-07-08,2026-07-09,provisional,Goma,Nord-Kivu,1,0,251728,0.0,0.4
055,2026-07-08,2026-07-09,provisional,Lolwa,Ituri,1,1,45779,100.0,2.2
055,2026-07-08,2026-07-09,provisional,Mabalako,Nord-Kivu,1,0,186148,0.0,0.5
055,2026-07-08,2026-07-09,provisional,Vuhovi,Nord-Kivu,1,1,121520,100.0,0.8
056,2026-07-09,2026-07-10,final,Bunia,Ituri,495,149,268128,30.1,184.6
056,2026-07-09,2026-07-10,final,Rwampara,Ituri,373,83,134068,22.3,278.2
056,2026-07-09,2026-07-10,final,Mongbwalu,Ituri,327,170,133371,52.0,245.2
056,2026-07-09,2026-07-10,final,Nizi,Ituri,107,36,141651,33.6,75.5
056,2026-07-09,2026-07-10,final,Nyankunde,Ituri,97,22,97949,22.7,99.0
056,2026-07-09,2026-07-10,final,Katwa,Nord-Kivu,66,45,411346,68.2,16.0
056,2026-07-09,2026-07-10,final,Butembo,Nord-Kivu,43,20,316182,46.5,13.6
056,2026-07-09,2026-07-10,final,Mangala,Ituri,43,23,92662,53.5,46.4
056,2026-07-09,2026-07-10,final,Lita,Ituri,42,17,128175,40.5,32.8
056,2026-07-09,2026-07-10,final,Nia-Nia,Ituri,35,13,71361,37.1,49.0
056,2026-07-09,2026-07-10,final,Beni,Nord-Kivu,30,20,382409,66.7,7.8
056,2026-07-09,2026-07-10,final,Bambu,Ituri,29,10,148752,34.5,19.5
056,2026-07-09,2026-07-10,final,Komanda,Ituri,25,8,184816,32.0,13.5
056,2026-07-09,2026-07-10,final,Tchomia,Ituri,17,4,110386,23.5,15.4
056,2026-07-09,2026-07-10,final,Kilo,Ituri,9,1,55902,11.1,16.1
056,2026-07-09,2026-07-10,final,Musienene,Nord-Kivu,9,2,249370,22.2,3.6
056,2026-07-09,2026-07-10,final,Logo,Ituri,7,0,240552,0.0,2.9
056,2026-07-09,2026-07-10,final,Aungba,Ituri,6,2,158181,33.3,3.8
056,2026-07-09,2026-07-10,final,Damas,Ituri,5,0,116731,0.0,4.3
056,2026-07-09,2026-07-10,final,Kyondo,Nord-Kivu,5,3,215154,60.0,2.3
056,2026-07-09,2026-07-10,final,Mambasa,Ituri,5,4,95906,80.0,5.2
056,2026-07-09,2026-07-10,final,Mandima,Ituri,5,2,138196,40.0,3.6
056,2026-07-09,2026-07-10,final,Fataki,Ituri,4,1,128262,25.0,3.1
056,2026-07-09,2026-07-10,final,Rimba,Ituri,4,0,211373,0.0,1.9
056,2026-07-09,2026-07-10,final,Aru,Ituri,3,1,181110,33.3,1.7
056,2026-07-09,2026-07-10,final,Drodro,Ituri,3,3,154777,100.0,1.9
056,2026-07-09,2026-07-10,final,Masereka,Nord-Kivu,3,0,177664,0.0,1.7
056,2026-07-09,2026-07-10,final,Miti-Murhesa,Sud-Kivu,3,1,239135,33.3,1.3
056,2026-07-09,2026-07-10,final,Oicha,Nord-Kivu,3,2,336160,66.7,0.9
056,2026-07-09,2026-07-10,final,Kalunguta,Nord-Kivu,2,1,199559,50.0,1.0
056,2026-07-09,2026-07-10,final,Kambala,Ituri,2,2,123772,100.0,1.6
056,2026-07-09,2026-07-10,final,Boga,Ituri,1,1,67785,100.0,1.5
056,2026-07-09,2026-07-10,final,Gety,Ituri,1,0,186541,0.0,0.5
056,2026-07-09,2026-07-10,final,Goma,Nord-Kivu,1,0,251728,0.0,0.4
056,2026-07-09,2026-07-10,final,Lolwa,Ituri,1,1,45779,100.0,2.2
056,2026-07-09,2026-07-10,final,Mabalako,Nord-Kivu,1,0,186148,0.0,0.5
056,2026-07-09,2026-07-10,final,Vuhovi,Nord-Kivu,1,1,121520,100.0,0.8
057,2026-07-10,2026-07-11,provisional,Bunia,Ituri,503,156,268128,31.0,187.6
057,2026-07-10,2026-07-11,provisional,Rwampara,Ituri,384,89,134068,23.2,286.4
057,2026-07-10,2026-07-11,provisional,Mongbwalu,Ituri,329,171,133371,52.0,246.7
057,2026-07-10,2026-07-11,provisional,Nizi,Ituri,110,36,141651,32.7,77.7
057,2026-07-10,2026-07-11,provisional,Nyankunde,Ituri,97,23,97949,23.7,99.0
057,2026-07-10,2026-07-11,provisional,Katwa,Nord-Kivu,67,45,411346,67.2,16.3
057,2026-07-10,2026-07-11,provisional,Mangala,Ituri,50,29,92662,58.0,54.0
057,2026-07-10,2026-07-11,provisional,Lita,Ituri,45,19,128175,42.2,35.1
057,2026-07-10,2026-07-11,provisional,Butembo,Nord-Kivu,43,20,316182,46.5,13.6
057,2026-07-10,2026-07-11,provisional,Nia-Nia,Ituri,35,13,71361,37.1,49.0
057,2026-07-10,2026-07-11,provisional,Bambu,Ituri,31,10,148752,32.3,20.8
057,2026-07-10,2026-07-11,provisional,Beni,Nord-Kivu,30,20,382409,66.7,7.8
057,2026-07-10,2026-07-11,provisional,Komanda,Ituri,25,8,184816,32.0,13.5
057,2026-07-10,2026-07-11,provisional,Tchomia,Ituri,19,4,110386,21.1,17.2
057,2026-07-10,2026-07-11,provisional,Kilo,Ituri,9,1,55902,11.1,16.1
057,2026-07-10,2026-07-11,provisional,Musienene,Nord-Kivu,9,2,249370,22.2,3.6
057,2026-07-10,2026-07-11,provisional,Mandima,Ituri,8,3,138196,37.5,5.8
057,2026-07-10,2026-07-11,provisional,Logo,Ituri,7,0,240552,0.0,2.9
057,2026-07-10,2026-07-11,provisional,Aungba,Ituri,6,2,158181,33.3,3.8
057,2026-07-10,2026-07-11,provisional,Damas,Ituri,5,0,116731,0.0,4.3
057,2026-07-10,2026-07-11,provisional,Kyondo,Nord-Kivu,5,3,215154,60.0,2.3
057,2026-07-10,2026-07-11,provisional,Mambasa,Ituri,5,4,95906,80.0,5.2
057,2026-07-10,2026-07-11,provisional,Drodro,Ituri,4,3,154777,75.0,2.6
057,2026-07-10,2026-07-11,provisional,Fataki,Ituri,4,1,128262,25.0,3.1
057,2026-07-10,2026-07-11,provisional,Rimba,Ituri,4,0,211373,0.0,1.9
057,2026-07-10,2026-07-11,provisional,Aru,Ituri,3,1,181110,33.3,1.7
057,2026-07-10,2026-07-11,provisional,Masereka,Nord-Kivu,3,0,177664,0.0,1.7
057,2026-07-10,2026-07-11,provisional,Miti-Murhesa,Sud-Kivu,3,1,239135,33.3,1.3
057,2026-07-10,2026-07-11,provisional,Oicha,Nord-Kivu,3,2,336160,66.7,0.9
057,2026-07-10,2026-07-11,provisional,Kalunguta,Nord-Kivu,2,1,199559,50.0,1.0
057,2026-07-10,2026-07-11,provisional,Kambala,Ituri,2,2,123772,100.0,1.6
057,2026-07-10,2026-07-11,provisional,Makiso-Kisangani,Tshopo,2,2,194771,100.0,1.0
057,2026-07-10,2026-07-11,provisional,Boga,Ituri,1,1,67785,100.0,1.5
057,2026-07-10,2026-07-11,provisional,Gety,Ituri,1,0,186541,0.0,0.5
057,2026-07-10,2026-07-11,provisional,Goma,Nord-Kivu,1,0,251728,0.0,0.4
057,2026-07-10,2026-07-11,provisional,Lolwa,Ituri,1,1,45779,100.0,2.2
057,2026-07-10,2026-07-11,provisional,Lubunga,Tshopo,1,0,158178,0.0,0.6
057,2026-07-10,2026-07-11,provisional,Mabalako,Nord-Kivu,1,0,186148,0.0,0.5
057,2026-07-10,2026-07-11,provisional,Mangobo,Tshopo,1,0,193112,0.0,0.5
057,2026-07-10,2026-07-11,provisional,Vuhovi,Nord-Kivu,1,1,121520,100.0,0.8
057,2026-07-10,2026-07-11,provisional,Wamba,Haut-Uélé,1,1,131034,100.0,0.8
058,2026-07-11,2026-07-12,provisional,Bunia,Ituri,507,160,268128,31.6,189.1
058,2026-07-11,2026-07-12,provisional,Rwampara,Ituri,393,90,134068,22.9,293.1
058,2026-07-11,2026-07-12,provisional,Mongbwalu,Ituri,336,177,133371,52.7,251.9
058,2026-07-11,2026-07-12,provisional,Nizi,Ituri,121,47,141651,38.8,85.4
058,2026-07-11,2026-07-12,provisional,Nyankunde,Ituri,99,25,97949,25.3,101.1
058,2026-07-11,2026-07-12,provisional,Katwa,Nord-Kivu,71,47,411346,66.2,17.3
058,2026-07-11,2026-07-12,provisional,Mangala,Ituri,50,29,92662,58.0,54.0
058,2026-07-11,2026-07-12,provisional,Lita,Ituri,48,19,128175,39.6,37.4
058,2026-07-11,2026-07-12,provisional,Butembo,Nord-Kivu,44,21,316182,47.7,13.9
058,2026-07-11,2026-07-12,provisional,Nia-Nia,Ituri,36,12,71361,33.3,50.4
058,2026-07-11,2026-07-12,provisional,Bambu,Ituri,31,10,148752,32.3,20.8
058,2026-07-11,2026-07-12,provisional,Beni,Nord-Kivu,30,20,382409,66.7,7.8
058,2026-07-11,2026-07-12,provisional,Komanda,Ituri,27,8,184816,29.6,14.6
058,2026-07-11,2026-07-12,provisional,Tchomia,Ituri,19,4,110386,21.1,17.2
058,2026-07-11,2026-07-12,provisional,Musienene,Nord-Kivu,10,2,249370,20.0,4.0
058,2026-07-11,2026-07-12,provisional,Kilo,Ituri,9,1,55902,11.1,16.1
058,2026-07-11,2026-07-12,provisional,Mandima,Ituri,8,3,138196,37.5,5.8
058,2026-07-11,2026-07-12,provisional,Kyondo,Nord-Kivu,7,3,215154,42.9,3.3
058,2026-07-11,2026-07-12,provisional,Logo,Ituri,7,0,240552,0.0,2.9
058,2026-07-11,2026-07-12,provisional,Aungba,Ituri,6,2,158181,33.3,3.8
058,2026-07-11,2026-07-12,provisional,Damas,Ituri,5,0,116731,0.0,4.3
058,2026-07-11,2026-07-12,provisional,Mambasa,Ituri,5,4,95906,80.0,5.2
058,2026-07-11,2026-07-12,provisional,Drodro,Ituri,4,3,154777,75.0,2.6
058,2026-07-11,2026-07-12,provisional,Fataki,Ituri,4,1,128262,25.0,3.1
058,2026-07-11,2026-07-12,provisional,Rimba,Ituri,4,0,211373,0.0,1.9
058,2026-07-11,2026-07-12,provisional,Aru,Ituri,3,1,181110,33.3,1.7
058,2026-07-11,2026-07-12,provisional,Masereka,Nord-Kivu,3,0,177664,0.0,1.7
058,2026-07-11,2026-07-12,provisional,Miti-Murhesa,Sud-Kivu,3,1,239135,33.3,1.3
058,2026-07-11,2026-07-12,provisional,Oicha,Nord-Kivu,3,2,336160,66.7,0.9
058,2026-07-11,2026-07-12,provisional,Kalunguta,Nord-Kivu,2,1,199559,50.0,1.0
058,2026-07-11,2026-07-12,provisional,Kambala,Ituri,2,2,123772,100.0,1.6
058,2026-07-11,2026-07-12,provisional,Makiso-Kisangani,Tshopo,2,2,194771,100.0,1.0
058,2026-07-11,2026-07-12,provisional,Ariwara,Ituri,1,1,201273,100.0,0.5
058,2026-07-11,2026-07-12,provisional,Boga,Ituri,1,1,67785,100.0,1.5
058,2026-07-11,2026-07-12,provisional,Gety,Ituri,1,0,186541,0.0,0.5
058,2026-07-11,2026-07-12,provisional,Goma,Nord-Kivu,1,0,251728,0.0,0.4
058,2026-07-11,2026-07-12,provisional,Lolwa,Ituri,1,1,45779,100.0,2.2
058,2026-07-11,2026-07-12,provisional,Lubunga,Tshopo,1,0,158178,0.0,0.6
058,2026-07-11,2026-07-12,provisional,Mabalako,Nord-Kivu,1,0,186148,0.0,0.5
058,2026-07-11,2026-07-12,provisional,Mangobo,Tshopo,1,0,193112,0.0,0.5
058,2026-07-11,2026-07-12,provisional,Vuhovi,Nord-Kivu,1,1,121520,100.0,0.8
058,2026-07-11,2026-07-12,provisional,Wamba,Haut-Uélé,1,1,131034,100.0,0.8
060,2026-07-13,2026-07-14,provisional,Bunia,Ituri,534,172,268128,32.2,199.2
060,2026-07-13,2026-07-14,provisional,Rwampara,Ituri,405,95,134068,23.5,302.1
060,2026-07-13,2026-07-14,provisional,Mongbwalu,Ituri,336,182,133371,54.2,251.9
060,2026-07-13,2026-07-14,provisional,Nizi,Ituri,131,50,141651,38.2,92.5
060,2026-07-13,2026-07-14,provisional,Nyankunde,Ituri,99,26,97949,26.3,101.1
060,2026-07-13,2026-07-14,provisional,Katwa,Nord-Kivu,76,55,411346,72.4,18.5
060,2026-07-13,2026-07-14,provisional,Lita,Ituri,59,23,128175,39.0,46.0
060,2026-07-13,2026-07-14,provisional,Mangala,Ituri,50,29,92662,58.0,54.0
060,2026-07-13,2026-07-14,provisional,Butembo,Nord-Kivu,46,22,316182,47.8,14.5
060,2026-07-13,2026-07-14,provisional,Nia-Nia,Ituri,36,7,71361,19.4,50.4
060,2026-07-13,2026-07-14,provisional,Bambu,Ituri,31,10,148752,32.3,20.8
060,2026-07-13,2026-07-14,provisional,Beni,Nord-Kivu,31,20,382409,64.5,8.1
060,2026-07-13,2026-07-14,provisional,Komanda,Ituri,27,10,184816,37.0,14.6
060,2026-07-13,2026-07-14,provisional,Tchomia,Ituri,19,4,110386,21.1,17.2
060,2026-07-13,2026-07-14,provisional,Musienene,Nord-Kivu,11,2,249370,18.2,4.4
060,2026-07-13,2026-07-14,provisional,Kilo,Ituri,9,1,55902,11.1,16.1
060,2026-07-13,2026-07-14,provisional,Mandima,Ituri,8,3,138196,37.5,5.8
060,2026-07-13,2026-07-14,provisional,Wamba,Haut-Uélé,8,8,131034,100.0,6.1
060,2026-07-13,2026-07-14,provisional,Kyondo,Nord-Kivu,7,3,215154,42.9,3.3
060,2026-07-13,2026-07-14,provisional,Logo,Ituri,7,0,240552,0.0,2.9
060,2026-07-13,2026-07-14,provisional,Aungba,Ituri,6,2,158181,33.3,3.8
060,2026-07-13,2026-07-14,provisional,Damas,Ituri,5,0,116731,0.0,4.3
060,2026-07-13,2026-07-14,provisional,Drodro,Ituri,5,3,154777,60.0,3.2
060,2026-07-13,2026-07-14,provisional,Fataki,Ituri,5,4,128262,80.0,3.9
060,2026-07-13,2026-07-14,provisional,Mambasa,Ituri,5,4,95906,80.0,5.2
060,2026-07-13,2026-07-14,provisional,Rimba,Ituri,4,0,211373,0.0,1.9
060,2026-07-13,2026-07-14,provisional,Aru,Ituri,3,1,181110,33.3,1.7
060,2026-07-13,2026-07-14,provisional,Masereka,Nord-Kivu,3,0,177664,0.0,1.7
060,2026-07-13,2026-07-14,provisional,Miti-Murhesa,Sud-Kivu,3,1,239135,33.3,1.3
060,2026-07-13,2026-07-14,provisional,Oicha,Nord-Kivu,3,2,336160,66.7,0.9
060,2026-07-13,2026-07-14,provisional,Pawa,Haut-Uélé,3,3,166992,100.0,1.8
060,2026-07-13,2026-07-14,provisional,Boma Mangbetu,Haut-Uélé,2,1,108493,50.0,1.8
060,2026-07-13,2026-07-14,provisional,Kalunguta,Nord-Kivu,2,1,199559,50.0,1.0
060,2026-07-13,2026-07-14,provisional,Kambala,Ituri,2,2,123772,100.0,1.6
060,2026-07-13,2026-07-14,provisional,Lolwa,Ituri,2,1,45779,50.0,4.4
060,2026-07-13,2026-07-14,provisional,Makiso-Kisangani,Tshopo,2,2,194771,100.0,1.0
060,2026-07-13,2026-07-14,provisional,Ariwara,Ituri,1,1,201273,100.0,0.5
060,2026-07-13,2026-07-14,provisional,Boga,Ituri,1,1,67785,100.0,1.5
060,2026-07-13,2026-07-14,provisional,Gety,Ituri,1,0,186541,0.0,0.5
060,2026-07-13,2026-07-14,provisional,Goma,Nord-Kivu,1,0,251728,0.0,0.4
060,2026-07-13,2026-07-14,provisional,Isiro,Haut-Uélé,1,1,244412,100.0,0.4
060,2026-07-13,2026-07-14,provisional,Lubunga,Tshopo,1,1,158178,100.0,0.6
060,2026-07-13,2026-07-14,provisional,Mabalako,Nord-Kivu,1,0,186148,0.0,0.5
060,2026-07-13,2026-07-14,provisional,Mangobo,Tshopo,1,0,193112,0.0,0.5
060,2026-07-13,2026-07-14,provisional,Vuhovi,Nord-Kivu,1,1,121520,100.0,0.8
061,2026-07-14,2026-07-15,provisional,Bunia,Ituri,556,185,268128,33.3,207.4
061,2026-07-14,2026-07-15,provisional,Rwampara,Ituri,412,101,134068,24.5,307.3
061,2026-07-14,2026-07-15,provisional,Mongbwalu,Ituri,342,188,133371,55.0,256.4
061,2026-07-14,2026-07-15,provisional,Nizi,Ituri,139,58,141651,41.7,98.1
061,2026-07-14,2026-07-15,provisional,Nyankunde,Ituri,99,26,97949,26.3,101.1
061,2026-07-14,2026-07-15,provisional,Katwa,Nord-Kivu,78,56,411346,71.8,19.0
061,2026-07-14,2026-07-15,provisional,Lita,Ituri,64,23,128175,35.9,49.9
061,2026-07-14,2026-07-15,provisional,Mangala,Ituri,50,29,92662,58.0,54.0
061,2026-07-14,2026-07-15,provisional,Butembo,Nord-Kivu,49,24,316182,49.0,15.5
061,2026-07-14,2026-07-15,provisional,Nia-Nia,Ituri,41,9,71361,22.0,57.5
061,2026-07-14,2026-07-15,provisional,Bambu,Ituri,31,10,148752,32.3,20.8
061,2026-07-14,2026-07-15,provisional,Beni,Nord-Kivu,31,20,382409,64.5,8.1
061,2026-07-14,2026-07-15,provisional,Komanda,Ituri,27,10,184816,37.0,14.6
061,2026-07-14,2026-07-15,provisional,Tchomia,Ituri,19,4,110386,21.1,17.2
061,2026-07-14,2026-07-15,provisional,Musienene,Nord-Kivu,13,3,249370,23.1,5.2
061,2026-07-14,2026-07-15,provisional,Kilo,Ituri,9,1,55902,11.1,16.1
061,2026-07-14,2026-07-15,provisional,Mandima,Ituri,9,4,138196,44.4,6.5
061,2026-07-14,2026-07-15,provisional,Wamba,Haut-Uélé,8,8,131034,100.0,6.1
061,2026-07-14,2026-07-15,provisional,Kyondo,Nord-Kivu,7,3,215154,42.9,3.3
061,2026-07-14,2026-07-15,provisional,Logo,Ituri,7,0,240552,0.0,2.9
061,2026-07-14,2026-07-15,provisional,Aungba,Ituri,6,2,158181,33.3,3.8
061,2026-07-14,2026-07-15,provisional,Fataki,Ituri,6,5,128262,83.3,4.7
061,2026-07-14,2026-07-15,provisional,Damas,Ituri,5,0,116731,0.0,4.3
061,2026-07-14,2026-07-15,provisional,Drodro,Ituri,5,3,154777,60.0,3.2
061,2026-07-14,2026-07-15,provisional,Mambasa,Ituri,5,4,95906,80.0,5.2
061,2026-07-14,2026-07-15,provisional,Rimba,Ituri,4,0,211373,0.0,1.9
061,2026-07-14,2026-07-15,provisional,Aru,Ituri,3,1,181110,33.3,1.7
061,2026-07-14,2026-07-15,provisional,Masereka,Nord-Kivu,3,0,177664,0.0,1.7
061,2026-07-14,2026-07-15,provisional,Miti-Murhesa,Sud-Kivu,3,1,239135,33.3,1.3
061,2026-07-14,2026-07-15,provisional,Oicha,Nord-Kivu,3,3,336160,100.0,0.9
061,2026-07-14,2026-07-15,provisional,Pawa,Haut-Uélé,3,3,166992,100.0,1.8
061,2026-07-14,2026-07-15,provisional,Boma Mangbetu,Haut-Uélé,2,1,108493,50.0,1.8
061,2026-07-14,2026-07-15,provisional,Kalunguta,Nord-Kivu,2,1,199559,50.0,1.0
061,2026-07-14,2026-07-15,provisional,Kambala,Ituri,2,2,123772,100.0,1.6
061,2026-07-14,2026-07-15,provisional,Lolwa,Ituri,2,1,45779,50.0,4.4
061,2026-07-14,2026-07-15,provisional,Makiso-Kisangani,Tshopo,2,2,194771,100.0,1.0
061,2026-07-14,2026-07-15,provisional,Ariwara,Ituri,1,1,201273,100.0,0.5
061,2026-07-14,2026-07-15,provisional,Boga,Ituri,1,1,67785,100.0,1.5
061,2026-07-14,2026-07-15,provisional,Gety,Ituri,1,0,186541,0.0,0.5
061,2026-07-14,2026-07-15,provisional,Goma,Nord-Kivu,1,0,251728,0.0,0.4
061,2026-07-14,2026-07-15,provisional,Isiro,Haut-Uélé,1,1,244412,100.0,0.4
061,2026-07-14,2026-07-15,provisional,Lubunga,Tshopo,1,1,158178,100.0,0.6
061,2026-07-14,2026-07-15,provisional,Mabalako,Nord-Kivu,1,0,186148,0.0,0.5
061,2026-07-14,2026-07-15,provisional,Mangobo,Tshopo,1,0,193112,0.0,0.5
061,2026-07-14,2026-07-15,provisional,Vuhovi,Nord-Kivu,1,1,121520,100.0,0.8
062,2026-07-15,2026-07-16,provisional,Bunia,Ituri,570,191,268128,33.5,212.6
062,2026-07-15,2026-07-16,provisional,Rwampara,Ituri,418,104,134068,24.9,311.8
062,2026-07-15,2026-07-16,provisional,Mongbwalu,Ituri,347,192,133371,55.3,260.2
062,2026-07-15,2026-07-16,provisional,Nizi,Ituri,148,67,141651,45.3,104.5
062,2026-07-15,2026-07-16,provisional,Nyankunde,Ituri,99,26,97949,26.3,101.1
062,2026-07-15,2026-07-16,provisional,Katwa,Nord-Kivu,82,59,411346,72.0,19.9
062,2026-07-15,2026-07-16,provisional,Lita,Ituri,66,23,128175,34.8,51.5
062,2026-07-15,2026-07-16,provisional,Butembo,Nord-Kivu,52,26,316182,50.0,16.4
062,2026-07-15,2026-07-16,provisional,Mangala,Ituri,50,29,92662,58.0,54.0
062,2026-07-15,2026-07-16,provisional,Nia-Nia,Ituri,42,9,71361,21.4,58.9
062,2026-07-15,2026-07-16,provisional,Beni,Nord-Kivu,33,22,382409,66.7,8.6
062,2026-07-15,2026-07-16,provisional,Bambu,Ituri,31,11,148752,35.5,20.8
062,2026-07-15,2026-07-16,provisional,Komanda,Ituri,27,10,184816,37.0,14.6
062,2026-07-15,2026-07-16,provisional,Tchomia,Ituri,19,4,110386,21.1,17.2
062,2026-07-15,2026-07-16,provisional,Musienene,Nord-Kivu,14,4,249370,28.6,5.6
062,2026-07-15,2026-07-16,provisional,Kilo,Ituri,10,2,55902,20.0,17.9
062,2026-07-15,2026-07-16,provisional,Mandima,Ituri,9,4,138196,44.4,6.5
062,2026-07-15,2026-07-16,provisional,Wamba,Haut-Uélé,8,8,131034,100.0,6.1
062,2026-07-15,2026-07-16,provisional,Damas,Ituri,7,0,116731,0.0,6.0
062,2026-07-15,2026-07-16,provisional,Kyondo,Nord-Kivu,7,3,215154,42.9,3.3
062,2026-07-15,2026-07-16,provisional,Logo,Ituri,7,0,240552,0.0,2.9
062,2026-07-15,2026-07-16,provisional,Aungba,Ituri,6,2,158181,33.3,3.8
062,2026-07-15,2026-07-16,provisional,Fataki,Ituri,6,5,128262,83.3,4.7
062,2026-07-15,2026-07-16,provisional,Drodro,Ituri,5,3,154777,60.0,3.2
062,2026-07-15,2026-07-16,provisional,Mambasa,Ituri,5,4,95906,80.0,5.2
062,2026-07-15,2026-07-16,provisional,Rimba,Ituri,4,0,211373,0.0,1.9
062,2026-07-15,2026-07-16,provisional,Aru,Ituri,3,1,181110,33.3,1.7
062,2026-07-15,2026-07-16,provisional,Masereka,Nord-Kivu,3,0,177664,0.0,1.7
062,2026-07-15,2026-07-16,provisional,Miti-Murhesa,Sud-Kivu,3,1,239135,33.3,1.3
062,2026-07-15,2026-07-16,provisional,Oicha,Nord-Kivu,3,3,336160,100.0,0.9
062,2026-07-15,2026-07-16,provisional,Pawa,Haut-Uélé,3,3,166992,100.0,1.8
062,2026-07-15,2026-07-16,provisional,Boma Mangbetu,Haut-Uélé,2,1,108493,50.0,1.8
062,2026-07-15,2026-07-16,provisional,Kalunguta,Nord-Kivu,2,1,199559,50.0,1.0
062,2026-07-15,2026-07-16,provisional,Kambala,Ituri,2,2,123772,100.0,1.6
062,2026-07-15,2026-07-16,provisional,Lolwa,Ituri,2,1,45779,50.0,4.4
062,2026-07-15,2026-07-16,provisional,Makiso-Kisangani,Tshopo,2,2,194771,100.0,1.0
062,2026-07-15,2026-07-16,provisional,Ariwara,Ituri,1,1,201273,100.0,0.5
062,2026-07-15,2026-07-16,provisional,Boga,Ituri,1,1,67785,100.0,1.5
062,2026-07-15,2026-07-16,provisional,Gety,Ituri,1,0,186541,0.0,0.5
062,2026-07-15,2026-07-16,provisional,Goma,Nord-Kivu,1,0,251728,0.0,0.4
062,2026-07-15,2026-07-16,provisional,Isiro,Haut-Uélé,1,1,244412,100.0,0.4
062,2026-07-15,2026-07-16,provisional,Lubunga,Tshopo,1,1,158178,100.0,0.6
062,2026-07-15,2026-07-16,provisional,Mabalako,Nord-Kivu,1,0,186148,0.0,0.5
062,2026-07-15,2026-07-16,provisional,Mahagi,Ituri,1,0,174551,0.0,0.6
062,2026-07-15,2026-07-16,provisional,Mangobo,Tshopo,1,0,193112,0.0,0.5
062,2026-07-15,2026-07-16,provisional,Vuhovi,Nord-Kivu,1,1,121520,100.0,0.8
064,2026-07-17,2026-07-18,final,Bunia,Ituri,606,197,268128,32.5,226.0
064,2026-07-17,2026-07-18,final,Rwampara,Ituri,430,116,134068,27.0,320.7
064,2026-07-17,2026-07-18,final,Mongbwalu,Ituri,355,196,133371,55.2,266.2
064,2026-07-17,2026-07-18,final,Nizi,Ituri,168,79,141651,47.0,118.6
064,2026-07-17,2026-07-18,final,Nyankunde,Ituri,99,28,97949,28.3,101.1
064,2026-07-17,2026-07-18,final,Katwa,Nord-Kivu,92,67,411346,72.8,22.4
064,2026-07-17,2026-07-18,final,Lita,Ituri,77,27,128175,35.1,60.1
064,2026-07-17,2026-07-18,final,Mangala,Ituri,56,33,92662,58.9,60.4
064,2026-07-17,2026-07-18,final,Butembo,Nord-Kivu,55,27,316182,49.1,17.4
064,2026-07-17,2026-07-18,final,Nia-Nia,Ituri,47,12,71361,25.5,65.9
064,2026-07-17,2026-07-18,final,Bambu,Ituri,36,12,148752,33.3,24.2
064,2026-07-17,2026-07-18,final,Beni,Nord-Kivu,34,24,382409,70.6,8.9
064,2026-07-17,2026-07-18,final,Komanda,Ituri,27,10,184816,37.0,14.6
064,2026-07-17,2026-07-18,final,Tchomia,Ituri,21,5,110386,23.8,19.0
064,2026-07-17,2026-07-18,final,Wamba,Haut-Uélé,16,8,131034,50.0,12.2
064,2026-07-17,2026-07-18,final,Musienene,Nord-Kivu,14,3,249370,21.4,5.6
064,2026-07-17,2026-07-18,final,Kilo,Ituri,11,3,55902,27.3,19.7
064,2026-07-17,2026-07-18,final,Fataki,Ituri,9,6,128262,66.7,7.0
064,2026-07-17,2026-07-18,final,Mandima,Ituri,9,4,138196,44.4,6.5
064,2026-07-17,2026-07-18,final,Kyondo,Nord-Kivu,8,4,215154,50.0,3.7
064,2026-07-17,2026-07-18,final,Mambasa,Ituri,8,5,95906,62.5,8.3
064,2026-07-17,2026-07-18,final,Damas,Ituri,7,0,116731,0.0,6.0
064,2026-07-17,2026-07-18,final,Logo,Ituri,7,1,240552,14.3,2.9
064,2026-07-17,2026-07-18,final,Ariwara,Ituri,6,1,201273,16.7,3.0
064,2026-07-17,2026-07-18,final,Aungba,Ituri,6,2,158181,33.3,3.8
064,2026-07-17,2026-07-18,final,Drodro,Ituri,5,3,154777,60.0,3.2
064,2026-07-17,2026-07-18,final,Rimba,Ituri,5,0,211373,0.0,2.4
064,2026-07-17,2026-07-18,final,Aru,Ituri,4,1,181110,25.0,2.2
064,2026-07-17,2026-07-18,final,Makiso-Kisangani,Tshopo,3,3,194771,100.0,1.5
064,2026-07-17,2026-07-18,final,Masereka,Nord-Kivu,3,0,177664,0.0,1.7
064,2026-07-17,2026-07-18,final,Miti-Murhesa,Sud-Kivu,3,1,239135,33.3,1.3
064,2026-07-17,2026-07-18,final,Oicha,Nord-Kivu,3,3,336160,100.0,0.9
064,2026-07-17,2026-07-18,final,Pawa,Haut-Uélé,3,3,166992,100.0,1.8
064,2026-07-17,2026-07-18,final,Boma Mangbetu,Haut-Uélé,2,1,108493,50.0,1.8
064,2026-07-17,2026-07-18,final,Kalunguta,Nord-Kivu,2,1,199559,50.0,1.0
064,2026-07-17,2026-07-18,final,Kambala,Ituri,2,2,123772,100.0,1.6
064,2026-07-17,2026-07-18,final,Lolwa,Ituri,2,1,45779,50.0,4.4
064,2026-07-17,2026-07-18,final,Boga,Ituri,1,1,67785,100.0,1.5
064,2026-07-17,2026-07-18,final,Gety,Ituri,1,0,186541,0.0,0.5
064,2026-07-17,2026-07-18,final,Goma,Nord-Kivu,1,0,251728,0.0,0.4
064,2026-07-17,2026-07-18,final,Isiro,Haut-Uélé,1,1,244412,100.0,0.4
064,2026-07-17,2026-07-18,final,Lubunga,Tshopo,1,0,158178,0.0,0.6
064,2026-07-17,2026-07-18,final,Mabalako,Nord-Kivu,1,0,186148,0.0,0.5
064,2026-07-17,2026-07-18,final,Mahagi,Ituri,1,0,174551,0.0,0.6
064,2026-07-17,2026-07-18,final,Mangobo,Tshopo,1,1,193112,100.0,0.5
064,2026-07-17,2026-07-18,final,Vuhovi,Nord-Kivu,1,1,121520,100.0,0.8
065,2026-07-18,2026-07-19,provisional,Bunia,Ituri,621,202,268128,32.5,231.6
065,2026-07-18,2026-07-19,provisional,Rwampara,Ituri,440,124,134068,28.2,328.2
065,2026-07-18,2026-07-19,provisional,Mongbwalu,Ituri,360,199,133371,55.3,269.9
065,2026-07-18,2026-07-19,provisional,Nizi,Ituri,198,87,141651,43.9,139.8
065,2026-07-18,2026-07-19,provisional,Nyankunde,Ituri,99,28,97949,28.3,101.1
065,2026-07-18,2026-07-19,provisional,Katwa,Nord-Kivu,98,71,411346,72.4,23.8
065,2026-07-18,2026-07-19,provisional,Lita,Ituri,77,27,128175,35.1,60.1
065,2026-07-18,2026-07-19,provisional,Mangala,Ituri,58,35,92662,60.3,62.6
065,2026-07-18,2026-07-19,provisional,Butembo,Nord-Kivu,57,29,316182,50.9,18.0
065,2026-07-18,2026-07-19,provisional,Nia-Nia,Ituri,49,15,71361,30.6,68.7
065,2026-07-18,2026-07-19,provisional,Beni,Nord-Kivu,37,25,382409,67.6,9.7
065,2026-07-18,2026-07-19,provisional,Bambu,Ituri,36,12,148752,33.3,24.2
065,2026-07-18,2026-07-19,provisional,Komanda,Ituri,27,10,184816,37.0,14.6
065,2026-07-18,2026-07-19,provisional,Tchomia,Ituri,22,5,110386,22.7,19.9
065,2026-07-18,2026-07-19,provisional,Musienene,Nord-Kivu,18,5,249370,27.8,7.2
065,2026-07-18,2026-07-19,provisional,Fataki,Ituri,11,7,128262,63.6,8.6
065,2026-07-18,2026-07-19,provisional,Kilo,Ituri,11,3,55902,27.3,19.7
065,2026-07-18,2026-07-19,provisional,Kyondo,Nord-Kivu,9,4,215154,44.4,4.2
065,2026-07-18,2026-07-19,provisional,Mandima,Ituri,9,4,138196,44.4,6.5
065,2026-07-18,2026-07-19,provisional,Mambasa,Ituri,8,6,95906,75.0,8.3
065,2026-07-18,2026-07-19,provisional,Damas,Ituri,7,0,116731,0.0,6.0
065,2026-07-18,2026-07-19,provisional,Logo,Ituri,7,1,240552,14.3,2.9
065,2026-07-18,2026-07-19,provisional,Ariwara,Ituri,6,1,201273,16.7,3.0
065,2026-07-18,2026-07-19,provisional,Aungba,Ituri,6,2,158181,33.3,3.8
065,2026-07-18,2026-07-19,provisional,Wamba,Haut-Uélé,6,3,131034,50.0,4.6
065,2026-07-18,2026-07-19,provisional,Drodro,Ituri,5,3,154777,60.0,3.2
065,2026-07-18,2026-07-19,provisional,Rimba,Ituri,5,0,211373,0.0,2.4
065,2026-07-18,2026-07-19,provisional,Aru,Ituri,4,1,181110,25.0,2.2
065,2026-07-18,2026-07-19,provisional,Boma Mangbetu,Haut-Uélé,4,2,108493,50.0,3.7
065,2026-07-18,2026-07-19,provisional,Isiro,Haut-Uélé,3,2,244412,66.7,1.2
065,2026-07-18,2026-07-19,provisional,Makiso-Kisangani,Tshopo,3,3,194771,100.0,1.5
065,2026-07-18,2026-07-19,provisional,Masereka,Nord-Kivu,3,0,177664,0.0,1.7
065,2026-07-18,2026-07-19,provisional,Miti-Murhesa,Sud-Kivu,3,1,239135,33.3,1.3
065,2026-07-18,2026-07-19,provisional,Oicha,Nord-Kivu,3,3,336160,100.0,0.9
065,2026-07-18,2026-07-19,provisional,Pawa,Haut-Uélé,3,3,166992,100.0,1.8
065,2026-07-18,2026-07-19,provisional,Kalunguta,Nord-Kivu,2,1,199559,50.0,1.0
065,2026-07-18,2026-07-19,provisional,Kambala,Ituri,2,2,123772,100.0,1.6
065,2026-07-18,2026-07-19,provisional,Lolwa,Ituri,2,1,45779,50.0,4.4
065,2026-07-18,2026-07-19,provisional,Boga,Ituri,1,1,67785,100.0,1.5
065,2026-07-18,2026-07-19,provisional,Gety,Ituri,1,0,186541,0.0,0.5
065,2026-07-18,2026-07-19,provisional,Goma,Nord-Kivu,1,0,251728,0.0,0.4
065,2026-07-18,2026-07-19,provisional,Lubunga,Tshopo,1,0,158178,0.0,0.6
065,2026-07-18,2026-07-19,provisional,Mabalako,Nord-Kivu,1,0,186148,0.0,0.5
065,2026-07-18,2026-07-19,provisional,Mahagi,Ituri,1,0,174551,0.0,0.6
065,2026-07-18,2026-07-19,provisional,Mangobo,Tshopo,1,1,193112,100.0,0.5
065,2026-07-18,2026-07-19,provisional,Vuhovi,Nord-Kivu,1,1,121520,100.0,0.8
082,2026-08-04,2026-08-05,final,Bunia,Ituri,950,289,268128,30.4,354.3
082,2026-08-04,2026-08-05,final,Rwampara,Ituri,692,282,134068,40.8,516.2
082,2026-08-04,2026-08-05,final,Mongbwalu,Ituri,558,268,133371,48.0,418.4
082,2026-08-04,2026-08-05,final,Nizi,Ituri,431,211,141651,49.0,304.3
082,2026-08-04,2026-08-05,final,Katwa,Nord-Kivu,200,129,411346,64.5,48.6
082,2026-08-04,2026-08-05,final,Lita,Ituri,151,89,128175,58.9,117.8
082,2026-08-04,2026-08-05,final,Nyankunde,Ituri,115,35,97949,30.4,117.4
082,2026-08-04,2026-08-05,final,Nia-Nia,Ituri,112,66,71361,58.9,156.9
082,2026-08-04,2026-08-05,final,Mangala,Ituri,108,67,92662,62.0,116.6
082,2026-08-04,2026-08-05,final,Butembo,Nord-Kivu,92,69,316182,75.0,29.1
082,2026-08-04,2026-08-05,final,Bambu,Ituri,69,17,148752,24.6,46.4
082,2026-08-04,2026-08-05,final,Beni,Nord-Kivu,64,49,382409,76.6,16.7
082,2026-08-04,2026-08-05,final,Musienene,Nord-Kivu,45,25,249370,55.6,18.0
082,2026-08-04,2026-08-05,final,Tchomia,Ituri,45,24,110386,53.3,40.8
082,2026-08-04,2026-08-05,final,Fataki,Ituri,40,20,128262,50.0,31.2
082,2026-08-04,2026-08-05,final,Komanda,Ituri,38,27,184816,71.1,20.6
082,2026-08-04,2026-08-05,final,Kilo,Ituri,29,11,55902,37.9,51.9
082,2026-08-04,2026-08-05,final,Isiro,Haut-Uele,25,14,244412,56.0,10.2
082,2026-08-04,2026-08-05,final,Damas,Ituri,18,8,116731,44.4,15.4
082,2026-08-04,2026-08-05,final,Mandima,Ituri,16,12,138196,75.0,11.6
082,2026-08-04,2026-08-05,final,Wamba,Haut-Uele,16,9,131034,56.2,12.2
082,2026-08-04,2026-08-05,final,Kyondo,Nord-Kivu,13,10,215154,76.9,6.0
082,2026-08-04,2026-08-05,final,Boma Mangbetu,Haut-Uele,13,5,108493,38.5,12.0
082,2026-08-04,2026-08-05,final,Pawa,Haut-Uele,12,11,166992,91.7,7.2
082,2026-08-04,2026-08-05,final,Drodro,Ituri,11,6,154777,54.5,7.1
082,2026-08-04,2026-08-05,final,Adja,Ituri,11,1,126314,9.1,8.7
082,2026-08-04,2026-08-05,final,Mambasa,Ituri,10,6,95906,60.0,10.4
082,2026-08-04,2026-08-05,final,Aungba,Ituri,10,5,158181,50.0,6.3
082,2026-08-04,2026-08-05,final,Logo,Ituri,10,5,240552,50.0,4.2
082,2026-08-04,2026-08-05,final,Rimba,Ituri,9,4,211373,44.4,4.3
082,2026-08-04,2026-08-05,final,Kalunguta,Nord-Kivu,8,4,199559,50.0,4.0
082,2026-08-04,2026-08-05,final,Ariwara,Ituri,7,2,201273,28.6,3.5
082,2026-08-04,2026-08-05,final,Lolwa,Ituri,7,2,45779,28.6,15.3
082,2026-08-04,2026-08-05,final,Aru,Ituri,5,5,181110,100.0,2.8
082,2026-08-04,2026-08-05,final,Masereka,Nord-Kivu,5,1,177664,20.0,2.8
082,2026-08-04,2026-08-05,final,Oicha,Nord-Kivu,4,3,336160,75.0,1.2
082,2026-08-04,2026-08-05,final,Mahagi,Ituri,4,1,174551,25.0,2.3
082,2026-08-04,2026-08-05,final,Makiso-Kisangani,Tshopo,3,3,194771,100.0,1.5
082,2026-08-04,2026-08-05,final,Miti-Murhesa,Sud-Kivu,3,1,239135,33.3,1.3
082,2026-08-04,2026-08-05,final,Vuhovi,Nord-Kivu,2,1,121520,50.0,1.6
082,2026-08-04,2026-08-05,final,Kambala,Ituri,2,0,123772,0.0,1.6
082,2026-08-04,2026-08-05,final,Boga,Ituri,1,1,67785,100.0,1.5
082,2026-08-04,2026-08-05,final,Kabondo,Tshopo,1,1,176621,100.0,0.6
082,2026-08-04,2026-08-05,final,Lubero,Nord-Kivu,1,1,266211,100.0,0.4
082,2026-08-04,2026-08-05,final,Mangobo,Tshopo,1,1,193112,100.0,0.5
082,2026-08-04,2026-08-05,final,Gety,Ituri,1,0,186541,0.0,0.5
082,2026-08-04,2026-08-05,final,Goma,Nord-Kivu,1,0,251728,0.0,0.4
082,2026-08-04,2026-08-05,final,Lubunga,Tshopo,1,0,158178,0.0,0.6
082,2026-08-04,2026-08-05,final,Mabalako,Nord-Kivu,1,0,186148,0.0,0.5
082,2026-08-04,2026-08-05,final,Rungu,Haut-Uele,1,0,102430,0.0,1.0
082,2026-08-04,2026-08-05,final,Wanie-Rukula,Tshopo,1,0,83522,0.0,1.2
114,2026-09-05,2026-09-06,final,Bunia,Ituri,1483,462,268128,31.2,553.1
114,2026-09-05,2026-09-06,final,Rwampara,Ituri,985,345,134068,35.0,734.7
114,2026-09-05,2026-09-06,final,Nizi,Ituri,700,272,141651,38.9,494.2
114,2026-09-05,2026-09-06,final,Mongbwalu,Ituri,632,290,133371,45.9,473.9
114,2026-09-05,2026-09-06,final,Katwa,Nord-Kivu,445,291,411346,65.4,108.2
114,2026-09-05,2026-09-06,final,Mangala,Ituri,289,140,92662,48.4,311.9
114,2026-09-05,2026-09-06,final,Lita,Ituri,237,121,128175,51.1,184.9
114,2026-09-05,2026-09-06,final,Nia-Nia,Ituri,226,115,71361,50.9,316.7
114,2026-09-05,2026-09-06,final,Butembo,Nord-Kivu,204,142,316182,69.6,64.5
114,2026-09-05,2026-09-06,final,Bambu,Ituri,171,36,148752,21.1,115.0
114,2026-09-05,2026-09-06,final,Beni,Nord-Kivu,163,121,382409,74.2,42.6
114,2026-09-05,2026-09-06,final,Nyankunde,Ituri,124,35,97949,28.2,126.6
114,2026-09-05,2026-09-06,final,Komanda,Ituri,107,70,184816,65.4,57.9
114,2026-09-05,2026-09-06,final,Musienene,Nord-Kivu,92,50,249370,54.3,36.9
114,2026-09-05,2026-09-06,final,Isiro,Haut-Uele,92,36,244412,39.1,37.6
114,2026-09-05,2026-09-06,final,Wamba,Haut-Uele,83,31,131034,37.3,63.3
114,2026-09-05,2026-09-06,final,Fataki,Ituri,77,30,128262,39.0,60.0
114,2026-09-05,2026-09-06,final,Tchomia,Ituri,60,25,110386,41.7,54.4
114,2026-09-05,2026-09-06,final,Pawa,Haut-Uele,40,22,166992,55.0,24.0
114,2026-09-05,2026-09-06,final,Mandima,Ituri,38,21,138196,55.3,27.5
114,2026-09-05,2026-09-06,final,Kilo,Ituri,33,12,55902,36.4,59.0
114,2026-09-05,2026-09-06,final,Damas,Ituri,30,9,116731,30.0,25.7
114,2026-09-05,2026-09-06,final,Boma Mangbetu,Haut-Uele,29,14,108493,48.3,26.7
114,2026-09-05,2026-09-06,final,Lolwa,Ituri,25,7,45779,28.0,54.6
114,2026-09-05,2026-09-06,final,Kyondo,Nord-Kivu,21,15,215154,71.4,9.8
114,2026-09-05,2026-09-06,final,Mambasa,Ituri,17,7,95906,41.2,17.7
114,2026-09-05,2026-09-06,final,Kalunguta,Nord-Kivu,17,8,199559,47.1,8.5
114,2026-09-05,2026-09-06,final,Drodro,Ituri,15,7,154777,46.7,9.7
114,2026-09-05,2026-09-06,final,Masereka,Nord-Kivu,15,6,177664,40.0,8.4
114,2026-09-05,2026-09-06,final,Logo,Ituri,13,5,240552,38.5,5.4
114,2026-09-05,2026-09-06,final,Aungba,Ituri,12,5,158181,41.7,7.6
114,2026-09-05,2026-09-06,final,Adja,Ituri,11,1,126314,9.1,8.7
114,2026-09-05,2026-09-06,final,Rimba,Ituri,11,4,211373,36.4,5.2
114,2026-09-05,2026-09-06,final,Makiso-Kisangani,Tshopo,10,5,194771,50.0,5.1
114,2026-09-05,2026-09-06,final,Aru,Ituri,8,6,181110,75.0,4.4
114,2026-09-05,2026-09-06,final,Ariwara,Ituri,8,2,201273,25.0,4.0
114,2026-09-05,2026-09-06,final,Mabalako,Nord-Kivu,8,6,186148,75.0,4.3
114,2026-09-05,2026-09-06,final,Oicha,Nord-Kivu,8,6,336160,75.0,2.4
114,2026-09-05,2026-09-06,final,Biena,Nord-Kivu,7,2,,28.6,
114,2026-09-05,2026-09-06,final,Vuhovi,Nord-Kivu,7,4,121520,57.1,5.8
114,2026-09-05,2026-09-06,final,Gety,Ituri,6,2,186541,33.3,3.2
114,2026-09-05,2026-09-06,final,Lubero,Nord-Kivu,6,4,266211,66.7,2.3
114,2026-09-05,2026-09-06,final,Mahagi,Ituri,4,1,174551,25.0,2.3
114,2026-09-05,2026-09-06,final,Kabondo,Tshopo,4,1,176621,25.0,2.3
114,2026-09-05,2026-09-06,final,Manguredjipa,Nord-Kivu,3,2,,66.7,
114,2026-09-05,2026-09-06,final,Gombari,Haut-Uele,3,1,,33.3,
114,2026-09-05,2026-09-06,final,Mangobo,Tshopo,3,2,193112,66.7,1.6
114,2026-09-05,2026-09-06,final,Miti-Murhesa,Sud-Kivu,3,1,239135,33.3,1.3
114,2026-09-05,2026-09-06,final,Boga,Ituri,2,2,67785,100.0,3.0
114,2026-09-05,2026-09-06,final,Kambala,Ituri,2,0,123772,0.0,1.6
114,2026-09-05,2026-09-06,final,Mutwanga,Nord-Kivu,2,2,,100.0,
114,2026-09-05,2026-09-06,final,Rungu,Haut-Uele,2,1,102430,50.0,2.0
114,2026-09-05,2026-09-06,final,Bafwasende,Tshopo,2,0,,0.0,
114,2026-09-05,2026-09-06,final,Ganga,Bas-Uele,2,2,,100.0,
114,2026-09-05,2026-09-06,final,Goma,Nord-Kivu,1,0,251728,0.0,0.4
114,2026-09-05,2026-09-06,final,Kayna,Nord-Kivu,1,0,,0.0,
114,2026-09-05,2026-09-06,final,Lubunga,Tshopo,1,0,158178,0.0,0.6
114,2026-09-05,2026-09-06,final,Tshopo,Tshopo,1,0,,0.0,
114,2026-09-05,2026-09-06,final,Wanie-Rukula,Tshopo,1,1,83522,100.0,1.2
114,2026-09-05,2026-09-06,final,Buta,Bas-Uele,1,1,,100.0,
114,2026-09-05,2026-09-06,final,Viadana,Bas-Uele,1,0,,0.0,
114,2026-09-05,2026-09-06,final,A ventiler,Ituri,,366,,,
116,2026-09-07,2026-09-08,final,Bunia,Ituri,1502,471,268128,31.4,560.2
116,2026-09-07,2026-09-08,final,Rwampara,Ituri,992,347,134068,35.0,739.9
116,2026-09-07,2026-09-08,final,Nizi,Ituri,709,273,141651,38.5,500.5
116,2026-09-07,2026-09-08,final,Mongbwalu,Ituri,638,291,133371,45.6,478.4
116,2026-09-07,2026-09-08,final,Katwa,Nord-Kivu,468,302,411346,64.5,113.8
116,2026-09-07,2026-09-08,final,Mangala,Ituri,295,141,92662,47.8,318.4
116,2026-09-07,2026-09-08,final,Lita,Ituri,245,122,128175,49.8,191.1
116,2026-09-07,2026-09-08,final,Nia-Nia,Ituri,227,115,71361,50.7,318.1
116,2026-09-07,2026-09-08,final,Butembo,Nord-Kivu,211,146,316182,69.2,66.7
116,2026-09-07,2026-09-08,final,Beni,Nord-Kivu,181,135,382409,74.6,47.3
116,2026-09-07,2026-09-08,final,Bambu,Ituri,176,39,148752,22.2,118.3
116,2026-09-07,2026-09-08,final,Nyankunde,Ituri,125,36,97949,28.8,127.6
116,2026-09-07,2026-09-08,final,Komanda,Ituri,117,79,184816,67.5,63.3
116,2026-09-07,2026-09-08,final,Musienene,Nord-Kivu,100,54,249370,54.0,40.1
116,2026-09-07,2026-09-08,final,Isiro,Haut-Uele,92,37,244412,40.2,37.6
116,2026-09-07,2026-09-08,final,Wamba,Haut-Uele,84,31,131034,36.9,64.1
116,2026-09-07,2026-09-08,final,Fataki,Ituri,78,30,128262,38.5,60.8
116,2026-09-07,2026-09-08,final,Tchomia,Ituri,62,25,110386,40.3,56.2
116,2026-09-07,2026-09-08,final,Pawa,Haut-Uele,46,23,166992,50.0,27.5
116,2026-09-07,2026-09-08,final,Mandima,Ituri,42,23,138196,54.8,30.4
116,2026-09-07,2026-09-08,final,Kilo,Ituri,33,12,55902,36.4,59.0
116,2026-09-07,2026-09-08,final,Damas,Ituri,30,9,116731,30.0,25.7
116,2026-09-07,2026-09-08,final,Boma Mangbetu,Haut-Uele,29,14,108493,48.3,26.7
116,2026-09-07,2026-09-08,final,Lolwa,Ituri,25,7,45779,28.0,54.6
116,2026-09-07,2026-09-08,final,Kyondo,Nord-Kivu,23,15,215154,65.2,10.7
116,2026-09-07,2026-09-08,final,Kalunguta,Nord-Kivu,18,9,199559,50.0,9.0
116,2026-09-07,2026-09-08,final,Mambasa,Ituri,17,7,95906,41.2,17.7
116,2026-09-07,2026-09-08,final,Drodro,Ituri,15,7,154777,46.7,9.7
116,2026-09-07,2026-09-08,final,Masereka,Nord-Kivu,15,6,177664,40.0,8.4
116,2026-09-07,2026-09-08,final,Logo,Ituri,13,5,240552,38.5,5.4
116,2026-09-07,2026-09-08,final,Aungba,Ituri,12,5,158181,41.7,7.6
116,2026-09-07,2026-09-08,final,Adja,Ituri,11,1,126314,9.1,8.7
116,2026-09-07,2026-09-08,final,Rimba,Ituri,11,4,211373,36.4,5.2
116,2026-09-07,2026-09-08,final,Mabalako,Nord-Kivu,10,7,186148,70.0,5.4
116,2026-09-07,2026-09-08,final,Makiso-Kisangani,Tshopo,10,5,194771,50.0,5.1
116,2026-09-07,2026-09-08,final,Biena,Nord-Kivu,9,4,,44.4,
116,2026-09-07,2026-09-08,final,Oicha,Nord-Kivu,9,6,336160,66.7,2.7
116,2026-09-07,2026-09-08,final,Ariwara,Ituri,8,2,201273,25.0,4.0
116,2026-09-07,2026-09-08,final,Aru,Ituri,8,6,181110,75.0,4.4
116,2026-09-07,2026-09-08,final,Vuhovi,Nord-Kivu,8,4,121520,50.0,6.6
116,2026-09-07,2026-09-08,final,Gety,Ituri,7,3,186541,42.9,3.8
116,2026-09-07,2026-09-08,final,Lubero,Nord-Kivu,6,4,266211,66.7,2.3
116,2026-09-07,2026-09-08,final,Kabondo,Tshopo,4,1,176621,25.0,2.3
116,2026-09-07,2026-09-08,final,Mahagi,Ituri,4,1,174551,25.0,2.3
116,2026-09-07,2026-09-08,final,Manguredjipa,Nord-Kivu,4,3,,75.0,
116,2026-09-07,2026-09-08,final,Gombari,Haut-Uele,3,1,,33.3,
116,2026-09-07,2026-09-08,final,Mangobo,Tshopo,3,2,193112,66.7,1.6
116,2026-09-07,2026-09-08,final,Miti-Murhesa,Sud-Kivu,3,1,239135,33.3,1.3
116,2026-09-07,2026-09-08,final,Bafwasende,Tshopo,2,0,,0.0,
116,2026-09-07,2026-09-08,final,Boga,Ituri,2,2,67785,100.0,3.0
116,2026-09-07,2026-09-08,final,Ganga,Bas-Uele,2,2,,100.0,
116,2026-09-07,2026-09-08,final,Kambala,Ituri,2,0,123772,0.0,1.6
116,2026-09-07,2026-09-08,final,Mutwanga,Nord-Kivu,2,2,,100.0,
116,2026-09-07,2026-09-08,final,Rungu,Haut-Uele,2,1,102430,50.0,2.0
116,2026-09-07,2026-09-08,final,Buta,Bas-Uele,1,1,,,
116,2026-09-07,2026-09-08,final,Goma,Nord-Kivu,1,0,251728,0.0,0.4
116,2026-09-07,2026-09-08,final,Kayna,Nord-Kivu,1,0,,0.0,
116,2026-09-07,2026-09-08,final,Lubunga,Tshopo,1,0,158178,0.0,0.6
116,2026-09-07,2026-09-08,final,Tshopo,Tshopo,1,0,,0.0,
116,2026-09-07,2026-09-08,final,Viadana,Bas-Uele,1,0,,0.0,
116,2026-09-07,2026-09-08,final,Wanie-Rukula,Tshopo,1,1,83522,100.0,1.2
116,2026-09-07,2026-09-08,final,A ventiler,Ituri,,387,,,
117,2026-09-08,2026-09-09,final,Bunia,Ituri,1523,476,268128,31.3,568.0
117,2026-09-08,2026-09-09,final,Rwampara,Ituri,999,348,134068,34.8,745.1
117,2026-09-08,2026-09-09,final,Nizi,Ituri,723,273,141651,37.8,510.4
117,2026-09-08,2026-09-09,final,Mongbwalu,Ituri,640,293,133371,45.8,479.9
117,2026-09-08,2026-09-09,final,Katwa,Nord-Kivu,477,305,411346,63.9,116.0
117,2026-09-08,2026-09-09,final,Mangala,Ituri,297,141,92662,47.5,320.5
117,2026-09-08,2026-09-09,final,Lita,Ituri,247,122,128175,49.4,192.7
117,2026-09-08,2026-09-09,final,Nia-Nia,Ituri,228,115,71361,50.4,319.5
117,2026-09-08,2026-09-09,final,Butembo,Nord-Kivu,217,148,316182,68.2,68.6
117,2026-09-08,2026-09-09,final,Beni,Nord-Kivu,185,138,382409,74.6,48.4
117,2026-09-08,2026-09-09,final,Bambu,Ituri,176,39,148752,22.2,118.3
117,2026-09-08,2026-09-09,final,Nyankunde,Ituri,125,36,97949,28.8,127.6
117,2026-09-08,2026-09-09,final,Komanda,Ituri,118,80,184816,67.8,63.8
117,2026-09-08,2026-09-09,final,Musienene,Nord-Kivu,101,55,249370,54.5,40.5
117,2026-09-08,2026-09-09,final,Isiro,Haut-Uele,92,37,244412,40.2,37.6
117,2026-09-08,2026-09-09,final,Wamba,Haut-Uele,86,31,131034,36.0,65.6
117,2026-09-08,2026-09-09,final,Fataki,Ituri,78,30,128262,38.5,60.8
117,2026-09-08,2026-09-09,final,Tchomia,Ituri,63,25,110386,39.7,57.1
117,2026-09-08,2026-09-09,final,Pawa,Haut-Uele,46,23,166992,50.0,27.5
117,2026-09-08,2026-09-09,final,Mandima,Ituri,44,24,138196,54.5,31.8
117,2026-09-08,2026-09-09,final,Kilo,Ituri,33,12,55902,36.4,59.0
117,2026-09-08,2026-09-09,final,Damas,Ituri,32,9,116731,28.1,27.4
117,2026-09-08,2026-09-09,final,Boma,Haut-Uele,29,14,,48.3,
117,2026-09-08,2026-09-09,final,Kyondo,Nord-Kivu,25,17,215154,68.0,11.6
117,2026-09-08,2026-09-09,final,Lolwa,Ituri,25,7,45779,28.0,54.6
117,2026-09-08,2026-09-09,final,Kalunguta,Nord-Kivu,20,9,199559,45.0,10.0
117,2026-09-08,2026-09-09,final,Mambasa,Ituri,17,7,95906,41.2,17.7
117,2026-09-08,2026-09-09,final,Drodro,Ituri,15,7,154777,46.7,9.7
117,2026-09-08,2026-09-09,final,Masereka,Nord-Kivu,15,6,177664,40.0,8.4
117,2026-09-08,2026-09-09,final,Logo,Ituri,13,5,240552,38.5,5.4
117,2026-09-08,2026-09-09,final,Aungba,Ituri,12,5,158181,41.7,7.6
117,2026-09-08,2026-09-09,final,Adja,Ituri,11,1,126314,9.1,8.7
117,2026-09-08,2026-09-09,final,Rimba,Ituri,11,4,211373,36.4,5.2
117,2026-09-08,2026-09-09,final,Mabalako,Nord-Kivu,10,7,186148,70.0,5.4
117,2026-09-08,2026-09-09,final,Makiso-Kisangani,Tshopo,10,5,194771,50.0,5.1
117,2026-09-08,2026-09-09,final,Vuhovi,Nord-Kivu,10,5,121520,50.0,8.2
117,2026-09-08,2026-09-09,final,Biena,Nord-Kivu,9,4,,44.4,
117,2026-09-08,2026-09-09,final,Oicha,Nord-Kivu,9,6,336160,66.7,2.7
117,2026-09-08,2026-09-09,final,Ariwara,Ituri,8,2,201273,25.0,4.0
117,2026-09-08,2026-09-09,final,Aru,Ituri,8,6,181110,75.0,4.4
117,2026-09-08,2026-09-09,final,Gety,Ituri,7,3,186541,42.9,3.8
117,2026-09-08,2026-09-09,final,Lubero,Nord-Kivu,7,4,266211,57.1,2.6
117,2026-09-08,2026-09-09,final,Bafwasende,Tshopo,4,0,,0.0,
117,2026-09-08,2026-09-09,final,Kabondo,Tshopo,4,1,176621,25.0,2.3
117,2026-09-08,2026-09-09,final,Mahagi,Ituri,4,1,174551,25.0,2.3
117,2026-09-08,2026-09-09,final,Manguredjipa,Nord-Kivu,4,3,,75.0,
117,2026-09-08,2026-09-09,final,Mangbetu Gombari,Haut-Uele,3,1,,33.3,
117,2026-09-08,2026-09-09,final,Mangobo,Tshopo,3,2,193112,66.7,1.6
117,2026-09-08,2026-09-09,final,Miti-Murhesa,Sud-Kivu,3,1,239135,33.3,1.3
117,2026-09-08,2026-09-09,final,Boga,Ituri,2,2,67785,100.0,3.0
117,2026-09-08,2026-09-09,final,Ganga,Bas-Uele,2,2,,100.0,
117,2026-09-08,2026-09-09,final,Kambala,Ituri,2,0,123772,0.0,1.6
117,2026-09-08,2026-09-09,final,Mutwanga,Nord-Kivu,2,2,,100.0,
117,2026-09-08,2026-09-09,final,Rungu,Haut-Uele,2,1,102430,50.0,2.0
117,2026-09-08,2026-09-09,final,Buta,Bas-Uele,1,1,,100.0,
117,2026-09-08,2026-09-09,final,Goma,Nord-Kivu,1,0,251728,0.0,0.4
117,2026-09-08,2026-09-09,final,Kayna,Nord-Kivu,1,0,,0.0,
117,2026-09-08,2026-09-09,final,Lubunga,Tshopo,1,0,158178,0.0,0.6
117,2026-09-08,2026-09-09,final,Tshopo,Tshopo,1,0,,0.0,
117,2026-09-08,2026-09-09,final,Viadana,Bas-Uele,1,0,,0.0,
117,2026-09-08,2026-09-09,final,Wanie-Rukula,Tshopo,1,1,83522,100.0,1.2
117,2026-09-08,2026-09-09,final,A ventiler,Ituri,,408,,,
118,2026-09-09,2026-09-10,final,Bunia,Ituri,1528,477,268128,31.2,569.9
118,2026-09-09,2026-09-10,final,Rwampara,Ituri,1004,349,134068,34.8,748.9
118,2026-09-09,2026-09-10,final,Nizi,Ituri,726,273,141651,37.6,512.5
118,2026-09-09,2026-09-10,final,Mongbwalu,Ituri,644,294,133371,45.7,482.9
118,2026-09-09,2026-09-10,final,Katwa,Nord-Kivu,486,309,411346,63.6,118.1
118,2026-09-09,2026-09-10,final,Mangala,Ituri,309,146,92662,47.2,333.5
118,2026-09-09,2026-09-10,final,Lita,Ituri,251,123,128175,49.0,195.8
118,2026-09-09,2026-09-10,final,Nia-Nia,Ituri,229,116,71361,50.7,320.9
118,2026-09-09,2026-09-10,final,Butembo,Nord-Kivu,220,149,316182,67.7,69.6
118,2026-09-09,2026-09-10,final,Beni,Nord-Kivu,195,145,382409,74.4,51.0
118,2026-09-09,2026-09-10,final,Bambu,Ituri,177,39,148752,22.0,119.0
118,2026-09-09,2026-09-10,final,Nyankunde,Ituri,125,36,97949,28.8,127.6
118,2026-09-09,2026-09-10,final,Komanda,Ituri,123,82,184816,66.7,66.6
118,2026-09-09,2026-09-10,final,Musienene,Nord-Kivu,103,55,249370,53.4,41.3
118,2026-09-09,2026-09-10,final,Isiro,Haut-Uele,92,38,244412,41.3,37.6
118,2026-09-09,2026-09-10,final,Wamba,Haut-Uele,86,31,131034,36.0,65.6
118,2026-09-09,2026-09-10,final,Fataki,Ituri,78,30,128262,38.5,60.8
118,2026-09-09,2026-09-10,final,Tchomia,Ituri,63,25,110386,39.7,57.1
118,2026-09-09,2026-09-10,final,Pawa,Haut-Uele,52,25,166992,48.1,31.1
118,2026-09-09,2026-09-10,final,Mandima,Ituri,44,24,138196,54.5,31.8
118,2026-09-09,2026-09-10,final,Damas,Ituri,33,9,116731,27.3,28.3
118,2026-09-09,2026-09-10,final,Kilo,Ituri,33,12,55902,36.4,59.0
118,2026-09-09,2026-09-10,final,Lolwa,Ituri,31,8,45779,25.8,67.7
118,2026-09-09,2026-09-10,final,Boma,Haut-Uele,29,14,,48.3,
118,2026-09-09,2026-09-10,final,Kyondo,Nord-Kivu,26,17,215154,65.4,12.1
118,2026-09-09,2026-09-10,final,Kalunguta,Nord-Kivu,23,11,199559,47.8,11.5
118,2026-09-09,2026-09-10,final,Mabalako,Nord-Kivu,18,8,186148,44.4,9.7
118,2026-09-09,2026-09-10,final,Mambasa,Ituri,17,7,95906,41.2,17.7
118,2026-09-09,2026-09-10,final,Drodro,Ituri,15,7,154777,46.7,9.7
118,2026-09-09,2026-09-10,final,Masereka,Nord-Kivu,15,6,177664,40.0,8.4
118,2026-09-09,2026-09-10,final,Vuhovi,Nord-Kivu,14,5,121520,35.7,11.5
118,2026-09-09,2026-09-10,final,Logo,Ituri,13,5,240552,38.5,5.4
118,2026-09-09,2026-09-10,final,Aungba,Ituri,12,5,158181,41.7,7.6
118,2026-09-09,2026-09-10,final,Adja,Ituri,11,1,126314,9.1,8.7
118,2026-09-09,2026-09-10,final,Rimba,Ituri,11,4,211373,36.4,5.2
118,2026-09-09,2026-09-10,final,Biena,Nord-Kivu,10,4,,40.0,
118,2026-09-09,2026-09-10,final,Lubero,Nord-Kivu,10,4,266211,40.0,3.8
118,2026-09-09,2026-09-10,final,Makiso-Kisangani,Tshopo,10,5,194771,50.0,5.1
118,2026-09-09,2026-09-10,final,Oicha,Nord-Kivu,10,7,336160,70.0,3.0
118,2026-09-09,2026-09-10,final,Ariwara,Ituri,8,2,201273,25.0,4.0
118,2026-09-09,2026-09-10,final,Aru,Ituri,8,6,181110,75.0,4.4
118,2026-09-09,2026-09-10,final,Gety,Ituri,7,3,186541,42.9,3.8
118,2026-09-09,2026-09-10,final,Bafwasende,Tshopo,4,0,,0.0,
118,2026-09-09,2026-09-10,final,Kabondo,Tshopo,4,1,176621,25.0,2.3
118,2026-09-09,2026-09-10,final,Mahagi,Ituri,4,1,174551,25.0,2.3
118,2026-09-09,2026-09-10,final,Manguredjipa,Nord-Kivu,4,3,,75.0,
118,2026-09-09,2026-09-10,final,Mangbetu Gombari,Haut-Uele,3,1,,33.3,
118,2026-09-09,2026-09-10,final,Mangobo,Tshopo,3,2,193112,66.7,1.6
118,2026-09-09,2026-09-10,final,Miti-Murhesa,Sud-Kivu,3,1,239135,33.3,1.3
118,2026-09-09,2026-09-10,final,Mutwanga,Nord-Kivu,3,2,,66.7,
118,2026-09-09,2026-09-10,final,Boga,Ituri,2,2,67785,100.0,3.0
118,2026-09-09,2026-09-10,final,Ganga,Bas-Uele,2,2,,100.0,
118,2026-09-09,2026-09-10,final,Kambala,Ituri,2,0,123772,0.0,1.6
118,2026-09-09,2026-09-10,final,Rungu,Haut-Uele,2,1,102430,50.0,2.0
118,2026-09-09,2026-09-10,final,Buta,Bas-Uele,1,1,,100.0,
118,2026-09-09,2026-09-10,final,Goma,Nord-Kivu,1,0,251728,0.0,0.4
118,2026-09-09,2026-09-10,final,Kayna,Nord-Kivu,1,0,,0.0,
118,2026-09-09,2026-09-10,final,Lubunga,Tshopo,1,0,158178,0.0,0.6
118,2026-09-09,2026-09-10,final,Tshopo,Tshopo,1,0,,0.0,
118,2026-09-09,2026-09-10,final,Viadana,Bas-Uele,1,0,,0.0,
118,2026-09-09,2026-09-10,final,Wanie-Rukula,Tshopo,1,1,83522,100.0,1.2
118,2026-09-09,2026-09-10,final,A ventiler,Ituri,,415,,,
119,2026-09-10,2026-09-11,final,Bunia,Ituri,1538,485,268128,31.5,573.6
119,2026-09-10,2026-09-11,final,Rwampara,Ituri,1006,349,134068,34.7,750.4
119,2026-09-10,2026-09-11,final,Nizi,Ituri,727,273,141651,37.6,513.2
119,2026-09-10,2026-09-11,final,Mongbwalu,Ituri,649,295,133371,45.5,486.6
119,2026-09-10,2026-09-11,final,Katwa,Nord-Kivu,499,320,411346,64.1,121.3
119,2026-09-10,2026-09-11,final,Mangala,Ituri,310,146,92662,47.1,334.5
119,2026-09-10,2026-09-11,final,Lita,Ituri,256,125,128175,48.8,199.7
119,2026-09-10,2026-09-11,final,Nia-Nia,Ituri,229,116,71361,50.7,320.9
119,2026-09-10,2026-09-11,final,Butembo,Nord-Kivu,225,150,316182,66.7,71.2
119,2026-09-10,2026-09-11,final,Beni,Nord-Kivu,199,149,382409,74.9,52.0
119,2026-09-10,2026-09-11,final,Bambu,Ituri,178,39,148752,21.9,119.7
119,2026-09-10,2026-09-11,final,Nyankunde,Ituri,125,36,97949,28.8,127.6
119,2026-09-10,2026-09-11,final,Komanda,Ituri,123,82,184816,66.7,66.6
119,2026-09-10,2026-09-11,final,Musienene,Nord-Kivu,110,58,249370,52.7,44.1
119,2026-09-10,2026-09-11,final,Isiro,Haut-Uele,95,40,244412,42.1,38.9
119,2026-09-10,2026-09-11,final,Wamba,Haut-Uele,89,33,131034,37.1,67.9
119,2026-09-10,2026-09-11,final,Fataki,Ituri,78,30,128262,38.5,60.8
119,2026-09-10,2026-09-11,final,Tchomia,Ituri,65,25,110386,38.5,58.9
119,2026-09-10,2026-09-11,final,Pawa,Haut-Uele,52,25,166992,48.1,31.1
119,2026-09-10,2026-09-11,final,Mandima,Ituri,44,24,138196,54.5,31.8
119,2026-09-10,2026-09-11,final,Damas,Ituri,36,9,116731,25.0,30.8
119,2026-09-10,2026-09-11,final,Kilo,Ituri,33,12,55902,36.4,59.0
119,2026-09-10,2026-09-11,final,Lolwa,Ituri,31,8,45779,25.8,67.7
119,2026-09-10,2026-09-11,final,Boma,Haut-Uele,29,14,,48.3,
119,2026-09-10,2026-09-11,final,Kyondo,Nord-Kivu,29,17,215154,58.6,13.5
119,2026-09-10,2026-09-11,final,Kalunguta,Nord-Kivu,24,11,199559,45.8,12.0
119,2026-09-10,2026-09-11,final,Mabalako,Nord-Kivu,18,8,186148,44.4,9.7
119,2026-09-10,2026-09-11,final,Mambasa,Ituri,17,7,95906,41.2,17.7
119,2026-09-10,2026-09-11,final,Biena,Nord-Kivu,15,6,,40.0,
119,2026-09-10,2026-09-11,final,Drodro,Ituri,15,7,154777,46.7,9.7
119,2026-09-10,2026-09-11,final,Masereka,Nord-Kivu,15,6,177664,40.0,8.4
119,2026-09-10,2026-09-11,final,Vuhovi,Nord-Kivu,14,5,121520,35.7,11.5
119,2026-09-10,2026-09-11,final,Logo,Ituri,13,5,240552,38.5,5.4
119,2026-09-10,2026-09-11,final,Aungba,Ituri,12,5,158181,41.7,7.6
119,2026-09-10,2026-09-11,final,Adja,Ituri,11,1,126314,9.1,8.7
119,2026-09-10,2026-09-11,final,Oicha,Nord-Kivu,11,7,336160,63.6,3.3
119,2026-09-10,2026-09-11,final,Rimba,Ituri,11,4,211373,36.4,5.2
119,2026-09-10,2026-09-11,final,Lubero,Nord-Kivu,10,4,266211,40.0,3.8
119,2026-09-10,2026-09-11,final,Makiso-Kisangani,Tshopo,10,5,194771,50.0,5.1
119,2026-09-10,2026-09-11,final,Ariwara,Ituri,8,2,201273,25.0,4.0
119,2026-09-10,2026-09-11,final,Aru,Ituri,8,6,181110,75.0,4.4
119,2026-09-10,2026-09-11,final,Manguredjipa,Nord-Kivu,8,3,,37.5,
119,2026-09-10,2026-09-11,final,Gety,Ituri,7,3,186541,42.9,3.8
119,2026-09-10,2026-09-11,final,Bafwasende,Tshopo,4,0,,0.0,
119,2026-09-10,2026-09-11,final,Kabondo,Tshopo,4,1,176621,25.0,2.3
119,2026-09-10,2026-09-11,final,Mahagi,Ituri,4,1,174551,25.0,2.3
119,2026-09-10,2026-09-11,final,Mangbetu Gombari,Haut-Uele,3,1,,33.3,
119,2026-09-10,2026-09-11,final,Mangobo,Tshopo,3,2,193112,66.7,1.6
119,2026-09-10,2026-09-11,final,Miti-Murhesa,Sud-Kivu,3,1,239135,33.3,1.3
119,2026-09-10,2026-09-11,final,Mutwanga,Nord-Kivu,3,2,,66.7,
119,2026-09-10,2026-09-11,final,Boga,Ituri,2,2,67785,100.0,3.0
119,2026-09-10,2026-09-11,final,Ganga,Bas-Uele,2,2,,100.0,
119,2026-09-10,2026-09-11,final,Kambala,Ituri,2,0,123772,0.0,1.6
119,2026-09-10,2026-09-11,final,Rungu,Haut-Uele,2,1,102430,50.0,2.0
119,2026-09-10,2026-09-11,final,Bulu,Sud-Ubangi,1,1,,100.0,
119,2026-09-10,2026-09-11,final,Buta,Bas-Uele,1,1,,100.0,
119,2026-09-10,2026-09-11,final,Goma,Nord-Kivu,1,0,251728,0.0,0.4
119,2026-09-10,2026-09-11,final,Kayna,Nord-Kivu,1,0,,0.0,
119,2026-09-10,2026-09-11,final,Lubunga,Tshopo,1,0,158178,0.0,0.6
119,2026-09-10,2026-09-11,final,Tshopo,Tshopo,1,0,,0.0,
119,2026-09-10,2026-09-11,final,Viadana,Bas-Uele,1,0,,0.0,
119,2026-09-10,2026-09-11,final,Wanie-Rukula,Tshopo,1,1,83522,100.0,1.2
119,2026-09-10,2026-09-11,final,A ventiler,Ituri,,427,,,
120,2026-09-11,2026-09-12,final,Bunia,Ituri,1550,487,268128,31.4,578.1
120,2026-09-11,2026-09-12,final,Rwampara,Ituri,1007,349,134068,34.7,751.1
120,2026-09-11,2026-09-12,final,Nizi,Ituri,729,273,141651,37.4,514.6
120,2026-09-11,2026-09-12,final,Mongbwalu,Ituri,654,296,133371,45.3,490.4
120,2026-09-11,2026-09-12,final,Katwa,Nord-Kivu,513,330,411346,64.3,124.7
120,2026-09-11,2026-09-12,final,Mangala,Ituri,310,146,92662,47.1,334.5
120,2026-09-11,2026-09-12,final,Lita,Ituri,256,125,128175,48.8,199.7
120,2026-09-11,2026-09-12,final,Nia-Nia,Ituri,232,117,71361,50.4,325.1
120,2026-09-11,2026-09-12,final,Butembo,Nord-Kivu,230,152,316182,66.1,72.7
120,2026-09-11,2026-09-12,final,Beni,Nord-Kivu,208,156,382409,75.0,54.4
120,2026-09-11,2026-09-12,final,Bambu,Ituri,179,39,148752,21.8,120.3
120,2026-09-11,2026-09-12,final,Komanda,Ituri,127,84,184816,66.1,68.7
120,2026-09-11,2026-09-12,final,Nyankunde,Ituri,125,36,97949,28.8,127.6
120,2026-09-11,2026-09-12,final,Musienene,Nord-Kivu,113,59,249370,52.2,45.3
120,2026-09-11,2026-09-12,final,Isiro,Haut-Uele,96,41,244412,42.7,39.3
120,2026-09-11,2026-09-12,final,Wamba,Haut-Uele,89,33,131034,37.1,67.9
120,2026-09-11,2026-09-12,final,Fataki,Ituri,78,30,128262,38.5,60.8
120,2026-09-11,2026-09-12,final,Tchomia,Ituri,68,25,110386,36.8,61.6
120,2026-09-11,2026-09-12,final,Pawa,Haut-Uele,57,25,166992,43.9,34.1
120,2026-09-11,2026-09-12,final,Mandima,Ituri,46,24,138196,52.2,33.3
120,2026-09-11,2026-09-12,final,Damas,Ituri,36,9,116731,25.0,30.8
120,2026-09-11,2026-09-12,final,Kilo,Ituri,33,12,55902,36.4,59.0
120,2026-09-11,2026-09-12,final,Lolwa,Ituri,31,8,45779,25.8,67.7
120,2026-09-11,2026-09-12,final,Boma,Haut-Uele,29,14,,48.3,
120,2026-09-11,2026-09-12,final,Kalunguta,Nord-Kivu,29,12,199559,41.4,14.5
120,2026-09-11,2026-09-12,final,Kyondo,Nord-Kivu,29,18,215154,62.1,13.5
120,2026-09-11,2026-09-12,final,Mabalako,Nord-Kivu,19,9,186148,47.4,10.2
120,2026-09-11,2026-09-12,final,Masereka,Nord-Kivu,19,8,177664,42.1,10.7
120,2026-09-11,2026-09-12,final,Mambasa,Ituri,17,7,95906,41.2,17.7
120,2026-09-11,2026-09-12,final,Vuhovi,Nord-Kivu,16,5,121520,31.3,13.2
120,2026-09-11,2026-09-12,final,Biena,Nord-Kivu,15,6,,40.0,
120,2026-09-11,2026-09-12,final,Drodro,Ituri,15,7,154777,46.7,9.7
120,2026-09-11,2026-09-12,final,Lubero,Nord-Kivu,15,7,266211,46.7,5.6
120,2026-09-11,2026-09-12,final,Logo,Ituri,13,5,240552,38.5,5.4
120,2026-09-11,2026-09-12,final,Aungba,Ituri,12,5,158181,41.7,7.6
120,2026-09-11,2026-09-12,final,Adja,Ituri,11,1,126314,9.1,8.7
120,2026-09-11,2026-09-12,final,Oicha,Nord-Kivu,11,7,336160,63.6,3.3
120,2026-09-11,2026-09-12,final,Rimba,Ituri,11,4,211373,36.4,5.2
120,2026-09-11,2026-09-12,final,Makiso-Kisangani,Tshopo,10,5,194771,50.0,5.1
120,2026-09-11,2026-09-12,final,Ariwara,Ituri,8,2,201273,25.0,4.0
120,2026-09-11,2026-09-12,final,Aru,Ituri,8,6,181110,75.0,4.4
120,2026-09-11,2026-09-12,final,Manguredjipa,Nord-Kivu,8,3,,37.5,
120,2026-09-11,2026-09-12,final,Gety,Ituri,7,3,186541,42.9,3.8
120,2026-09-11,2026-09-12,final,Bafwasende,Tshopo,5,1,,20.0,
120,2026-09-11,2026-09-12,final,Mutwanga,Nord-Kivu,5,2,,40.0,
120,2026-09-11,2026-09-12,final,Kabondo,Tshopo,4,1,176621,25.0,2.3
120,2026-09-11,2026-09-12,final,Mahagi,Ituri,4,1,174551,25.0,2.3
120,2026-09-11,2026-09-12,final,Ganga,Bas-Uele,3,2,,66.7,
120,2026-09-11,2026-09-12,final,Mangbetu Gombari,Haut-Uele,3,1,,33.3,
120,2026-09-11,2026-09-12,final,Mangobo,Tshopo,3,2,193112,66.7,1.6
120,2026-09-11,2026-09-12,final,Miti-Murhesa,Sud-Kivu,3,1,239135,33.3,1.3
120,2026-09-11,2026-09-12,final,Boga,Ituri,2,2,67785,100.0,3.0
120,2026-09-11,2026-09-12,final,Kambala,Ituri,2,0,123772,0.0,1.6
120,2026-09-11,2026-09-12,final,Rungu,Haut-Uele,2,1,102430,50.0,2.0
120,2026-09-11,2026-09-12,final,Bulu,Sud-Ubangi,1,1,,100.0,
120,2026-09-11,2026-09-12,final,Buta,Bas-Uele,1,1,,100.0,
120,2026-09-11,2026-09-12,final,Goma,Nord-Kivu,1,0,251728,0.0,0.4
120,2026-09-11,2026-09-12,final,Kayna,Nord-Kivu,1,0,,0.0,
120,2026-09-11,2026-09-12,final,Lubunga,Tshopo,1,0,158178,0.0,0.6
120,2026-09-11,2026-09-12,final,Tshopo,Tshopo,1,0,,0.0,
120,2026-09-11,2026-09-12,final,Viadana,Bas-Uele,1,0,,0.0,
120,2026-09-11,2026-09-12,final,Wanie-Rukula,Tshopo,1,1,83522,100.0,1.2
120,2026-09-11,2026-09-12,final,A ventiler,Ituri,,430,,,
121,2026-09-12,2026-09-13,final,Bunia,Ituri,1564,495,268128,31.6,583.3
121,2026-09-12,2026-09-13,final,Rwampara,Ituri,1013,349,134068,34.5,755.6
121,2026-09-12,2026-09-13,final,Nizi,Ituri,729,273,141651,37.4,514.6
121,2026-09-12,2026-09-13,final,Mongbwalu,Ituri,658,298,133371,45.3,493.4
121,2026-09-12,2026-09-13,final,Katwa,Nord-Kivu,523,332,411346,63.5,127.1
121,2026-09-12,2026-09-13,final,Mangala,Ituri,312,146,92662,46.8,336.7
121,2026-09-12,2026-09-13,final,Lita,Ituri,259,127,128175,49.0,202.1
121,2026-09-12,2026-09-13,final,Nia-Nia,Ituri,237,120,71361,50.6,332.1
121,2026-09-12,2026-09-13,final,Butembo,Nord-Kivu,236,152,316182,64.4,74.6
121,2026-09-12,2026-09-13,final,Beni,Nord-Kivu,222,162,382409,73.0,58.1
121,2026-09-12,2026-09-13,final,Bambu,Ituri,179,39,148752,21.8,120.3
121,2026-09-12,2026-09-13,final,Komanda,Ituri,132,88,184816,66.7,71.4
121,2026-09-12,2026-09-13,final,Nyankunde,Ituri,125,36,97949,28.8,127.6
121,2026-09-12,2026-09-13,final,Musienene,Nord-Kivu,115,62,249370,53.9,46.1
121,2026-09-12,2026-09-13,final,Isiro,Haut-Uele,96,41,244412,42.7,39.3
121,2026-09-12,2026-09-13,final,Wamba,Haut-Uele,89,33,131034,37.1,67.9
121,2026-09-12,2026-09-13,final,Fataki,Ituri,78,30,128262,38.5,60.8
121,2026-09-12,2026-09-13,final,Tchomia,Ituri,69,25,110386,36.2,62.5
121,2026-09-12,2026-09-13,final,Pawa,Haut-Uele,57,25,166992,43.9,34.1
121,2026-09-12,2026-09-13,final,Mandima,Ituri,47,25,138196,53.2,34.0
121,2026-09-12,2026-09-13,final,Damas,Ituri,39,9,116731,23.1,33.4
121,2026-09-12,2026-09-13,final,Kilo,Ituri,33,12,55902,36.4,59.0
121,2026-09-12,2026-09-13,final,Boma,Haut-Uele,32,14,,43.8,
121,2026-09-12,2026-09-13,final,Lolwa,Ituri,31,8,45779,25.8,67.7
121,2026-09-12,2026-09-13,final,Kalunguta,Nord-Kivu,30,12,199559,40.0,15.0
121,2026-09-12,2026-09-13,final,Kyondo,Nord-Kivu,29,18,215154,62.1,13.5
121,2026-09-12,2026-09-13,final,Masereka,Nord-Kivu,20,8,177664,40.0,11.3
121,2026-09-12,2026-09-13,final,Mabalako,Nord-Kivu,19,9,186148,47.4,10.2
121,2026-09-12,2026-09-13,final,Mambasa,Ituri,17,7,95906,41.2,17.7
121,2026-09-12,2026-09-13,final,Vuhovi,Nord-Kivu,17,5,121520,29.4,14.0
121,2026-09-12,2026-09-13,final,Biena,Nord-Kivu,16,7,,43.8,
121,2026-09-12,2026-09-13,final,Drodro,Ituri,15,7,154777,46.7,9.7
121,2026-09-12,2026-09-13,final,Lubero,Nord-Kivu,15,7,266211,46.7,5.6
121,2026-09-12,2026-09-13,final,Logo,Ituri,13,5,240552,38.5,5.4
121,2026-09-12,2026-09-13,final,Aungba,Ituri,12,5,158181,41.7,7.6
121,2026-09-12,2026-09-13,final,Adja,Ituri,11,1,126314,9.1,8.7
121,2026-09-12,2026-09-13,final,Oicha,Nord-Kivu,11,7,336160,63.6,3.3
121,2026-09-12,2026-09-13,final,Rimba,Ituri,11,4,211373,36.4,5.2
121,2026-09-12,2026-09-13,final,Makiso-Kisangani,Tshopo,10,5,194771,50.0,5.1
121,2026-09-12,2026-09-13,final,Ariwara,Ituri,8,2,201273,25.0,4.0
121,2026-09-12,2026-09-13,final,Aru,Ituri,8,6,181110,75.0,4.4
121,2026-09-12,2026-09-13,final,Manguredjipa,Nord-Kivu,8,3,,37.5,
121,2026-09-12,2026-09-13,final,Bafwasende,Tshopo,7,1,,14.3,
121,2026-09-12,2026-09-13,final,Gety,Ituri,7,3,186541,42.9,3.8
121,2026-09-12,2026-09-13,final,Mutwanga,Nord-Kivu,6,2,,33.3,
121,2026-09-12,2026-09-13,final,Kabondo,Tshopo,4,1,176621,25.0,2.3
121,2026-09-12,2026-09-13,final,Mahagi,Ituri,4,1,174551,25.0,2.3
121,2026-09-12,2026-09-13,final,Mangobo,Tshopo,4,2,193112,50.0,2.1
121,2026-09-12,2026-09-13,final,Ganga,Bas-Uele,3,2,,66.7,
121,2026-09-12,2026-09-13,final,Mangbetu Gombari,Haut-Uele,3,1,,33.3,
121,2026-09-12,2026-09-13,final,Miti-Murhesa,Sud-Kivu,3,1,239135,33.3,1.3
121,2026-09-12,2026-09-13,final,Boga,Ituri,2,2,67785,100.0,3.0
121,2026-09-12,2026-09-13,final,Kambala,Ituri,2,0,123772,0.0,1.6
121,2026-09-12,2026-09-13,final,Rungu,Haut-Uele,2,1,102430,50.0,2.0
121,2026-09-12,2026-09-13,final,Bulu,Sud-Ubangi,1,1,,100.0,
121,2026-09-12,2026-09-13,final,Buta,Bas-Uele,1,1,,100.0,
121,2026-09-12,2026-09-13,final,Goma,Nord-Kivu,1,0,251728,0.0,0.4
121,2026-09-12,2026-09-13,final,Kayna,Nord-Kivu,1,0,,0.0,
121,2026-09-12,2026-09-13,final,Lubunga,Tshopo,1,0,158178,0.0,0.6
121,2026-09-12,2026-09-13,final,Tshopo,Tshopo,1,0,,0.0,
121,2026-09-12,2026-09-13,final,Viadana,Bas-Uele,1,0,,0.0,
121,2026-09-12,2026-09-13,final,Wanie-Rukula,Tshopo,1,1,83522,100.0,1.2
121,2026-09-12,2026-09-13,final,A ventiler,Ituri,,436,,,
122,2026-09-13,2026-09-14,final,Bunia,Ituri,1583,505,268128,31.9,590.4
122,2026-09-13,2026-09-14,final,Rwampara,Ituri,1019,349,134068,34.2,760.1
122,2026-09-13,2026-09-14,final,Nizi,Ituri,732,273,141651,37.3,516.8
122,2026-09-13,2026-09-14,final,Mongbwalu,Ituri,663,303,133371,45.7,497.1
122,2026-09-13,2026-09-14,final,Katwa,Nord-Kivu,523,332,411346,63.5,127.1
122,2026-09-13,2026-09-14,final,Mangala,Ituri,313,146,92662,46.6,337.8
122,2026-09-13,2026-09-14,final,Lita,Ituri,262,130,128175,49.6,204.4
122,2026-09-13,2026-09-14,final,Butembo,Nord-Kivu,239,157,316182,65.7,75.6
122,2026-09-13,2026-09-14,final,Nia-Nia,Ituri,239,120,71361,50.2,334.9
122,2026-09-13,2026-09-14,final,Beni,Nord-Kivu,228,166,382409,72.8,59.6
122,2026-09-13,2026-09-14,final,Bambu,Ituri,179,39,148752,21.8,120.3
122,2026-09-13,2026-09-14,final,Komanda,Ituri,135,88,184816,65.2,73.0
122,2026-09-13,2026-09-14,final,Nyankunde,Ituri,125,36,97949,28.8,127.6
122,2026-09-13,2026-09-14,final,Musienene,Nord-Kivu,116,63,249370,54.3,46.5
122,2026-09-13,2026-09-14,final,Isiro,Haut-Uele,97,41,244412,42.3,39.7
122,2026-09-13,2026-09-14,final,Wamba,Haut-Uele,89,33,131034,37.1,67.9
122,2026-09-13,2026-09-14,final,Fataki,Ituri,78,30,128262,38.5,60.8
122,2026-09-13,2026-09-14,final,Tchomia,Ituri,71,25,110386,35.2,64.3
122,2026-09-13,2026-09-14,final,Pawa,Haut-Uele,58,25,166992,43.1,34.7
122,2026-09-13,2026-09-14,final,Mandima,Ituri,47,25,138196,53.2,34.0
122,2026-09-13,2026-09-14,final,Damas,Ituri,39,9,116731,23.1,33.4
122,2026-09-13,2026-09-14,final,Kilo,Ituri,33,12,55902,36.4,59.0
122,2026-09-13,2026-09-14,final,Boma,Haut-Uele,32,14,,43.8,
122,2026-09-13,2026-09-14,final,Lolwa,Ituri,31,8,45779,25.8,67.7
122,2026-09-13,2026-09-14,final,Kalunguta,Nord-Kivu,30,12,199559,40.0,15.0
122,2026-09-13,2026-09-14,final,Kyondo,Nord-Kivu,30,19,215154,63.3,13.9
122,2026-09-13,2026-09-14,final,Masereka,Nord-Kivu,20,8,177664,40.0,11.3
122,2026-09-13,2026-09-14,final,Mabalako,Nord-Kivu,19,9,186148,47.4,10.2
122,2026-09-13,2026-09-14,final,Biena,Nord-Kivu,17,7,,41.2,
122,2026-09-13,2026-09-14,final,Mambasa,Ituri,17,7,95906,41.2,17.7
122,2026-09-13,2026-09-14,final,Vuhovi,Nord-Kivu,17,5,121520,29.4,14.0
122,2026-09-13,2026-09-14,final,Drodro,Ituri,15,7,154777,46.7,9.7
122,2026-09-13,2026-09-14,final,Lubero,Nord-Kivu,15,7,266211,46.7,5.6
122,2026-09-13,2026-09-14,final,Logo,Ituri,13,5,240552,38.5,5.4
122,2026-09-13,2026-09-14,final,Aungba,Ituri,12,5,158181,41.7,7.6
122,2026-09-13,2026-09-14,final,Adja,Ituri,11,1,126314,9.1,8.7
122,2026-09-13,2026-09-14,final,Oicha,Nord-Kivu,11,7,336160,63.6,3.3
122,2026-09-13,2026-09-14,final,Rimba,Ituri,11,4,211373,36.4,5.2
122,2026-09-13,2026-09-14,final,Makiso-Kisangani,Tshopo,10,5,194771,50.0,5.1
122,2026-09-13,2026-09-14,final,Ariwara,Ituri,8,2,201273,25.0,4.0
122,2026-09-13,2026-09-14,final,Aru,Ituri,8,6,181110,75.0,4.4
122,2026-09-13,2026-09-14,final,Manguredjipa,Nord-Kivu,8,3,,37.5,
122,2026-09-13,2026-09-14,final,Bafwasende,Tshopo,7,1,,14.3,
122,2026-09-13,2026-09-14,final,Gety,Ituri,7,3,186541,42.9,3.8
122,2026-09-13,2026-09-14,final,Mutwanga,Nord-Kivu,6,2,,33.3,
122,2026-09-13,2026-09-14,final,Kabondo,Tshopo,4,1,176621,25.0,2.3
122,2026-09-13,2026-09-14,final,Mahagi,Ituri,4,1,174551,25.0,2.3
122,2026-09-13,2026-09-14,final,Mangobo,Tshopo,4,2,193112,50.0,2.1
122,2026-09-13,2026-09-14,final,Ganga,Bas-Uele,3,2,,66.7,
122,2026-09-13,2026-09-14,final,Mangbetu Gombari,Haut-Uele,3,1,,33.3,
122,2026-09-13,2026-09-14,final,Miti-Murhesa,Sud-Kivu,3,1,239135,33.3,1.3
122,2026-09-13,2026-09-14,final,Boga,Ituri,2,2,67785,100.0,3.0
122,2026-09-13,2026-09-14,final,Kambala,Ituri,2,0,123772,0.0,1.6
122,2026-09-13,2026-09-14,final,Rungu,Haut-Uele,2,1,102430,50.0,2.0
122,2026-09-13,2026-09-14,final,Bulu,Sud-Ubangi,1,1,,100.0,
122,2026-09-13,2026-09-14,final,Buta,Bas-Uele,1,1,,100.0,
122,2026-09-13,2026-09-14,final,Goma,Nord-Kivu,1,0,251728,0.0,0.4
122,2026-09-13,2026-09-14,final,Kayna,Nord-Kivu,1,0,,0.0,
122,2026-09-13,2026-09-14,final,Lubunga,Tshopo,1,0,158178,0.0,0.6
122,2026-09-13,2026-09-14,final,Tshopo,Tshopo,1,0,,0.0,
122,2026-09-13,2026-09-14,final,Viadana,Bas-Uele,1,0,,0.0,
122,2026-09-13,2026-09-14,final,Wanie-Rukula,Tshopo,1,1,83522,100.0,1.2
122,2026-09-13,2026-09-14,final,A ventiler,Ituri,,442,,,
123,2026-09-14,2026-09-15,final,Bunia,Ituri,1603,508,268128,31.7,597.8
123,2026-09-14,2026-09-15,final,Rwampara,Ituri,1026,349,134068,34.0,765.3
123,2026-09-14,2026-09-15,final,Nizi,Ituri,737,273,141651,37.0,520.3
123,2026-09-14,2026-09-15,final,Mongbwalu,Ituri,666,305,133371,45.8,499.4
123,2026-09-14,2026-09-15,final,Katwa,Nord-Kivu,533,337,411346,63.2,129.6
123,2026-09-14,2026-09-15,final,Mangala,Ituri,315,146,92662,46.3,339.9
123,2026-09-14,2026-09-15,final,Lita,Ituri,264,130,128175,49.2,206.0
123,2026-09-14,2026-09-15,final,Nia-Nia,Ituri,245,126,71361,51.4,343.3
123,2026-09-14,2026-09-15,final,Butembo,Nord-Kivu,240,157,316182,65.4,75.9
123,2026-09-14,2026-09-15,final,Beni,Nord-Kivu,231,170,382409,73.6,60.4
123,2026-09-14,2026-09-15,final,Bambu,Ituri,179,39,148752,21.8,120.3
123,2026-09-14,2026-09-15,final,Komanda,Ituri,136,88,184816,64.7,73.6
123,2026-09-14,2026-09-15,final,Nyankunde,Ituri,125,36,97949,28.8,127.6
123,2026-09-14,2026-09-15,final,Musienene,Nord-Kivu,117,64,249370,54.7,46.9
123,2026-09-14,2026-09-15,final,Isiro,Haut-Uele,98,42,244412,42.9,40.1
123,2026-09-14,2026-09-15,final,Wamba,Haut-Uele,92,33,131034,35.9,70.2
123,2026-09-14,2026-09-15,final,Fataki,Ituri,78,30,128262,38.5,60.8
123,2026-09-14,2026-09-15,final,Tchomia,Ituri,73,25,110386,34.2,66.1
123,2026-09-14,2026-09-15,final,Pawa,Haut-Uele,61,26,166992,42.6,36.5
123,2026-09-14,2026-09-15,final,Mandima,Ituri,56,31,138196,55.4,40.5
123,2026-09-14,2026-09-15,final,Damas,Ituri,39,9,116731,23.1,33.4
123,2026-09-14,2026-09-15,final,Boma,Haut-Uele,34,15,,44.1,
123,2026-09-14,2026-09-15,final,Kilo,Ituri,33,12,55902,36.4,59.0
123,2026-09-14,2026-09-15,final,Kalunguta,Nord-Kivu,32,12,199559,37.5,16.0
123,2026-09-14,2026-09-15,final,Lolwa,Ituri,31,8,45779,25.8,67.7
123,2026-09-14,2026-09-15,final,Kyondo,Nord-Kivu,30,19,215154,63.3,13.9
123,2026-09-14,2026-09-15,final,Masereka,Nord-Kivu,21,9,177664,42.9,11.8
123,2026-09-14,2026-09-15,final,Mabalako,Nord-Kivu,19,9,186148,47.4,10.2
123,2026-09-14,2026-09-15,final,Biena,Nord-Kivu,18,7,,38.9,
123,2026-09-14,2026-09-15,final,Vuhovi,Nord-Kivu,18,5,121520,27.8,14.8
123,2026-09-14,2026-09-15,final,Mambasa,Ituri,17,7,95906,41.2,17.7
123,2026-09-14,2026-09-15,final,Drodro,Ituri,15,7,154777,46.7,9.7
123,2026-09-14,2026-09-15,final,Lubero,Nord-Kivu,15,7,266211,46.7,5.6
123,2026-09-14,2026-09-15,final,Logo,Ituri,13,5,240552,38.5,5.4
123,2026-09-14,2026-09-15,final,Aungba,Ituri,12,5,158181,41.7,7.6
123,2026-09-14,2026-09-15,final,Adja,Ituri,11,1,126314,9.1,8.7
123,2026-09-14,2026-09-15,final,Oicha,Nord-Kivu,11,7,336160,63.6,3.3
123,2026-09-14,2026-09-15,final,Rimba,Ituri,11,4,211373,36.4,5.2
123,2026-09-14,2026-09-15,final,Makiso-Kisangani,Tshopo,10,5,194771,50.0,5.1
123,2026-09-14,2026-09-15,final,Manguredjipa,Nord-Kivu,9,3,,33.3,
123,2026-09-14,2026-09-15,final,Ariwara,Ituri,8,2,201273,25.0,4.0
123,2026-09-14,2026-09-15,final,Aru,Ituri,8,6,181110,75.0,4.4
123,2026-09-14,2026-09-15,final,Bafwasende,Tshopo,7,1,,14.3,
123,2026-09-14,2026-09-15,final,Gety,Ituri,7,3,186541,42.9,3.8
123,2026-09-14,2026-09-15,final,Mutwanga,Nord-Kivu,6,2,,33.3,
123,2026-09-14,2026-09-15,final,Kabondo,Tshopo,4,1,176621,25.0,2.3
123,2026-09-14,2026-09-15,final,Mahagi,Ituri,4,1,174551,25.0,2.3
123,2026-09-14,2026-09-15,final,Mangobo,Tshopo,4,2,193112,50.0,2.1
123,2026-09-14,2026-09-15,final,Ganga,Bas-Uele,3,2,,66.7,
123,2026-09-14,2026-09-15,final,Mangbetu Gombari,Haut-Uele,3,1,,33.3,
123,2026-09-14,2026-09-15,final,Miti-Murhesa,Sud-Kivu,3,1,239135,33.3,1.3
123,2026-09-14,2026-09-15,final,Boga,Ituri,2,2,67785,100.0,3.0
123,2026-09-14,2026-09-15,final,Kambala,Ituri,2,0,123772,0.0,1.6
123,2026-09-14,2026-09-15,final,Rungu,Haut-Uele,2,1,102430,50.0,2.0
123,2026-09-14,2026-09-15,final,Bulu,Sud-Ubangi,1,1,,100.0,
123,2026-09-14,2026-09-15,final,Buta,Bas-Uele,1,1,,100.0,
123,2026-09-14,2026-09-15,final,Goma,Nord-Kivu,1,0,251728,0.0,0.4
123,2026-09-14,2026-09-15,final,Kayna,Nord-Kivu,1,0,,0.0,
123,2026-09-14,2026-09-15,final,Lubunga,Tshopo,1,0,158178,0.0,0.6
123,2026-09-14,2026-09-15,final,Tshopo,Tshopo,1,0,,0.0,
123,2026-09-14,2026-09-15,final,Viadana,Bas-Uele,1,0,,0.0,
123,2026-09-14,2026-09-15,final,Wanie-Rukula,Tshopo,1,1,83522,100.0,1.2
123,2026-09-14,2026-09-15,final,A ventiler,Ituri,,446,,,
124,2026-09-15,2026-09-16,final,Bunia,Ituri,1611,510,268128,31.7,600.8
124,2026-09-15,2026-09-16,final,Rwampara,Ituri,1029,350,134068,34.0,767.5
124,2026-09-15,2026-09-16,final,Nizi,Ituri,742,273,141651,36.8,523.8
124,2026-09-15,2026-09-16,final,Mongbwalu,Ituri,670,307,133371,45.8,502.4
124,2026-09-15,2026-09-16,final,Katwa,Nord-Kivu,533,337,411346,63.2,129.6
124,2026-09-15,2026-09-16,final,Mangala,Ituri,322,146,92662,45.3,347.5
124,2026-09-15,2026-09-16,final,Lita,Ituri,264,130,128175,49.2,206.0
124,2026-09-15,2026-09-16,final,Nia-Nia,Ituri,248,128,71361,51.6,347.5
124,2026-09-15,2026-09-16,final,Butembo,Nord-Kivu,242,157,316182,64.9,76.5
124,2026-09-15,2026-09-16,final,Beni,Nord-Kivu,241,178,382409,73.9,63.0
124,2026-09-15,2026-09-16,final,Bambu,Ituri,179,39,148752,21.8,120.3
124,2026-09-15,2026-09-16,final,Komanda,Ituri,136,88,184816,64.7,73.6
124,2026-09-15,2026-09-16,final,Nyankunde,Ituri,125,36,97949,28.8,127.6
124,2026-09-15,2026-09-16,final,Musienene,Nord-Kivu,117,64,249370,54.7,46.9
124,2026-09-15,2026-09-16,final,Isiro,Haut-Uele,98,42,244412,42.9,40.1
124,2026-09-15,2026-09-16,final,Wamba,Haut-Uele,92,33,131034,35.9,70.2
124,2026-09-15,2026-09-16,final,Fataki,Ituri,79,30,128262,38.0,61.6
124,2026-09-15,2026-09-16,final,Tchomia,Ituri,75,25,110386,33.3,67.9
124,2026-09-15,2026-09-16,final,Pawa,Haut-Uele,61,26,166992,42.6,36.5
124,2026-09-15,2026-09-16,final,Mandima,Ituri,57,32,138196,56.1,41.2
124,2026-09-15,2026-09-16,final,Damas,Ituri,40,9,116731,22.5,34.3
124,2026-09-15,2026-09-16,final,Kalunguta,Nord-Kivu,36,12,199559,33.3,18.0
124,2026-09-15,2026-09-16,final,Boma Mangbetu,Haut-Uele,34,15,108493,44.1,31.3
124,2026-09-15,2026-09-16,final,Kilo,Ituri,33,12,55902,36.4,59.0
124,2026-09-15,2026-09-16,final,Lolwa,Ituri,31,8,45779,25.8,67.7
124,2026-09-15,2026-09-16,final,Kyondo,Nord-Kivu,30,20,215154,66.7,13.9
124,2026-09-15,2026-09-16,final,Masereka,Nord-Kivu,23,9,177664,39.1,12.9
124,2026-09-15,2026-09-16,final,Vuhovi,Nord-Kivu,20,6,121520,30.0,16.5
124,2026-09-15,2026-09-16,final,Mabalako,Nord-Kivu,19,9,186148,47.4,10.2
124,2026-09-15,2026-09-16,final,Biena,Nord-Kivu,18,7,,38.9,
124,2026-09-15,2026-09-16,final,Mambasa,Ituri,17,7,95906,41.2,17.7
124,2026-09-15,2026-09-16,final,Drodro,Ituri,15,7,154777,46.7,9.7
124,2026-09-15,2026-09-16,final,Lubero,Nord-Kivu,15,7,266211,46.7,5.6
124,2026-09-15,2026-09-16,final,Logo,Ituri,13,5,240552,38.5,5.4
124,2026-09-15,2026-09-16,final,Aungba,Ituri,12,5,158181,41.7,7.6
124,2026-09-15,2026-09-16,final,Oicha,Nord-Kivu,12,10,336160,83.3,3.6
124,2026-09-15,2026-09-16,final,Adja,Ituri,11,1,126314,9.1,8.7
124,2026-09-15,2026-09-16,final,Makiso-Kisangani,Tshopo,11,5,194771,45.5,5.6
124,2026-09-15,2026-09-16,final,Rimba,Ituri,11,4,211373,36.4,5.2
124,2026-09-15,2026-09-16,final,Manguredjipa,Nord-Kivu,9,3,,33.3,
124,2026-09-15,2026-09-16,final,Ariwara,Ituri,8,2,201273,25.0,4.0
124,2026-09-15,2026-09-16,final,Aru,Ituri,8,6,181110,75.0,4.4
124,2026-09-15,2026-09-16,final,Bafwasende,Tshopo,7,1,,14.3,
124,2026-09-15,2026-09-16,final,Gety,Ituri,7,3,186541,42.9,3.8
124,2026-09-15,2026-09-16,final,Mutwanga,Nord-Kivu,6,2,,33.3,
124,2026-09-15,2026-09-16,final,Kabondo,Tshopo,4,1,176621,25.0,2.3
124,2026-09-15,2026-09-16,final,Mahagi,Ituri,4,1,174551,25.0,2.3
124,2026-09-15,2026-09-16,final,Mangobo,Tshopo,4,2,193112,50.0,2.1
124,2026-09-15,2026-09-16,final,Ganga,Bas-Uele,3,2,,66.7,
124,2026-09-15,2026-09-16,final,Gombari,Haut-Uele,3,1,,33.3,
124,2026-09-15,2026-09-16,final,Miti-Murhesa,Sud-Kivu,3,1,239135,33.3,1.3
124,2026-09-15,2026-09-16,final,Viadana,Bas-Uele,3,1,,33.3,
124,2026-09-15,2026-09-16,final,Boga,Ituri,2,2,67785,100.0,3.0
124,2026-09-15,2026-09-16,final,Kambala,Ituri,2,0,123772,0.0,1.6
124,2026-09-15,2026-09-16,final,Rungu,Haut-Uele,2,1,102430,50.0,2.0
124,2026-09-15,2026-09-16,final,Bulu,Sud-Ubangi,1,1,,100.0,
124,2026-09-15,2026-09-16,final,Buta,Bas-Uele,1,1,,100.0,
124,2026-09-15,2026-09-16,final,Goma,Nord-Kivu,1,0,251728,0.0,0.4
124,2026-09-15,2026-09-16,final,Kayna,Nord-Kivu,1,0,,0.0,
124,2026-09-15,2026-09-16,final,Lubunga,Tshopo,1,0,158178,0.0,0.6
124,2026-09-15,2026-09-16,final,Tshopo,Tshopo,1,0,,0.0,
124,2026-09-15,2026-09-16,final,Wanie-Rukula,Tshopo,1,1,83522,100.0,1.2
124,2026-09-15,2026-09-16,final,A ventiler,Ituri,,456,,,
125,2026-09-16,2026-09-17,final,Bunia,Ituri,1620,511,268128,31.5,604.2
125,2026-09-16,2026-09-17,final,Rwampara,Ituri,1032,350,134068,33.9,769.8
125,2026-09-16,2026-09-17,final,Nizi,Ituri,743,273,141651,36.7,524.5
125,2026-09-16,2026-09-17,final,Mongbwalu,Ituri,672,308,133371,45.8,503.9
125,2026-09-16,2026-09-17,final,Katwa,Nord-Kivu,536,339,411346,63.2,130.3
125,2026-09-16,2026-09-17,final,Mangala,Ituri,326,146,92662,44.8,351.8
125,2026-09-16,2026-09-17,final,Lita,Ituri,267,132,128175,49.4,208.3
125,2026-09-16,2026-09-17,final,Beni,Nord-Kivu,255,183,382409,71.8,66.7
125,2026-09-16,2026-09-17,final,Nia-Nia,Ituri,253,132,71361,52.2,354.5
125,2026-09-16,2026-09-17,final,Butembo,Nord-Kivu,244,157,316182,64.3,77.2
125,2026-09-16,2026-09-17,final,Bambu,Ituri,183,39,148752,21.3,123.0
125,2026-09-16,2026-09-17,final,Komanda,Ituri,138,88,184816,63.8,74.7
125,2026-09-16,2026-09-17,final,Nyankunde,Ituri,125,36,97949,28.8,127.6
125,2026-09-16,2026-09-17,final,Musienene,Nord-Kivu,118,64,249370,54.2,47.3
125,2026-09-16,2026-09-17,final,Isiro,Haut-Uele,98,42,244412,42.9,40.1
125,2026-09-16,2026-09-17,final,Wamba,Haut-Uele,92,33,131034,35.9,70.2
125,2026-09-16,2026-09-17,final,Fataki,Ituri,80,30,128262,37.5,62.4
125,2026-09-16,2026-09-17,final,Tchomia,Ituri,75,25,110386,33.3,67.9
125,2026-09-16,2026-09-17,final,Pawa,Haut-Uele,63,26,166992,41.3,37.7
125,2026-09-16,2026-09-17,final,Mandima,Ituri,59,33,138196,55.9,42.7
125,2026-09-16,2026-09-17,final,Damas,Ituri,40,9,116731,22.5,34.3
125,2026-09-16,2026-09-17,final,Kalunguta,Nord-Kivu,36,12,199559,33.3,18.0
125,2026-09-16,2026-09-17,final,Boma Mangbetu,Haut-Uele,34,15,108493,44.1,31.3
125,2026-09-16,2026-09-17,final,Kilo,Ituri,34,12,55902,35.3,60.8
125,2026-09-16,2026-09-17,final,Kyondo,Nord-Kivu,32,20,215154,62.5,14.9
125,2026-09-16,2026-09-17,final,Lolwa,Ituri,31,8,45779,25.8,67.7
125,2026-09-16,2026-09-17,final,Masereka,Nord-Kivu,24,9,177664,37.5,13.5
125,2026-09-16,2026-09-17,final,Mabalako,Nord-Kivu,22,9,186148,40.9,11.8
125,2026-09-16,2026-09-17,final,Mambasa,Ituri,21,9,95906,42.9,21.9
125,2026-09-16,2026-09-17,final,Vuhovi,Nord-Kivu,20,6,121520,30.0,16.5
125,2026-09-16,2026-09-17,final,Biena,Nord-Kivu,18,7,,38.9,
125,2026-09-16,2026-09-17,final,Drodro,Ituri,15,7,154777,46.7,9.7
125,2026-09-16,2026-09-17,final,Lubero,Nord-Kivu,15,7,266211,46.7,5.6
125,2026-09-16,2026-09-17,final,Logo,Ituri,13,5,240552,38.5,5.4
125,2026-09-16,2026-09-17,final,Aungba,Ituri,12,5,158181,41.7,7.6
125,2026-09-16,2026-09-17,final,Makiso-Kisangani,Tshopo,12,6,194771,50.0,6.2
125,2026-09-16,2026-09-17,final,Oicha,Nord-Kivu,12,10,336160,83.3,3.6
125,2026-09-16,2026-09-17,final,Adja,Ituri,11,1,126314,9.1,8.7
125,2026-09-16,2026-09-17,final,Rimba,Ituri,11,4,211373,36.4,5.2
125,2026-09-16,2026-09-17,final,Manguredjipa,Nord-Kivu,10,3,,30.0,
125,2026-09-16,2026-09-17,final,Ariwara,Ituri,8,2,201273,25.0,4.0
125,2026-09-16,2026-09-17,final,Aru,Ituri,8,6,181110,75.0,4.4
125,2026-09-16,2026-09-17,final,Bafwasende,Tshopo,7,1,,14.3,
125,2026-09-16,2026-09-17,final,Gety,Ituri,7,3,186541,42.9,3.8
125,2026-09-16,2026-09-17,final,Mutwanga,Nord-Kivu,6,2,,33.3,
125,2026-09-16,2026-09-17,final,Kabondo,Tshopo,4,1,176621,25.0,2.3
125,2026-09-16,2026-09-17,final,Mahagi,Ituri,4,1,174551,25.0,2.3
125,2026-09-16,2026-09-17,final,Mangobo,Tshopo,4,2,193112,50.0,2.1
125,2026-09-16,2026-09-17,final,Ganga,Bas-Uele,3,2,,66.7,
125,2026-09-16,2026-09-17,final,Gombari,Haut-Uele,3,1,,33.3,
125,2026-09-16,2026-09-17,final,Miti-Murhesa,Sud-Kivu,3,1,239135,33.3,1.3
125,2026-09-16,2026-09-17,final,Viadana,Bas-Uele,3,1,,33.3,
125,2026-09-16,2026-09-17,final,Boga,Ituri,2,2,67785,100.0,3.0
125,2026-09-16,2026-09-17,final,Kambala,Ituri,2,0,123772,0.0,1.6
125,2026-09-16,2026-09-17,final,Rungu,Haut-Uele,2,1,102430,50.0,2.0
125,2026-09-16,2026-09-17,final,Bulu,Sud-Ubangi,1,1,,100.0,
125,2026-09-16,2026-09-17,final,Buta,Bas-Uele,1,1,,100.0,
125,2026-09-16,2026-09-17,final,Goma,Nord-Kivu,1,0,251728,0.0,0.4
125,2026-09-16,2026-09-17,final,Kayna,Nord-Kivu,1,0,,0.0,
125,2026-09-16,2026-09-17,final,Lubunga,Tshopo,1,0,158178,0.0,0.6
125,2026-09-16,2026-09-17,final,Tshopo,Tshopo,1,0,,0.0,
125,2026-09-16,2026-09-17,final,Wanie-Rukula,Tshopo,1,1,83522,100.0,1.2
125,2026-09-16,2026-09-17,final,A ventiler,Ituri,,465,,,
126,2026-09-17,2026-09-18,final,Bunia,Ituri,1635,512,268128,31.3,609.8
126,2026-09-17,2026-09-18,final,Rwampara,Ituri,1036,350,134068,33.8,772.7
126,2026-09-17,2026-09-18,final,Nizi,Ituri,748,274,141651,36.6,528.1
126,2026-09-17,2026-09-18,final,Mongbwalu,Ituri,676,312,133371,46.2,506.9
126,2026-09-17,2026-09-18,final,Katwa,Nord-Kivu,538,340,411346,63.2,130.8
126,2026-09-17,2026-09-18,final,Mangala,Ituri,326,146,92662,44.8,351.8
126,2026-09-17,2026-09-18,final,Lita,Ituri,269,133,128175,49.4,209.9
126,2026-09-17,2026-09-18,final,Beni,Nord-Kivu,263,186,382409,70.7,68.8
126,2026-09-17,2026-09-18,final,Nia-Nia,Ituri,253,132,71361,52.2,354.5
126,2026-09-17,2026-09-18,final,Butembo,Nord-Kivu,246,160,316182,65.0,77.8
126,2026-09-17,2026-09-18,final,Bambu,Ituri,186,39,148752,21.0,125.0
126,2026-09-17,2026-09-18,final,Komanda,Ituri,141,88,184816,62.4,76.3
126,2026-09-17,2026-09-18,final,Nyankunde,Ituri,125,36,97949,28.8,127.6
126,2026-09-17,2026-09-18,final,Musienene,Nord-Kivu,119,64,249370,53.8,47.7
126,2026-09-17,2026-09-18,final,Isiro,Haut-Uele,98,42,244412,42.9,40.1
126,2026-09-17,2026-09-18,final,Wamba,Haut-Uele,95,34,131034,35.8,72.5
126,2026-09-17,2026-09-18,final,Fataki,Ituri,80,30,128262,37.5,62.4
126,2026-09-17,2026-09-18,final,Tchomia,Ituri,75,25,110386,33.3,67.9
126,2026-09-17,2026-09-18,final,Pawa,Haut-Uele,63,30,166992,47.6,37.7
126,2026-09-17,2026-09-18,final,Mandima,Ituri,59,33,138196,55.9,42.7
126,2026-09-17,2026-09-18,final,Damas,Ituri,40,9,116731,22.5,34.3
126,2026-09-17,2026-09-18,final,Kalunguta,Nord-Kivu,40,13,199559,32.5,20.0
126,2026-09-17,2026-09-18,final,Boma Mangbetu,Haut-Uele,35,15,108493,42.9,32.3
126,2026-09-17,2026-09-18,final,Kilo,Ituri,34,12,55902,35.3,60.8
126,2026-09-17,2026-09-18,final,Kyondo,Nord-Kivu,32,20,215154,62.5,14.9
126,2026-09-17,2026-09-18,final,Lolwa,Ituri,31,8,45779,25.8,67.7
126,2026-09-17,2026-09-18,final,Masereka,Nord-Kivu,24,9,177664,37.5,13.5
126,2026-09-17,2026-09-18,final,Mabalako,Nord-Kivu,23,10,186148,43.5,12.4
126,2026-09-17,2026-09-18,final,Mambasa,Ituri,21,9,95906,42.9,21.9
126,2026-09-17,2026-09-18,final,Vuhovi,Nord-Kivu,20,6,121520,30.0,16.5
126,2026-09-17,2026-09-18,final,Biena,Nord-Kivu,18,7,,38.9,
126,2026-09-17,2026-09-18,final,Makiso-Kisangani,Tshopo,17,7,194771,41.2,8.7
126,2026-09-17,2026-09-18,final,Drodro,Ituri,15,7,154777,46.7,9.7
126,2026-09-17,2026-09-18,final,Lubero,Nord-Kivu,15,7,266211,46.7,5.6
126,2026-09-17,2026-09-18,final,Logo,Ituri,13,5,240552,38.5,5.4
126,2026-09-17,2026-09-18,final,Aungba,Ituri,12,5,158181,41.7,7.6
126,2026-09-17,2026-09-18,final,Oicha,Nord-Kivu,12,10,336160,83.3,3.6
126,2026-09-17,2026-09-18,final,Rimba,Ituri,12,4,211373,33.3,5.7
126,2026-09-17,2026-09-18,final,Adja,Ituri,11,1,126314,9.1,8.7
126,2026-09-17,2026-09-18,final,Manguredjipa,Nord-Kivu,10,3,,30.0,
126,2026-09-17,2026-09-18,final,Ariwara,Ituri,8,2,201273,25.0,4.0
126,2026-09-17,2026-09-18,final,Aru,Ituri,8,6,181110,75.0,4.4
126,2026-09-17,2026-09-18,final,Mutwanga,Nord-Kivu,8,2,,25.0,
126,2026-09-17,2026-09-18,final,Bafwasende,Tshopo,7,1,,14.3,
126,2026-09-17,2026-09-18,final,Gety,Ituri,7,3,186541,42.9,3.8
126,2026-09-17,2026-09-18,final,Kabondo,Tshopo,4,1,176621,25.0,2.3
126,2026-09-17,2026-09-18,final,Mahagi,Ituri,4,1,174551,25.0,2.3
126,2026-09-17,2026-09-18,final,Mangobo,Tshopo,4,2,193112,50.0,2.1
126,2026-09-17,2026-09-18,final,Ganga,Bas-Uele,3,2,,66.7,
126,2026-09-17,2026-09-18,final,Gombari,Haut-Uele,3,1,,33.3,
126,2026-09-17,2026-09-18,final,Miti-Murhesa,Sud-Kivu,3,1,239135,33.3,1.3
126,2026-09-17,2026-09-18,final,Viadana,Bas-Uele,3,1,,33.3,
126,2026-09-17,2026-09-18,final,Boga,Ituri,2,2,67785,100.0,3.0
126,2026-09-17,2026-09-18,final,Kambala,Ituri,2,0,123772,0.0,1.6
126,2026-09-17,2026-09-18,final,Rungu,Haut-Uele,2,1,102430,50.0,2.0
126,2026-09-17,2026-09-18,final,Bulu,Sud-Ubangi,1,1,,100.0,
126,2026-09-17,2026-09-18,final,Buta,Bas-Uele,1,1,,100.0,
126,2026-09-17,2026-09-18,final,Goma,Nord-Kivu,1,0,251728,0.0,0.4
126,2026-09-17,2026-09-18,final,Kayna,Nord-Kivu,1,0,,0.0,
126,2026-09-17,2026-09-18,final,Lubunga,Tshopo,1,0,158178,0.0,0.6
126,2026-09-17,2026-09-18,final,Tshopo,Tshopo,1,0,,0.0,
126,2026-09-17,2026-09-18,final,Wanie-Rukula,Tshopo,1,1,83522,100.0,1.2
126,2026-09-17,2026-09-18,final,A ventiler,Ituri,,477,,,
127,2026-09-18,2026-09-19,final,Bunia,Ituri,1646,513,268128,31.2,613.9
127,2026-09-18,2026-09-19,final,Rwampara,Ituri,1043,352,134068,33.7,778.0
127,2026-09-18,2026-09-19,final,Nizi,Ituri,749,274,141651,36.6,528.8
127,2026-09-18,2026-09-19,final,Mongbwalu,Ituri,679,315,133371,46.4,509.1
127,2026-09-18,2026-09-19,final,Katwa,Nord-Kivu,540,342,411346,63.3,131.3
127,2026-09-18,2026-09-19,final,Mangala,Ituri,331,146,92662,44.1,357.2
127,2026-09-18,2026-09-19,final,Lita,Ituri,272,135,128175,49.6,212.2
127,2026-09-18,2026-09-19,final,Beni,Nord-Kivu,271,186,382409,68.6,70.9
127,2026-09-18,2026-09-19,final,Nia-Nia,Ituri,262,140,71361,53.4,367.1
127,2026-09-18,2026-09-19,final,Butembo,Nord-Kivu,249,161,316182,64.7,78.8
127,2026-09-18,2026-09-19,final,Bambu,Ituri,187,39,148752,20.9,125.7
127,2026-09-18,2026-09-19,final,Komanda,Ituri,146,89,184816,61.0,79.0
127,2026-09-18,2026-09-19,final,Nyankunde,Ituri,126,36,97949,28.6,128.6
127,2026-09-18,2026-09-19,final,Musienene,Nord-Kivu,120,65,249370,54.2,48.1
127,2026-09-18,2026-09-19,final,Isiro,Haut-Uele,98,42,244412,42.9,40.1
127,2026-09-18,2026-09-19,final,Wamba,Haut-Uele,95,34,131034,35.8,72.5
127,2026-09-18,2026-09-19,final,Fataki,Ituri,80,30,128262,37.5,62.4
127,2026-09-18,2026-09-19,final,Tchomia,Ituri,75,25,110386,33.3,67.9
127,2026-09-18,2026-09-19,final,Pawa,Haut-Uele,67,32,166992,47.8,40.1
127,2026-09-18,2026-09-19,final,Mandima,Ituri,59,33,138196,55.9,42.7
127,2026-09-18,2026-09-19,final,Kalunguta,Nord-Kivu,41,14,199559,34.1,20.5
127,2026-09-18,2026-09-19,final,Damas,Ituri,40,9,116731,22.5,34.3
127,2026-09-18,2026-09-19,final,Boma Mangbetu,Haut-Uele,36,15,108493,41.7,33.2
127,2026-09-18,2026-09-19,final,Kilo,Ituri,34,12,55902,35.3,60.8
127,2026-09-18,2026-09-19,final,Kyondo,Nord-Kivu,32,20,215154,62.5,14.9
127,2026-09-18,2026-09-19,final,Lolwa,Ituri,31,8,45779,25.8,67.7
127,2026-09-18,2026-09-19,final,Mabalako,Nord-Kivu,24,11,186148,45.8,12.9
127,2026-09-18,2026-09-19,final,Masereka,Nord-Kivu,24,9,177664,37.5,13.5
127,2026-09-18,2026-09-19,final,Mambasa,Ituri,21,9,95906,42.9,21.9
127,2026-09-18,2026-09-19,final,Vuhovi,Nord-Kivu,21,6,121520,28.6,17.3
127,2026-09-18,2026-09-19,final,Makiso-Kisangani,Tshopo,19,8,194771,42.1,9.8
127,2026-09-18,2026-09-19,final,Biena,Nord-Kivu,18,7,,38.9,
127,2026-09-18,2026-09-19,final,Drodro,Ituri,15,7,154777,46.7,9.7
127,2026-09-18,2026-09-19,final,Lubero,Nord-Kivu,15,7,266211,46.7,5.6
127,2026-09-18,2026-09-19,final,Logo,Ituri,13,5,240552,38.5,5.4
127,2026-09-18,2026-09-19,final,Oicha,Nord-Kivu,13,10,336160,76.9,3.9
127,2026-09-18,2026-09-19,final,Aungba,Ituri,12,5,158181,41.7,7.6
127,2026-09-18,2026-09-19,final,Rimba,Ituri,12,4,211373,33.3,5.7
127,2026-09-18,2026-09-19,final,Adja,Ituri,11,1,126314,9.1,8.7
127,2026-09-18,2026-09-19,final,Manguredjipa,Nord-Kivu,10,3,,30.0,
127,2026-09-18,2026-09-19,final,Ariwara,Ituri,8,2,201273,25.0,4.0
127,2026-09-18,2026-09-19,final,Aru,Ituri,8,6,181110,75.0,4.4
127,2026-09-18,2026-09-19,final,Mutwanga,Nord-Kivu,8,2,,25.0,
127,2026-09-18,2026-09-19,final,Bafwasende,Tshopo,7,1,,14.3,
127,2026-09-18,2026-09-19,final,Gety,Ituri,7,3,186541,42.9,3.8
127,2026-09-18,2026-09-19,final,Kabondo,Tshopo,5,1,176621,20.0,2.8
127,2026-09-18,2026-09-19,final,Mahagi,Ituri,4,1,174551,25.0,2.3
127,2026-09-18,2026-09-19,final,Mangobo,Tshopo,4,2,193112,50.0,2.1
127,2026-09-18,2026-09-19,final,Ganga,Bas-Uele,3,2,,66.7,
127,2026-09-18,2026-09-19,final,Gombari,Haut-Uele,3,1,,33.3,
127,2026-09-18,2026-09-19,final,Miti-Murhesa,Sud-Kivu,3,1,239135,33.3,1.3
127,2026-09-18,2026-09-19,final,Viadana,Bas-Uele,3,1,,33.3,
127,2026-09-18,2026-09-19,final,Boga,Ituri,2,2,67785,100.0,3.0
127,2026-09-18,2026-09-19,final,Kambala,Ituri,2,0,123772,0.0,1.6
127,2026-09-18,2026-09-19,final,Rungu,Haut-Uele,2,1,102430,50.0,2.0
127,2026-09-18,2026-09-19,final,Bulu,Sud-Ubangi,1,1,,100.0,
127,2026-09-18,2026-09-19,final,Buta,Bas-Uele,1,1,,100.0,
127,2026-09-18,2026-09-19,final,Dungu,Haut-Uele,1,1,,100.0,
127,2026-09-18,2026-09-19,final,Goma,Nord-Kivu,1,0,251728,0.0,0.4
127,2026-09-18,2026-09-19,final,Kayna,Nord-Kivu,1,0,,0.0,
127,2026-09-18,2026-09-19,final,Lubunga,Tshopo,1,0,158178,0.0,0.6
127,2026-09-18,2026-09-19,final,Tshopo,Tshopo,1,0,,0.0,
127,2026-09-18,2026-09-19,final,Wanie-Rukula,Tshopo,1,1,83522,100.0,1.2
127,2026-09-18,2026-09-19,final,A ventiler,Ituri,,487,,,
128,2026-09-19,2026-09-20,final,Bunia,Ituri,1654,517,268128,31.3,616.9
128,2026-09-19,2026-09-20,final,Rwampara,Ituri,1046,352,134068,33.7,780.2
128,2026-09-19,2026-09-20,final,Nizi,Ituri,754,274,141651,36.3,532.3
128,2026-09-19,2026-09-20,final,Mongbwalu,Ituri,686,319,133371,46.5,514.4
128,2026-09-19,2026-09-20,final,Katwa,Nord-Kivu,542,343,411346,63.3,131.8
128,2026-09-19,2026-09-20,final,Mangala,Ituri,333,146,92662,43.8,359.4
128,2026-09-19,2026-09-20,final,Beni,Nord-Kivu,275,191,382409,69.5,71.9
128,2026-09-19,2026-09-20,final,Lita,Ituri,273,135,128175,49.5,213.0
128,2026-09-19,2026-09-20,final,Nia-Nia,Ituri,266,141,71361,53.0,372.8
128,2026-09-19,2026-09-20,final,Butembo,Nord-Kivu,252,161,316182,63.9,79.7
128,2026-09-19,2026-09-20,final,Bambu,Ituri,193,39,148752,20.2,129.7
128,2026-09-19,2026-09-20,final,Komanda,Ituri,147,89,184816,60.5,79.5
128,2026-09-19,2026-09-20,final,Nyankunde,Ituri,126,36,97949,28.6,128.6
128,2026-09-19,2026-09-20,final,Musienene,Nord-Kivu,121,65,249370,53.7,48.5
128,2026-09-19,2026-09-20,final,Wamba,Haut-Uele,99,34,131034,34.3,75.6
128,2026-09-19,2026-09-20,final,Isiro,Haut-Uele,98,42,244412,42.9,40.1
128,2026-09-19,2026-09-20,final,Fataki,Ituri,81,30,128262,37.0,63.2
128,2026-09-19,2026-09-20,final,Tchomia,Ituri,75,25,110386,33.3,67.9
128,2026-09-19,2026-09-20,final,Pawa,Haut-Uele,68,32,166992,47.1,40.7
128,2026-09-19,2026-09-20,final,Mandima,Ituri,59,33,138196,55.9,42.7
128,2026-09-19,2026-09-20,final,Kalunguta,Nord-Kivu,43,15,199559,34.9,21.5
128,2026-09-19,2026-09-20,final,Damas,Ituri,40,9,116731,22.5,34.3
128,2026-09-19,2026-09-20,final,Boma Mangbetu,Haut-Uele,36,15,108493,41.7,33.2
128,2026-09-19,2026-09-20,final,Kilo,Ituri,34,12,55902,35.3,60.8
128,2026-09-19,2026-09-20,final,Kyondo,Nord-Kivu,32,20,215154,62.5,14.9
128,2026-09-19,2026-09-20,final,Lolwa,Ituri,31,8,45779,25.8,67.7
128,2026-09-19,2026-09-20,final,Mabalako,Nord-Kivu,24,11,186148,45.8,12.9
128,2026-09-19,2026-09-20,final,Masereka,Nord-Kivu,24,9,177664,37.5,13.5
128,2026-09-19,2026-09-20,final,Vuhovi,Nord-Kivu,22,6,121520,27.3,18.1
128,2026-09-19,2026-09-20,final,Mambasa,Ituri,21,9,95906,42.9,21.9
128,2026-09-19,2026-09-20,final,Makiso-Kisangani,Tshopo,20,9,194771,45.0,10.3
128,2026-09-19,2026-09-20,final,Biena,Nord-Kivu,18,7,,38.9,
128,2026-09-19,2026-09-20,final,Lubero,Nord-Kivu,16,7,266211,43.8,6.0
128,2026-09-19,2026-09-20,final,Drodro,Ituri,15,7,154777,46.7,9.7
128,2026-09-19,2026-09-20,final,Logo,Ituri,13,5,240552,38.5,5.4
128,2026-09-19,2026-09-20,final,Oicha,Nord-Kivu,13,10,336160,76.9,3.9
128,2026-09-19,2026-09-20,final,Aungba,Ituri,12,5,158181,41.7,7.6
128,2026-09-19,2026-09-20,final,Rimba,Ituri,12,4,211373,33.3,5.7
128,2026-09-19,2026-09-20,final,Adja,Ituri,11,1,126314,9.1,8.7
128,2026-09-19,2026-09-20,final,Manguredjipa,Nord-Kivu,10,3,,30.0,
128,2026-09-19,2026-09-20,final,Ariwara,Ituri,8,2,201273,25.0,4.0
128,2026-09-19,2026-09-20,final,Aru,Ituri,8,6,181110,75.0,4.4
128,2026-09-19,2026-09-20,final,Mutwanga,Nord-Kivu,8,2,,25.0,
128,2026-09-19,2026-09-20,final,Bafwasende,Tshopo,7,1,,14.3,
128,2026-09-19,2026-09-20,final,Gety,Ituri,7,3,186541,42.9,3.8
128,2026-09-19,2026-09-20,final,Kabondo,Tshopo,5,1,176621,20.0,2.8
128,2026-09-19,2026-09-20,final,Mahagi,Ituri,4,1,174551,25.0,2.3
128,2026-09-19,2026-09-20,final,Mangobo,Tshopo,4,2,193112,50.0,2.1
128,2026-09-19,2026-09-20,final,Ganga,Bas-Uele,3,2,,66.7,
128,2026-09-19,2026-09-20,final,Gombari,Haut-Uele,3,1,,33.3,
128,2026-09-19,2026-09-20,final,Miti-Murhesa,Sud-Kivu,3,1,239135,33.3,1.3
128,2026-09-19,2026-09-20,final,Viadana,Bas-Uele,3,1,,33.3,
128,2026-09-19,2026-09-20,final,Boga,Ituri,2,2,67785,100.0,3.0
128,2026-09-19,2026-09-20,final,Kambala,Ituri,2,0,123772,0.0,1.6
128,2026-09-19,2026-09-20,final,Rungu,Haut-Uele,2,1,102430,50.0,2.0
128,2026-09-19,2026-09-20,final,Bulu,Sud-Ubangi,1,1,,100.0,
128,2026-09-19,2026-09-20,final,Buta,Bas-Uele,1,1,,100.0,
128,2026-09-19,2026-09-20,final,Dungu,Haut-Uele,1,1,,100.0,
128,2026-09-19,2026-09-20,final,Goma,Nord-Kivu,1,0,251728,0.0,0.4
128,2026-09-19,2026-09-20,final,Kayna,Nord-Kivu,1,0,,0.0,
128,2026-09-19,2026-09-20,final,Lubunga,Tshopo,1,0,158178,0.0,0.6
128,2026-09-19,2026-09-20,final,Tshopo,Tshopo,1,0,,0.0,
128,2026-09-19,2026-09-20,final,Wanie-Rukula,Tshopo,1,1,83522,100.0,1.2
128,2026-09-19,2026-09-20,final,A ventiler,Ituri,,493,,,
129,2026-09-20,2026-09-21,final,Bunia,Ituri,1662,520,268128,31.3,619.9
129,2026-09-20,2026-09-21,final,Rwampara,Ituri,1054,355,134068,33.7,786.2
129,2026-09-20,2026-09-21,final,Nizi,Ituri,756,276,141651,36.5,533.7
129,2026-09-20,2026-09-21,final,Mongbwalu,Ituri,689,321,133371,46.6,516.6
129,2026-09-20,2026-09-21,final,Katwa,Nord-Kivu,544,344,411346,63.2,132.2
129,2026-09-20,2026-09-21,final,Mangala,Ituri,337,146,92662,43.3,363.7
129,2026-09-20,2026-09-21,final,Beni,Nord-Kivu,281,197,382409,70.1,73.5
129,2026-09-20,2026-09-21,final,Lita,Ituri,275,138,128175,50.2,214.6
129,2026-09-20,2026-09-21,final,Nia-Nia,Ituri,269,145,71361,53.9,377.0
129,2026-09-20,2026-09-21,final,Butembo,Nord-Kivu,252,161,316182,63.9,79.7
129,2026-09-20,2026-09-21,final,Bambu,Ituri,196,40,148752,20.4,131.8
129,2026-09-20,2026-09-21,final,Komanda,Ituri,147,90,184816,61.2,79.5
129,2026-09-20,2026-09-21,final,Nyankunde,Ituri,127,36,97949,28.3,129.7
129,2026-09-20,2026-09-21,final,Musienene,Nord-Kivu,121,65,249370,53.7,48.5
129,2026-09-20,2026-09-21,final,Wamba,Haut-Uele,102,35,131034,34.3,77.8
129,2026-09-20,2026-09-21,final,Isiro,Haut-Uele,99,43,244412,43.4,40.5
129,2026-09-20,2026-09-21,final,Fataki,Ituri,81,30,128262,37.0,63.2
129,2026-09-20,2026-09-21,final,Tchomia,Ituri,75,25,110386,33.3,67.9
129,2026-09-20,2026-09-21,final,Pawa,Haut-Uele,68,32,166992,47.1,40.7
129,2026-09-20,2026-09-21,final,Mandima,Ituri,59,33,138196,55.9,42.7
129,2026-09-20,2026-09-21,final,Kalunguta,Nord-Kivu,47,15,199559,31.9,23.6
129,2026-09-20,2026-09-21,final,Damas,Ituri,40,9,116731,22.5,34.3
129,2026-09-20,2026-09-21,final,Boma Mangbetu,Haut-Uele,36,15,108493,41.7,33.2
129,2026-09-20,2026-09-21,final,Kilo,Ituri,34,12,55902,35.3,60.8
129,2026-09-20,2026-09-21,final,Kyondo,Nord-Kivu,32,20,215154,62.5,14.9
129,2026-09-20,2026-09-21,final,Lolwa,Ituri,31,8,45779,25.8,67.7
129,2026-09-20,2026-09-21,final,Masereka,Nord-Kivu,25,9,177664,36.0,14.1
129,2026-09-20,2026-09-21,final,Vuhovi,Nord-Kivu,25,6,121520,24.0,20.6
129,2026-09-20,2026-09-21,final,Mabalako,Nord-Kivu,24,11,186148,45.8,12.9
129,2026-09-20,2026-09-21,final,Mambasa,Ituri,21,9,95906,42.9,21.9
129,2026-09-20,2026-09-21,final,Lubero,Nord-Kivu,20,10,266211,50.0,7.5
129,2026-09-20,2026-09-21,final,Makiso-Kisangani,Tshopo,20,9,194771,45.0,10.3
129,2026-09-20,2026-09-21,final,Biena,Nord-Kivu,18,7,,38.9,
129,2026-09-20,2026-09-21,final,Drodro,Ituri,15,7,154777,46.7,9.7
129,2026-09-20,2026-09-21,final,Oicha,Nord-Kivu,14,11,336160,78.6,4.2
129,2026-09-20,2026-09-21,final,Logo,Ituri,13,5,240552,38.5,5.4
129,2026-09-20,2026-09-21,final,Aungba,Ituri,12,5,158181,41.7,7.6
129,2026-09-20,2026-09-21,final,Rimba,Ituri,12,4,211373,33.3,5.7
129,2026-09-20,2026-09-21,final,Adja,Ituri,11,1,126314,9.1,8.7
129,2026-09-20,2026-09-21,final,Manguredjipa,Nord-Kivu,11,4,,36.4,
129,2026-09-20,2026-09-21,final,Mutwanga,Nord-Kivu,9,2,,22.2,
129,2026-09-20,2026-09-21,final,Ariwara,Ituri,8,2,201273,25.0,4.0
129,2026-09-20,2026-09-21,final,Aru,Ituri,8,6,181110,75.0,4.4
129,2026-09-20,2026-09-21,final,Bafwasende,Tshopo,7,1,,14.3,
129,2026-09-20,2026-09-21,final,Gety,Ituri,7,3,186541,42.9,3.8
129,2026-09-20,2026-09-21,final,Kabondo,Tshopo,5,1,176621,20.0,2.8
129,2026-09-20,2026-09-21,final,Mahagi,Ituri,4,1,174551,25.0,2.3
129,2026-09-20,2026-09-21,final,Mangobo,Tshopo,4,2,193112,50.0,2.1
129,2026-09-20,2026-09-21,final,Ganga,Bas-Uele,3,2,,66.7,
129,2026-09-20,2026-09-21,final,Gombari,Haut-Uele,3,1,,33.3,
129,2026-09-20,2026-09-21,final,Miti-Murhesa,Sud-Kivu,3,1,239135,33.3,1.3
129,2026-09-20,2026-09-21,final,Viadana,Bas-Uele,3,1,,33.3,
129,2026-09-20,2026-09-21,final,Boga,Ituri,2,2,67785,100.0,3.0
129,2026-09-20,2026-09-21,final,Kambala,Ituri,2,0,123772,0.0,1.6
129,2026-09-20,2026-09-21,final,Rungu,Haut-Uele,2,1,102430,50.0,2.0
129,2026-09-20,2026-09-21,final,Bulu,Sud-Ubangi,1,1,,100.0,
129,2026-09-20,2026-09-21,final,Buta,Bas-Uele,1,1,,100.0,
129,2026-09-20,2026-09-21,final,Dungu,Haut-Uele,1,1,,100.0,
129,2026-09-20,2026-09-21,final,Goma,Nord-Kivu,1,0,251728,0.0,0.4
129,2026-09-20,2026-09-21,final,Kayna,Nord-Kivu,1,0,,0.0,
129,2026-09-20,2026-09-21,final,Lubunga,Tshopo,1,0,158178,0.0,0.6
129,2026-09-20,2026-09-21,final,Tshopo,Tshopo,1,0,,0.0,
129,2026-09-20,2026-09-21,final,Wanie-Rukula,Tshopo,1,1,83522,100.0,1.2
129,2026-09-20,2026-09-21,final,A ventiler,Ituri,,493,,,
130,2026-09-21,2026-09-22,final,Bunia,Ituri,1666,523,268128,31.4,621.3
130,2026-09-21,2026-09-22,final,Rwampara,Ituri,1056,358,134068,33.9,787.7
130,2026-09-21,2026-09-22,final,Nizi,Ituri,761,276,141651,36.3,537.2
130,2026-09-21,2026-09-22,final,Mongbwalu,Ituri,691,322,133371,46.6,518.1
130,2026-09-21,2026-09-22,final,Katwa,Nord-Kivu,544,344,411346,63.2,132.2
130,2026-09-21,2026-09-22,final,Mangala,Ituri,341,149,92662,43.7,368.0
130,2026-09-21,2026-09-22,final,Beni,Nord-Kivu,289,204,382409,70.6,75.6
130,2026-09-21,2026-09-22,final,Lita,Ituri,276,138,128175,50.0,215.3
130,2026-09-21,2026-09-22,final,Nia-Nia,Ituri,269,148,71361,55.0,377.0
130,2026-09-21,2026-09-22,final,Butembo,Nord-Kivu,253,162,316182,64.0,80.0
130,2026-09-21,2026-09-22,final,Bambu,Ituri,196,41,148752,20.9,131.8
130,2026-09-21,2026-09-22,final,Komanda,Ituri,147,91,184816,61.9,79.5
130,2026-09-21,2026-09-22,final,Nyankunde,Ituri,127,36,97949,28.3,129.7
130,2026-09-21,2026-09-22,final,Musienene,Nord-Kivu,121,65,249370,53.7,48.5
130,2026-09-21,2026-09-22,final,Wamba,Haut-Uele,105,36,131034,34.3,80.1
130,2026-09-21,2026-09-22,final,Isiro,Haut-Uele,99,43,244412,43.4,40.5
130,2026-09-21,2026-09-22,final,Fataki,Ituri,81,30,128262,37.0,63.2
130,2026-09-21,2026-09-22,final,Tchomia,Ituri,75,25,110386,33.3,67.9
130,2026-09-21,2026-09-22,final,Pawa,Haut-Uele,70,32,166992,45.7,41.9
130,2026-09-21,2026-09-22,final,Mandima,Ituri,59,33,138196,55.9,42.7
130,2026-09-21,2026-09-22,final,Kalunguta,Nord-Kivu,49,16,199559,32.7,24.6
130,2026-09-21,2026-09-22,final,Damas,Ituri,40,9,116731,22.5,34.3
130,2026-09-21,2026-09-22,final,Boma Mangbetu,Haut-Uele,36,15,108493,41.7,33.2
130,2026-09-21,2026-09-22,final,Kilo,Ituri,34,12,55902,35.3,60.8
130,2026-09-21,2026-09-22,final,Kyondo,Nord-Kivu,32,20,215154,62.5,14.9
130,2026-09-21,2026-09-22,final,Lolwa,Ituri,31,8,45779,25.8,67.7
130,2026-09-21,2026-09-22,final,Vuhovi,Nord-Kivu,26,7,121520,26.9,21.4
130,2026-09-21,2026-09-22,final,Masereka,Nord-Kivu,25,9,177664,36.0,14.1
130,2026-09-21,2026-09-22,final,Mabalako,Nord-Kivu,24,11,186148,45.8,12.9
130,2026-09-21,2026-09-22,final,Makiso-Kisangani,Tshopo,22,9,194771,40.9,11.3
130,2026-09-21,2026-09-22,final,Mambasa,Ituri,22,9,95906,40.9,22.9
130,2026-09-21,2026-09-22,final,Lubero,Nord-Kivu,20,10,266211,50.0,7.5
130,2026-09-21,2026-09-22,final,Biena,Nord-Kivu,18,7,,38.9,
130,2026-09-21,2026-09-22,final,Drodro,Ituri,15,7,154777,46.7,9.7
130,2026-09-21,2026-09-22,final,Oicha,Nord-Kivu,14,11,336160,78.6,4.2
130,2026-09-21,2026-09-22,final,Logo,Ituri,13,5,240552,38.5,5.4
130,2026-09-21,2026-09-22,final,Aungba,Ituri,12,5,158181,41.7,7.6
130,2026-09-21,2026-09-22,final,Manguredjipa,Nord-Kivu,12,4,,33.3,
130,2026-09-21,2026-09-22,final,Rimba,Ituri,12,4,211373,33.3,5.7
130,2026-09-21,2026-09-22,final,Adja,Ituri,11,1,126314,9.1,8.7
130,2026-09-21,2026-09-22,final,Mutwanga,Nord-Kivu,9,2,,22.2,
130,2026-09-21,2026-09-22,final,Ariwara,Ituri,8,2,201273,25.0,4.0
130,2026-09-21,2026-09-22,final,Aru,Ituri,8,6,181110,75.0,4.4
130,2026-09-21,2026-09-22,final,Bafwasende,Tshopo,7,1,,14.3,
130,2026-09-21,2026-09-22,final,Gety,Ituri,7,3,186541,42.9,3.8
130,2026-09-21,2026-09-22,final,Kabondo,Tshopo,5,1,176621,20.0,2.8
130,2026-09-21,2026-09-22,final,Mangobo,Tshopo,5,3,193112,60.0,2.6
130,2026-09-21,2026-09-22,final,Mahagi,Ituri,4,1,174551,25.0,2.3
130,2026-09-21,2026-09-22,final,Ganga,Bas-Uele,3,2,,66.7,
130,2026-09-21,2026-09-22,final,Gombari,Haut-Uele,3,1,,33.3,
130,2026-09-21,2026-09-22,final,Miti-Murhesa,Sud-Kivu,3,1,239135,33.3,1.3
130,2026-09-21,2026-09-22,final,Viadana,Bas-Uele,3,1,,33.3,
130,2026-09-21,2026-09-22,final,Boga,Ituri,2,2,67785,100.0,3.0
130,2026-09-21,2026-09-22,final,Kambala,Ituri,2,0,123772,0.0,1.6
130,2026-09-21,2026-09-22,final,Rungu,Haut-Uele,2,1,102430,50.0,2.0
130,2026-09-21,2026-09-22,final,Bulu,Sud-Ubangi,1,1,,100.0,
130,2026-09-21,2026-09-22,final,Buta,Bas-Uele,1,1,,100.0,
130,2026-09-21,2026-09-22,final,Dungu,Haut-Uele,1,1,,100.0,
130,2026-09-21,2026-09-22,final,Goma,Nord-Kivu,1,0,251728,0.0,0.4
130,2026-09-21,2026-09-22,final,Kayna,Nord-Kivu,1,0,,0.0,
130,2026-09-21,2026-09-22,final,Lubunga,Tshopo,1,0,158178,0.0,0.6
130,2026-09-21,2026-09-22,final,Tshopo,Tshopo,1,0,,0.0,
130,2026-09-21,2026-09-22,final,Wanie-Rukula,Tshopo,1,1,83522,100.0,1.2
130,2026-09-21,2026-09-22,final,A ventiler,Ituri,,493,,,
131,2026-09-22,2026-09-23,final,Bunia,Ituri,1678,528,268128,31.5,625.8
131,2026-09-22,2026-09-23,final,Rwampara,Ituri,1061,359,134068,33.8,791.4
131,2026-09-22,2026-09-23,final,Nizi,Ituri,762,276,141651,36.2,537.9
131,2026-09-22,2026-09-23,final,Mongbwalu,Ituri,692,323,133371,46.7,518.9
131,2026-09-22,2026-09-23,final,Katwa,Nord-Kivu,548,348,411346,63.5,133.2
131,2026-09-22,2026-09-23,final,Mangala,Ituri,341,149,92662,43.7,368.0
131,2026-09-22,2026-09-23,final,Beni,Nord-Kivu,292,204,382409,69.9,76.4
131,2026-09-22,2026-09-23,final,Lita,Ituri,276,138,128175,50.0,215.3
131,2026-09-22,2026-09-23,final,Nia-Nia,Ituri,269,149,71361,55.4,377.0
131,2026-09-22,2026-09-23,final,Butembo,Nord-Kivu,253,162,316182,64.0,80.0
131,2026-09-22,2026-09-23,final,Bambu,Ituri,197,41,148752,20.8,132.4
131,2026-09-22,2026-09-23,final,Komanda,Ituri,153,93,184816,60.8,82.8
131,2026-09-22,2026-09-23,final,Nyankunde,Ituri,127,37,97949,29.1,129.7
131,2026-09-22,2026-09-23,final,Musienene,Nord-Kivu,121,65,249370,53.7,48.5
131,2026-09-22,2026-09-23,final,Wamba,Haut-Uele,105,36,131034,34.3,80.1
131,2026-09-22,2026-09-23,final,Isiro,Haut-Uele,99,43,244412,43.4,40.5
131,2026-09-22,2026-09-23,final,Fataki,Ituri,81,30,128262,37.0,63.2
131,2026-09-22,2026-09-23,final,Tchomia,Ituri,75,25,110386,33.3,67.9
131,2026-09-22,2026-09-23,final,Pawa,Haut-Uele,70,33,166992,47.1,41.9
131,2026-09-22,2026-09-23,final,Mandima,Ituri,66,36,138196,54.5,47.8
131,2026-09-22,2026-09-23,final,Kalunguta,Nord-Kivu,49,16,199559,32.7,24.6
131,2026-09-22,2026-09-23,final,Damas,Ituri,40,9,116731,22.5,34.3
131,2026-09-22,2026-09-23,final,Boma Mangbetu,Haut-Uele,36,15,108493,41.7,33.2
131,2026-09-22,2026-09-23,final,Kilo,Ituri,34,12,55902,35.3,60.8
131,2026-09-22,2026-09-23,final,Kyondo,Nord-Kivu,32,20,215154,62.5,14.9
131,2026-09-22,2026-09-23,final,Lolwa,Ituri,32,8,45779,25.0,69.9
131,2026-09-22,2026-09-23,final,Vuhovi,Nord-Kivu,27,8,121520,29.6,22.2
131,2026-09-22,2026-09-23,final,Masereka,Nord-Kivu,25,9,177664,36.0,14.1
131,2026-09-22,2026-09-23,final,Mabalako,Nord-Kivu,24,11,186148,45.8,12.9
131,2026-09-22,2026-09-23,final,Mambasa,Ituri,23,9,95906,39.1,24.0
131,2026-09-22,2026-09-23,final,Makiso-Kisangani,Tshopo,22,9,194771,40.9,11.3
131,2026-09-22,2026-09-23,final,Lubero,Nord-Kivu,20,10,266211,50.0,7.5
131,2026-09-22,2026-09-23,final,Biena,Nord-Kivu,18,7,,38.9,
131,2026-09-22,2026-09-23,final,Drodro,Ituri,15,7,154777,46.7,9.7
131,2026-09-22,2026-09-23,final,Oicha,Nord-Kivu,15,11,336160,73.3,4.5
131,2026-09-22,2026-09-23,final,Logo,Ituri,13,5,240552,38.5,5.4
131,2026-09-22,2026-09-23,final,Manguredjipa,Nord-Kivu,13,4,,30.8,
131,2026-09-22,2026-09-23,final,Aungba,Ituri,12,5,158181,41.7,7.6
131,2026-09-22,2026-09-23,final,Rimba,Ituri,12,4,211373,33.3,5.7
131,2026-09-22,2026-09-23,final,Adja,Ituri,11,1,126314,9.1,8.7
131,2026-09-22,2026-09-23,final,Mutwanga,Nord-Kivu,10,2,,20.0,
131,2026-09-22,2026-09-23,final,Ariwara,Ituri,8,2,201273,25.0,4.0
131,2026-09-22,2026-09-23,final,Aru,Ituri,8,6,181110,75.0,4.4
131,2026-09-22,2026-09-23,final,Bafwasende,Tshopo,7,1,,14.3,
131,2026-09-22,2026-09-23,final,Gety,Ituri,7,3,186541,42.9,3.8
131,2026-09-22,2026-09-23,final,Kabondo,Tshopo,5,1,176621,20.0,2.8
131,2026-09-22,2026-09-23,final,Mangobo,Tshopo,5,3,193112,60.0,2.6
131,2026-09-22,2026-09-23,final,Mahagi,Ituri,4,1,174551,25.0,2.3
131,2026-09-22,2026-09-23,final,Ganga,Bas-Uele,3,2,,66.7,
131,2026-09-22,2026-09-23,final,Gombari,Haut-Uele,3,1,,33.3,
131,2026-09-22,2026-09-23,final,Miti-Murhesa,Sud-Kivu,3,1,239135,33.3,1.3
131,2026-09-22,2026-09-23,final,Viadana,Bas-Uele,3,1,,33.3,
131,2026-09-22,2026-09-23,final,Boga,Ituri,2,2,67785,100.0,3.0
131,2026-09-22,2026-09-23,final,Bulu,Sud-Ubangi,2,1,,50.0,
131,2026-09-22,2026-09-23,final,Kambala,Ituri,2,0,123772,0.0,1.6
131,2026-09-22,2026-09-23,final,Rungu,Haut-Uele,2,1,102430,50.0,2.0
131,2026-09-22,2026-09-23,final,Buta,Bas-Uele,1,1,,100.0,
131,2026-09-22,2026-09-23,final,Dungu,Haut-Uele,1,1,,100.0,
131,2026-09-22,2026-09-23,final,Goma,Nord-Kivu,1,0,251728,0.0,0.4
131,2026-09-22,2026-09-23,final,Kayna,Nord-Kivu,1,0,,0.0,
131,2026-09-22,2026-09-23,final,Lubunga,Tshopo,1,0,158178,0.0,0.6
131,2026-09-22,2026-09-23,final,Tshopo,Tshopo,1,0,,0.0,
131,2026-09-22,2026-09-23,final,Wanie-Rukula,Tshopo,1,1,83522,100.0,1.2
131,2026-09-22,2026-09-23,final,A ventiler,Ituri,,493,,,
